,Unnamed: 0,_id,diagnosa,grouped_diagnosa,icd10_label,icd9_label
17767,8700,66dc3ef0ea39b22abc0525e7,RRD OS,Ablasio retina regmatogenosa,H33.5 -- Other retinal detachments,"90.59--Microscopic examination of blood, Other microscopic examination"
12876,2189,65f11246aff1d5e12904d27e,RRD OS,Ablasio retina regmatogenosa,H33.0--Retinal detachment with retinal break,14.74--Other mechanical vitrectomy
15239,5337,665d33d2ebe6340ac70d7833,RRD OS,Ablasio retina regmatogenosa,H33.0 -- Retinal detachment with retinal break,14.74 -- Other mechanical vitrectomy
2281,2619,672ac01ab045f68f54023248,Dispnoe ec ADHF,Acute Decompensated Heart Failure,,
449,520,6764b96e87d492eb69057830,ADHF,Acute Decompensated Heart Failure,Z09.8 - Follow-up examination after other treatment for other conditions,
4309,5055,66e0e520eeb0e270790dd451,ADHF,Acute Decompensated Heart Failure,I21.4 - Acute subendocardial myocardial infarction,
2384,2751,672830ef4c06ee0b09039c30,ADHF ec CAD,Acute Decompensated Heart Failure,Z09.8-Follow-up examination after other treatment for other conditions,
2101,2408,67316f9a13fcc622410bd873,AKI,Acute Kidney Disease,,
6056,7145,669ef7dc43dbe01f9b0a9d60,alo,Acute Lung Oedema,J81 - Pulmonary oedema,
393,453,6768b01e9080fb0162040f9a,ADHF dd ALO,Acute Lung Oedema,Z09.8 - Follow-up examination after other treatment for other conditions,
9152,10894,660a3697291f2046730f3636,ALO (edem paru),Acute Lung Oedema,J81-Pulmonary oedema,
8006,9474,664ac2c0183aeae49b057f1f,ALO,Acute Lung Oedema,I50.1 - Left ventricular failure,
4463,5246,66da65f51ac0943d7c07c157,TETRALOGY OF FALLOT,Acute Lung Oedema,,
3517,4081,66ff566d63be03c0bb0573b5,ADHF/ALO,Acute Lung Oedema,I50.0 - Congestive heart failure,
1526,1752,6743e57a19bb278aab0bbdb9,edem pulmo,Acute Lung Oedema,Z09.8-Follow-up examination after other treatment for other conditions,
2499,2888,6722dcaba25504319d0c382a,Anemia berat,Anemia,,
2158,2476,672d7c11e53f6e337505284a,anemia gravis,Anemia,- - Belum di Isi,
991,1131,67565db90c3475dad90ac50b,anemia,Anemia,Z09.8 - Follow-up examination after other treatment for other conditions,
7893,9342,664d4289c166198cee0b7df3,anemia,Anemia,"D64.9 - Anaemia, unspecified",
381,439,6768b73f780f06a99e09248b,Anemia,Anemia,Z09.8-Follow-up examination after other treatment for other conditions,
1096,1256,675124fc501a3fd70402b76a,Angina,Angina Pectoris,R07.3 - Other chest pain,
93,100,67720ca3e12084d9ec0bb1cc,Angina pectoris ccs 2,Angina Pectoris,,
1518,1744,6743e82c7610f1287b046b39,Angina pectoris CCS IV,Angina Pectoris,"I20.9-Angina pectoris, unspecified",
548,630,676230c3945b3958cd0c87a1,angina pectoris,Angina Pectoris,I20.0 - Unstable angina,
1587,1822,673fd0aad0cd8ce8fc09570c,AP,Angina Pectoris,--Belum di Isi,
11247,13710,659ccc15b04bcd7be8052a70,Angina pectrois,Angina Pectoris,I20-Angina pectoris,
479,555,6763774fb0672d98df09706f,Angina pectoris,Angina Pectoris,Z09.8 - Follow-up examination after other treatment for other conditions,
426,494,6764c90e4b6167e62f0f99ff,APS,Angina Pectoris,Z09.8-Follow-up examination after other treatment for other conditions,
102,115,677204908c8d69a67a08a8d1,Angina pectoris CCS IV,Angina Pectoris,"I20.9 - Angina pectoris, unspecified",
859,978,675a20c0b681e913fd019b94,Angina pectoris,Angina Pectoris,I25.1-Atherosclerotic heart disease,
0,0,6773764fbafdbc92fc0184ac,APS CCS II,Angina Pectoris,I25.1 - Atherosclerotic heart disease,
4151,4826,66e90105bb5d2775090ffa0a,Angiuna pectoris,Angina Pectoris,I20.0-Unstable angina,
3096,3602,670f0a6126de633ee60a03da,APS,Angina Pectoris,I20 - Angina pectoris,
4696,5517,66d50075e898b014eb0dee17,aps,Angina Pectoris,D82.3 - Immunodeficiency following hereditary defective response to Epstein-Barr virus,
3537,4103,66ff3ec474ef983f0709856d,AP,Angina Pectoris,I21 - Acute myocardial infarction,
4214,4899,66e3abcd8ca4821f9603c505,ATCYPICAL ANGINA,Angina Pectoris,- - Belum di Isi,
233,269,676df0087c5dd29e0c096a05,aortic regurgitation (severe),Aortic Regurgitation,Z09.8 - Follow-up examination after other treatment for other conditions,
387,447,6768b210780f06a99e092451,aortic regurgitation (mild moderate),Aortic Regurgitation,I35.1 - Aortic (valve) insufficiency,
484,561,6763758d5a0c850fdf0b0b3a,AR Severe,Aortic Regurgitation,,
502,581,67636c4159411ee7120778e6,CHF (MS Ssevere+ AR Moderate),Aortic Regurgitation,I50.0 - Congestive heart failure,
977,1113,6757855d9bbda90d110f576c,AR,Aortic Regurgitation,I06.1-Rheumatic aortic insufficiency,
4134,4806,66ea233c317a238eda0b8d35,AR Severe,Aortic Regurgitation,I50.0-Congestive heart failure,
1132,1296,6750fe2cba52afd92605693c,AR Moderate,Aortic Regurgitation,Z09.8-Follow-up examination after other treatment for other conditions,
2718,3149,671af606cc1ea8096c0a5f3a,AR,Aortic Regurgitation,I35.1-Aortic (valve) insufficiency,
3857,4467,66f4ad43c4685999a60c924a,AR,Aortic Regurgitation,I06.1 - Rheumatic aortic insufficiency,
171,192,676e1e28bf8b85849f0edc0e,Ar severe,Aortic Regurgitation,I08.0 - Disorders of both mitral and aortic valves,
1178,1346,674fb0266c03e5b5ca087012,aortic regurgitatioan,Aortic Regurgitation,- - Belum di Isi,
3119,3633,670dcd3d5067ca88e2018af6,AR,Aortic Regurgitation,I08.0-Disorders of both mitral and aortic valves,
7912,9362,664d38a81e9e114179044e82,AS,Aortic Stenosis,I25.1 - Atherosclerotic heart disease,
66,72,67733827fc2d077b7a0aa553,Aorta stenosiS (severe),Aortic Stenosis,I35.0 - Aortic (valve) stenosis,
1191,1362,674fa90b463c8b886f08b0ce,AS,Aortic Stenosis,Z09.8-Follow-up examination after other treatment for other conditions,
949,1080,67579b4ab67d87d9e608fff6,AS,Aortic Stenosis,Z09.8 - Follow-up examination after other treatment for other conditions,
9908,11814,65e51f815bd43c28a80763e4,Aorta Stenosis,Aortic Stenosis,I35.1 - Aortic (valve) insufficiency,
5201,6117,66be9adffd2b125092074ddb,Aorta stenosiS,Aortic Stenosis,D82.3 - Immunodeficiency following hereditary defective response to Epstein-Barr virus,
5161,6068,66bec3df25b6e3dfbc02a057,aorta stenosis,Aortic Stenosis,Q25.3 - Stenosis of aorta,
1473,1693,67451c85eae94f6b650e40b7,Aorta stenosiS (severe),Aortic Stenosis,,
4096,4754,66eb7750caf02463470d4d24,AVR,Aortic Valve Area Repair,,
8629,10244,662ee9c792e75363080a2473,AVA repair,Aortic Valve Area Repair,Z09.8 - Follow-up examination after other treatment for other conditions,
4449,5229,66dbaad5d91ca383350b54fa,Aritmia cordis on prepare treadmill test,Aritmia,I49.8 - Other specified cardiac arrhythmias,
10457,12567,65c9745ba193aeb786039ec9,Aritmia cordis,Aritmia,I49 - Other cardiac arrhythmias,
2117,2426,6731656ad2a12b1793062993,Aritmia cordis,Aritmia,"I20.9 - Angina pectoris, unspecified",
6138,7251,669858a944c12aec5904153a,Aritmia cordis,Aritmia,- - Belum di Isi,
1036,1187,67526d824c45cf48170c475c,Aritmia cordis,Aritmia,Z09.8 - Follow-up examination after other treatment for other conditions,
4998,5878,66c7cfc0727650eade0f1f05,Arithmia perbaikan,Aritmia,I49.3 - Ventricular premature depolarization,
11018,13367,65a875f646d9682dc8097de8,Aritmia cordis,Aritmia,I49.8-Other specified cardiac arrhythmias,
1471,1691,67451d9ecf602be5170ebc86,Aritmia cordis,Aritmia,"I49.9-Cardiac arrhythmia, unspecified",
98,111,677206e014f2b15bc4046003,Aritmia cordis,Aritmia,,
143,160,6771e6676d135e46e7070243,Aritmia cordis,Aritmia,"I49.9 - Cardiac arrhythmia, unspecified",
149,167,6771e2e4d7341880cd08e21b,Asma bronkiale,Asma,Z09.8 - Follow-up examination after other treatment for other conditions,
489,567,6763711bb0672d98df097033,Asma bronkiale,Asma,,
948,1079,67579c9905feaeb5d3076114,asma bronchiale,Asma,Z09.8-Follow-up examination after other treatment for other conditions,
2391,2760,672828c0403d76b0810ae5ed,Asma bronkhiale,Asma,"J45.9-Asthma, unspecified",
7995,9461,664ad26f204fb6077d0ad1a6,asma,Asma,"J45.9 - Asthma, unspecified",
116,130,6771f7eb14f2b15bc4045f95,ASHD,Atherosclerosis Heart Disease,I25.1-Atherosclerotic heart disease,
745,851,675cdc1178bf9d431f0a2641,ASHD,Atherosclerosis Heart Disease,"R07.4 - Chest pain, unspecified",
89,95,6772100028d07fdc1b064e58,ASHD,Atherosclerosis Heart Disease,D82.3 - Immunodeficiency following hereditary defective response to Epstein-Barr virus,
1296,1489,674d130d67f5b695230befe3,ASHD,Atherosclerosis Heart Disease,- - Belum di Isi,
73,79,677335f49ca68008fe015cb8,ashd,Atherosclerosis Heart Disease,I25.1 - Atherosclerotic heart disease,
2181,2502,672d65b2d344ecc9bc02a545,ASHD,Atherosclerosis Heart Disease,I11.9 - Hypertensive heart disease without (congestive) heart failure,
9272,11043,66024cbea8f621d3f3087f15,ASHD,Atherosclerosis Heart Disease,"I01.9 - Acute rheumatic heart disease, unspecified",
20,21,67735ec692492de81d0fdae7,ASHD (compensated),Atherosclerosis Heart Disease,,
4270,4982,66e23dcd3e67d3a85c024d70,ASHD,Atherosclerosis Heart Disease,I50.0 - Congestive heart failure,
11037,13396,65a72c19e4eaa1bc0901ed9b,ASHD,Atherosclerosis Heart Disease,"I25.0-Atherosclerotic cardiovascular disease, so described",
200,227,676e09ef0d9a23578f0791d6,ashd,Atherosclerosis Heart Disease,Z09.8-Follow-up examination after other treatment for other conditions,
7891,9340,664d43a22fd16fced404673c,ASHD,Atherosclerosis Heart Disease,I25.2-Old myocardial infarction,
15,16,6773626d3a4656b6e10ae95a,ASHD,Atherosclerosis Heart Disease,Z09.8 - Follow-up examination after other treatment for other conditions,
7934,9387,664c1759b8a171232402d669,ASHD (compensated),Atherosclerosis Heart Disease,Q24.8 - Other specified congenital malformations of heart,
817,933,675a4f3c0e941a470e0c311c,AF,Atrial Fibrillation,I48-Atrial fibrillation and flutter,
5766,6804,66a98513af228bc1af0f3846,AF,Atrial Fibrillation,D82.3-Immunodeficiency following hereditary defective response to Epstein-Barr virus,
96,105,67720a62f0212404cd0fef71,AF,Atrial Fibrillation,Z09.8 - Follow-up examination after other treatment for other conditions,
7661,9071,665929d697289b87c00f4725,AF,Atrial Fibrillation,"I09.9 - Rheumatic heart disease, unspecified",
88,94,67721012328b5d11850b7549,AF,Atrial Fibrillation,I48 - Atrial fibrillation and flutter,
1646,1894,673e81168367613e9f0d86b9,AF,Atrial Fibrillation,I25.1 - Atherosclerotic heart disease,
168,189,676e204e07f8ea0d070fa830,AF rvr,Atrial Fibrillation,--Belum di Isi,
2216,2544,672c1dd69cb35ccf9f0304c7,AF,Atrial Fibrillation,I06.1 - Rheumatic aortic insufficiency,
2226,2558,672c181077a3523f4a073734,AF,Atrial Fibrillation,D82.3 - Immunodeficiency following hereditary defective response to Epstein-Barr virus,
1525,1751,6743e5f89f778e11440fa980,Atrial fibrillation,Atrial Fibrillation,- - Belum di Isi,
594,680,6762132b0677eaf8ee032529,AF,Atrial Fibrillation,,
27,29,677358546ddc0bdd2a09264a,AF RVR,Atrial Fibrillation,Z09.8-Follow-up examination after other treatment for other conditions,
3260,3791,670883d7a4771f468e0a1fda,AF,Atrial Fibrillation,"I01.9 - Acute rheumatic heart disease, unspecified",
891,1015,6758ef82e1c304b5a70bb2b3,ASD II,Atrial Septal Defect,I23.1-Atrial septal defect as current complication following acute myocardial infarction,
898,1022,6758ea0fb5b29239c90a35ef,ASD Closure,Atrial Septal Defect,D82.3 - Immunodeficiency following hereditary defective response to Epstein-Barr virus,
468,543,67637c6d632f2fda590c4e1d,ASD II 2.8-3.8 mm,Atrial Septal Defect,Q21.1 - Atrial septal defect,
451,522,6764b8b88737b984270a5dd4,asd II,Atrial Septal Defect,Z09.8 - Follow-up examination after other treatment for other conditions,
1235,1414,674e5f26f1cb77796f06bd6f,ASD secundum,Atrial Septal Defect,,
3797,4402,66f618491e2d72e1f4059779,ASD II,Atrial Septal Defect,I23.1 - Atrial septal defect as current complication following acute myocardial infarction,
5335,6292,66b96070e9f484c4e30719b2,ASD sekundum,Atrial Septal Defect,- - Belum di Isi,
2570,2973,672185dba74aa7804d0ecc1c,ASD-2,Atrial Septal Defect,Q21.1-Atrial septal defect,
1979,2269,67340cf47c3be18de50e4ceb,ASD-2 (?),Atrial Septal Defect,I25.1 - Atherosclerotic heart disease,
364,421,6768bf4eca4c7542520b9ff9,ASD,Atrial Septal Defect,Z09.8-Follow-up examination after other treatment for other conditions,
6044,7132,669efdd8192f77e0f306895f,aneurisma aorta abdominal,Aunerisma Aorta,"I71.3 - Abdominal aortic aneurysm, ruptured",
1291,1483,674d16e97479a5f75e0ff417,Aneurisma Aorta,Aunerisma Aorta,Z09.8 - Follow-up examination after other treatment for other conditions,
8384,9932,66384d3b30172159d90bcea0,aneurisma aorta abdominal,Aunerisma Aorta,"I71.4 - Abdominal aortic aneurysm, without mention of rupture",
46,51,6773441cff3d98582f059787,Aneurism ascending aorta,Aunerisma Aorta,,
987,1127,67565fd95090304aae07f37b,Ca mammae,Carcinoma Mammae,"C50.9 - Malignant neoplasm of breast, unspecified",
9568,11402,65f7989ad18309cb8900fcc5,ca mamae,Carcinoma Mammae,Z09.8-Follow-up examination after other treatment for other conditions,
84,90,6772134407e004d3160b0207,Ca Mammae,Carcinoma Mammae,,
490,568,676370b8a58bf8afd10b3bfd,Susp. PPCM -- unlikely,Cardiomiopathy,Z09.8 - Follow-up examination after other treatment for other conditions,
7560,8952,665e6459bd61f9241505e718,Ischemic CMP,Cardiomiopathy,I25.5 - Ischaemic cardiomyopathy,
718,818,675f7f8aeb958a2858040768,Ischemic CMP,Cardiomiopathy,I25.1 - Atherosclerotic heart disease,
642,732,6760d933dd60f12cf607eb96,Susp. PPCM,Cardiomiopathy,O90.3 - Cardiomyopathy in the puerperium,
887,1011,6758f17fc212b79671032828,PPCM (HFrEF: 33%),Cardiomiopathy,I50.0 - Congestive heart failure,
306,354,6769fbcbc7590f8e6a05ff1f,DCM,Cardiomiopathy,I42.0 - Dilated cardiomyopathy,
4246,4947,66e3889ee3b4ec9b1403ee30,PPCM,Cardiomiopathy,--Belum di Isi,
343,397,6768c999932648bf7c027e86,Ischaemic CMP,Cardiomiopathy,Z09.8-Follow-up examination after other treatment for other conditions,
4750,5586,66d113df894a9e2a4b0b37ac,"DCM, CHF",Cardiomiopathy,D82.3 - Immunodeficiency following hereditary defective response to Epstein-Barr virus,
11293,13776,659b656d6415019b780ca327,PPCM,Cardiomiopathy,I42.8 - Other cardiomyopathies,
2506,2898,6722d59ae4dbc2bbdc0a92d7,DCM,Cardiomiopathy,I42.0-Dilated cardiomyopathy,
5338,6297,66b95df5e89e8f4d390454a8,Ischemic CMP,Cardiomiopathy,- - Belum di Isi,
3719,4310,66fb39a6269652565700401b,PPCM,Cardiomiopathy,O90.3-Cardiomyopathy in the puerperium,
8898,10588,662070d12c824e73ad061c27,Ischaemic CMP,Cardiomiopathy,I25.5-Ischaemic cardiomyopathy,
10626,12786,65bc4d7065ff566ee50b0f97,DCM,Cardiomiopathy,"I42.9 - Cardiomyopathy, unspecified",
1203,1375,674fa23592a5ea623a0bbe29,PPCM,Cardiomiopathy,,
5786,6826,66a848da2c54d94e22073c68,HOCM,Cardiomyopathy,Z09.8 - Follow-up examination after other treatment for other conditions,
6845,8125,667b6ef46913bf05cb0d44c7,HOCM,Cardiomyopathy,I42.1-Obstructive hypertrophic cardiomyopathy,
2211,2539,672c24f14c6583ef99087711,HOCM,Cardiomyopathy,Z09.8-Follow-up examination after other treatment for other conditions,
2360,2724,67283f279cdc173f6d0c3313,UAP Chest Pain STEMI,Chest Pain,"I20.9 - Angina pectoris, unspecified",
8782,10430,6625dd51f6a0e619fc07e028,ATRYPICAL CHEST PAIN,Chest Pain,R10.4 - Other and unspecified abdominal pain,
158,179,676e291c17df3acc5208293f,Chest Pain susp. NSTEMI dd/ UAP,Chest Pain,Z09.8 - Follow-up examination after other treatment for other conditions,
508,587,6763693e41ecddce29048b74,Chest pain,Chest Pain,R07.3 - Other chest pain,
4205,4887,66e8c76236ddf9c9a3025062,Atipical Chest Pain,Chest Pain,D82.3-Immunodeficiency following hereditary defective response to Epstein-Barr virus,
24,25,67735978fc2d077b7a0aa652,Atipical Chest Pain,Chest Pain,"R07.4 - Chest pain, unspecified",
385,444,6768b32de87f5efb0d014929,obs chest pain ec STEMI inferior,Chest Pain,I21.1 - Acute transmural myocardial infarction of inferior wall,
190,215,676e0f925a697b08e703f5c7,atypical chest pain,Chest Pain,Z09.8-Follow-up examination after other treatment for other conditions,
4226,4915,66e39aec3d69a09cda00a5b4,ATYPICAL CHEST PAIN,Chest Pain,D82.3 - Immunodeficiency following hereditary defective response to Epstein-Barr virus,
2686,3113,671ee29cf70150db8f063916,Chest Pain ec ACS NSTEMI dd/ UAP,Chest Pain,"R07.4-Chest pain, unspecified",
11,12,677367613fcad640a70ed919,Atipical Chest Pain,Chest Pain,,
1024,1171,6756387eec5022755c0e23d6,APS CCS II-III dd/ atipical chest pain,Chest Pain,I25.1 - Atherosclerotic heart disease,
785,898,675b7fc68b7742b6230f71d4,atipikal chest pain,Chest Pain,- - Belum di Isi,
139,156,6771e7c21feca8bef501113c,CHF (EF 20%),Chronic Heart Failure,- - Belum di Isi,
5409,6386,66b562ac3bf7a9a2e900923f,CHF,Chronic Heart Failure,D82.3 - Immunodeficiency following hereditary defective response to Epstein-Barr virus,
6049,7137,669efb1ae25c22f0bf0ee8df,"CHF, ec Mod-Sev AR",Chronic Heart Failure,I35.1 - Aortic (valve) insufficiency,
9496,11311,65f8ec95302e696a2e0bc7bb,CHF,Chronic Heart Failure,I50-Heart failure,
3,3,6773722d2803009eef037647,CHF,Chronic Heart Failure,Z09.8 - Follow-up examination after other treatment for other conditions,
43,47,67734bb7e5ed9017a20abd1f,CHF,Chronic Heart Failure,Z09.8-Follow-up examination after other treatment for other conditions,
9370,11165,65fd0635064d7e860d0d5313,CHF,Chronic Heart Failure,I11.0 - Hypertensive heart disease with (congestive) heart failure,
184,206,676e1280b5c98705fe060123,CHF,Chronic Heart Failure,,
4882,5741,66cd1e6785475579df0d9862,CHF,Chronic Heart Failure,I31.3 - Pericardial effusion (noninflammatory),
4159,4837,66e8ec1075ed023c8e07c631,Chf,Chronic Heart Failure,--Belum di Isi,
6994,8294,6678bebf823405178405523c,chf,Chronic Heart Failure,I11.9 - Hypertensive heart disease without (congestive) heart failure,
6,6,67736e93be0e33bd5a04d513,CHF,Chronic Heart Failure,I50.0 - Congestive heart failure,
6239,7366,6695c12ad8383cb3af0baa93,CHF,Chronic Heart Failure,I10 - Essential (primary) hypertension,
264,306,676a1d2dd713f4665f0e3218,CHF,Chronic Heart Failure,I50.0-Congestive heart failure,
2100,2407,6731702fc484a8d2df0fec3f,CKD stg V on HD rutin,Chronic Kidney Disease,"N18.5 - Chronic kidney disease, stage 5",
333,386,6768cdd7a6c7ac58ae02d891,CKD,Chronic Kidney Disease,Z09.8 - Follow-up examination after other treatment for other conditions,
4920,5789,66cbe51acaf1a1afce07e4a5,CKD on HD,Chronic Kidney Disease,D82.3 - Immunodeficiency following hereditary defective response to Epstein-Barr virus,
433,502,6764c339a91bb27d6a0793af,CKD,Chronic Kidney Disease,Z09.8-Follow-up examination after other treatment for other conditions,
10904,13230,65adf4fb14155148c30144f7,CKD,Chronic Kidney Disease,"N18.9 - Chronic renal failure, unspecified",
4020,4662,66ece91771a8bb3a360e2b7f,CKD,Chronic Kidney Disease,D82.3-Immunodeficiency following hereditary defective response to Epstein-Barr virus,
585,670,676217020677eaf8ee032551,CKD,Chronic Kidney Disease,"N18.5-Chronic kidney disease, stage 5",
4744,5579,66d117ea894a9e2a4b0b37bf,CKD on HD,Chronic Kidney Disease,I13.0 - Hypertensive heart and renal disease with (congestive) heart failure,
3846,4454,66f4c5ac0a8cbde8080481a9,ckd stgb 2,Chronic Kidney Disease,- - Belum di Isi,
1419,1632,6747b5e6ddd342479605f29b,aki dd ckd,Chronic Kidney Disease,"N17.9-Acute renal failure, unspecified",
7376,8746,666276b5e87f4a091c026d42,ckd,Chronic Kidney Disease,I12.9 - Hypertensive renal disease without renal failure,
7150,8483,666bc76a24c2ad8319085fc3,CKD on HD,Chronic Kidney Disease,I12.0-Hypertensive renal disease with renal failure,
3299,3831,67086c5abc5d30c970008126,ckd,Chronic Kidney Disease,I12.0 - Hypertensive renal disease with renal failure,
687,783,675f9c4270c4dea1c8085129,CKD,Chronic Kidney Disease,,
3573,4143,66fdef1bac6adffd6b0c99af,ckd stgb 2,Chronic Kidney Disease,I50.0 - Congestive heart failure,
450,521,6764b909c3ef6d899d0136d6,CVI,Chronic Venous Insufficiency,Z09.8-Follow-up examination after other treatment for other conditions,
6735,7995,6681ffcdc53b43397e027e33,CVI,Chronic Venous Insufficiency,"I38 - Endocarditis, valve unspecified",
459,533,67638bfdffc6997c6e0307bb,CVI,Chronic Venous Insufficiency,I87.2 - Venous insufficiency (chronic) (peripheral),
823,939,675a4d0bdc73475f340cca3c,CVI,Chronic Venous Insufficiency,I87.2-Venous insufficiency (chronic) (peripheral),
1367,1570,674909da71175b224a07a8e0,cvi,Chronic Venous Insufficiency,D82.3 - Immunodeficiency following hereditary defective response to Epstein-Barr virus,
439,508,6764c0e98c424d9d95073c3e,CVI,Chronic Venous Insufficiency,Z09.8 - Follow-up examination after other treatment for other conditions,
2351,2712,672964bec3cbd984fc0ff91f,CVI,Chronic Venous Insufficiency,,
2769,3208,6719a0a38c9a7bcd2d05e98e,PH e.c susp CPC,Cor Pulmonale Chronic,I27.2 - Other secondary pulmonary hypertension,
1052,1206,67525adabbbb82835b040847,CPC,Cor Pulmonale Chronic,,
9956,11875,65e12f442c45c6a55a0be7f0,CPC,Cor Pulmonale Chronic,I26.9 - Pulmonary embolism without mention of acute cor pulmonale,
10506,12639,65c2ce8ab7b9a26b27004d7b,CPC,Cor Pulmonale Chronic,I26.0-Pulmonary embolism with mention of acute cor pulmonale,
1144,1308,6750f8e9949c73cf1905fe3e,CPC,Cor Pulmonale Chronic,"I27.9 - Pulmonary heart disease, unspecified",
3787,4388,66f61e5cc18c65bd2e0612ae,Susp. SOPT dd/CPC,Cor Pulmonale Chronic,B90.9 - Sequelae of respiratory and unspecified tuberculosis,
4427,5206,66de457354e85803ae05d160,cpc,Cor Pulmonale Chronic,Z09.8-Follow-up examination after other treatment for other conditions,
9722,11588,65ea6a137ad6e749ab0a1c48,CPC,Cor Pulmonale Chronic,I26.9-Pulmonary embolism without mention of acute cor pulmonale,
1438,1653,67453180b69693f2ab0f971a,PH e.c susp CPC,Cor Pulmonale Chronic,I27.2-Other secondary pulmonary hypertension,
5628,6640,66b01e78e61c3a5fa10f8687,cpc,Cor Pulmonale Chronic,D82.3-Immunodeficiency following hereditary defective response to Epstein-Barr virus,
1591,1826,673fce708a116a873c027c82,CPC,Cor Pulmonale Chronic,Z09.8 - Follow-up examination after other treatment for other conditions,
1285,1476,674d1be6d79adbffe809af2f,CAD,Coronary Artery Disease,I35.1 - Aortic (valve) insufficiency,
4252,4959,66e25ced0d198bd8270ed61e,CAD,Coronary Artery Disease,I21.4-Acute subendocardial myocardial infarction,
14,15,67736383b15e9088f00bab2a,CAD,Coronary Artery Disease,,
3586,4161,66fddfb0ad89faa16c0e96c9,CAD NONSIGNIFICAN,Coronary Artery Disease,"I25.0 - Atherosclerotic cardiovascular disease, so described",
331,383,6768d01208cc767dd509f021,CAD,Coronary Artery Disease,- - Belum di Isi,
4453,5233,66da762b35cdb7b3280fd8b7,CAD,Coronary Artery Disease,I21.2-Acute transmural myocardial infarction of other sites,
435,504,6764c201116ad258b0061553,CAD,Coronary Artery Disease,I50.0 - Congestive heart failure,
4678,5495,66d50e7c15ab076eb4060fe7,CAD,Coronary Artery Disease,null - null,
4044,4693,66ecd0fd302e1054b00a1917,CAD,Coronary Artery Disease,E14.9 - Unspecified diabetes mellitus without complications,
4794,5635,66ce9a312706fd199f0090fa,Susp. CAD,Coronary Artery Disease,Z03.8 - Observation for other suspected diseases and conditions,
7534,8921,665e72fc3334bf9503092525,CAD,Coronary Artery Disease,"I50.9 - Heart failure, unspecified",
6962,8262,6678ce95630fd73d570cebef,CAD,Coronary Artery Disease,I42.0-Dilated cardiomyopathy,
505,584,67636a38778fdc217c092d84,CAD,Coronary Artery Disease,--Belum di Isi,
650,740,6760d5db0e4686fc520df27c,CAD3VD,Coronary Artery Disease,D82.3-Immunodeficiency following hereditary defective response to Epstein-Barr virus,
2960,3430,67159ecae4bb6c04030b0e2b,CAD,Coronary Artery Disease,N48.4-Impotence of organic origin,
2429,2805,672447902a09bd10ed0ab54b,CAD,Coronary Artery Disease,I25 - Chronic ischaemic heart disease,
2917,3377,6716ed0437b43a45410d071b,CAD,Coronary Artery Disease,I25.2-Old myocardial infarction,
161,182,676e248abbdcde58f2027d3f,CAD,Coronary Artery Disease,Z09.8-Follow-up examination after other treatment for other conditions,
10744,13004,65b6f2d4b23fd88ecc0ef264,CAD,Coronary Artery Disease,Z95.0 - Presence of cardiac pacemaker,
7793,9223,66553a0d3fcdc10c7100d518,CAD,Coronary Artery Disease,"I25.0-Atherosclerotic cardiovascular disease, so described",
40,44,67734ca21b6c36450e064248,CAD,Coronary Artery Disease,I25.1-Atherosclerotic heart disease,
5292,6228,66bab7dc241f0d9a5f08cdfb,CAD,Coronary Artery Disease,N48.4 - Impotence of organic origin,
129,144,6771ee803a52efa7770acae6,CAD,Coronary Artery Disease,I25-Chronic ischaemic heart disease,
3837,4444,66f5fd0b70930b0d1700077f,CAD PRO CABG,Coronary Artery Disease,I11.9 - Hypertensive heart disease without (congestive) heart failure,
1066,1222,6752513102e2dd8ed70e3887,CAD,Coronary Artery Disease,I25.2 - Old myocardial infarction,
7,7,67736bdcf632251b270321a5,CAD,Coronary Artery Disease,I25.1 - Atherosclerotic heart disease,
8,9,67736a51fcb5f69b0908091e,CAD (paska NSTEMI),Coronary Artery Disease,Z09.8 - Follow-up examination after other treatment for other conditions,
5096,5997,66c3e42be6ed0231370e0534,CAD,Coronary Artery Disease,I70-Atherosclerosis,
10768,13032,65b31f32d32f5cbd660ee37d,cad 3vd,Coronary Artery Disease,Q21.0 - Ventricular septal defect,
1842,2112,6736b810167127bddd0d6dde,CAD,Coronary Artery Disease,D82.3 - Immunodeficiency following hereditary defective response to Epstein-Barr virus,
1319,1514,674cfe1067f5b695230bef5b,DVT Femoral sinistra dd/ CVI,Deep Vein Thrombosis,Z09.8 - Follow-up examination after other treatment for other conditions,
10073,12019,65dd341feb4b3d639f060cdb,DVT,Deep Vein Thrombosis,I80.1 - Phlebitis and thrombophlebitis of femoral vein,
11193,13617,659f72d8bb173e25120fc8a7,DVT,Deep Vein Thrombosis,I82-Other venous embolism and thrombosis,
7542,8930,665e6cee6c666db2460a3a96,DVT,Deep Vein Thrombosis,I87.2-Venous insufficiency (chronic) (peripheral),
3342,3881,6707178d0dffabc1ba0b5fd7,dvt perbaikan,Deep Vein Thrombosis,I80.2-Phlebitis and thrombophlebitis of other deep vessels of lower extremities,
10385,12477,65cacd14f03e6f81c102860b,DVT,Deep Vein Thrombosis,I82.8 - Embolism and thrombosis of other specified veins,
13,14,677363a5fa5ea1fa910d37ec,DVT,Deep Vein Thrombosis,I80.2 - Phlebitis and thrombophlebitis of other deep vessels of lower extremities,
1392,1600,6747cddd232c2a341008eabb,DVT,Deep Vein Thrombosis,,
4155,4833,66e8f758042eb187cd01df64,dm tipe 2,Diabetes Mellitus,--Belum di Isi,
8806,10460,6625b86e4ebbc430300604b0,DM,Diabetes Mellitus,E11-Non-insulin-dependent diabetes mellitus,
34,38,677350099ca68008fe015d80,DM2NO,Diabetes Mellitus,E11.9-Non-insulin-dependent diabetes mellitus without complications,
1809,2076,673a951a7c5e53e68d0031cb,DM,Diabetes Mellitus,E14.9 - Unspecified diabetes mellitus without complications,
2013,2307,6733f7ab523493305f0ee335,DMT2,Diabetes Mellitus,A06.2 - Amoebic nondysenteric colitis,
186,211,676e112ebf8b85849f0edb9a,DM tipe II,Diabetes Mellitus,Z09.8-Follow-up examination after other treatment for other conditions,
916,1045,6758db2c6aaf85352d0a7a58,"CAD, DMT2",Diabetes Mellitus,I25.1 - Atherosclerotic heart disease,
17,18,677361ddbb7ebd1a8d04d513,DM,Diabetes Mellitus,Z09.8 - Follow-up examination after other treatment for other conditions,
6798,8071,667e096bac76e98331070ffc,DMT2,Diabetes Mellitus,E11.9 - Non-insulin-dependent diabetes mellitus without complications,
328,380,6768d169780f06a99e092540,DM,Diabetes Mellitus,D82.3-Immunodeficiency following hereditary defective response to Epstein-Barr virus,
6314,7460,669086461bf80a37a90ac861,dm,Diabetes Mellitus,E14.9-Unspecified diabetes mellitus without complications,
3641,4223,66fc98cf8567666e920779d7,DM typ2,Diabetes Mellitus,,
2795,3236,671990219e16bcfa1c0acbc4,"CAD, DMT2",Diabetes Mellitus,D82.3 - Immunodeficiency following hereditary defective response to Epstein-Barr virus,
2850,3299,67184223604d39fab203457d,DMT2,Diabetes Mellitus,"I09.9 - Rheumatic heart disease, unspecified",
496,575,67636e275a0c850fdf0b0af3,DORV,Double Outlet Right Ventricle,Z09.8 - Follow-up examination after other treatment for other conditions,
3392,3937,6705ce12afddb98c410aac7f,DORV (VSD subpulmonic),Double Outlet Right Ventricle,Q21.0 - Ventricular septal defect,
5404,6375,66b568fa299a68ecc807bbe2,DORV,Double Outlet Right Ventricle,D82.3 - Immunodeficiency following hereditary defective response to Epstein-Barr virus,
3761,4358,66f9f78cf72c901cce076f12,DORV,Double Outlet Right Ventricle,Q20.1 - Double outlet right ventricle,
11054,13443,65a5eea7e240e712160693e6,DORV,Double Outlet Right Ventricle,Q20.1-Double outlet right ventricle,
276,318,676a1143d19902a1550e68af,Dispepsia,Dyspepsia,K30 - Dyspepsia,
7915,9366,664d374b14fd59be160ba7cd,dyspepsia,Dyspepsia,,
1009,1153,6756435516e787cc3d0aeee6,dyspepsia,Dyspepsia,D82.3-Immunodeficiency following hereditary defective response to Epstein-Barr virus,
248,288,676a2ace9b7c2ab095078095,DYSPEPSIA,Dyspepsia,Z09.8 - Follow-up examination after other treatment for other conditions,
4562,5364,66d7b4b7f3912a990a0afeec,dyspepsia,Dyspepsia,"R07.4-Chest pain, unspecified",
202,230,676e06b3df02e9c445007fc7,Dispepsia,Dyspepsia,Z09.8-Follow-up examination after other treatment for other conditions,
907,1033,6758e2dbc212b796710327cc,Obs chest pain ec UAP dd NSTEMI + Sindrom Dispepsia,Dyspepsia,"R07.4 - Chest pain, unspecified",
3646,4229,66fc96678d52d252fb0a1a1c,DYSPEPSIA,Dyspepsia,K30-Dyspepsia,
322,373,6768d58db2313b9b320e386a,obs dyspnea ec ALO,Dyspnea,Z09.8-Follow-up examination after other treatment for other conditions,
83,89,677214c93adb4121210d782f,Obs. Dyspneu,Dyspnea,Z09.8 - Follow-up examination after other treatment for other conditions,
1297,1490,674d12089154c18593078dd4,Obs. dyspnea e.c ALO e.c ADHF,Dyspnea,I50.0 - Congestive heart failure,
4700,5523,66d13823fa668f9dc30cfb8c,dysneu,Dyspnea,R06.0 - Dyspnoea,
996,1136,6756596e66c7ae5f7f0c3969,Dyspneu,Dyspnea,- - Belum di Isi,
9092,10816,660caff98ab4af68580bd8d6,DYSPNEU,Dyspnea,R06.0-Dyspnoea,
4028,4673,66ece32bf3624caa15048e9f,obs dyspnea ec ALO,Dyspnea,,
7928,9381,664c2c94b051d3ca2302ff37,GERD,Gastroesophageal Reflux Disease,,
6371,7535,668ddf916cbac5251c0f10dc,GERD,Gastroesophageal Reflux Disease,I42.0 - Dilated cardiomyopathy,
115,129,6771f98534a5443da40dbfa4,GERD,Gastroesophageal Reflux Disease,K21.9 - Gastro-oesophageal reflux disease without oesophagitis,
3456,4010,6704788160f612c9f00e956c,HFrEF,Heart Failure with Reduced Ejection Fraction,I50.0-Congestive heart failure,
35,39,67734fa5026105c0fc0e231a,HFrEF,Heart Failure with Reduced Ejection Fraction,I50.0 - Congestive heart failure,
71,77,677336acff3d98582f059717,CHFREF,Heart Failure with Reduced Ejection Fraction,Z09.8 - Follow-up examination after other treatment for other conditions,
3908,4527,66f22560b1d890363604e4c0,HFrEF (EF 23%),Heart Failure with Reduced Ejection Fraction,"I50.9 - Heart failure, unspecified",
1785,2049,673aab88914d7fad850ecc40,HFrEF (EF 29%),Heart Failure with Reduced Ejection Fraction,,
499,578,67636d34ecee54064e0a2f57,HFrEF (EF 31%),Heart Failure with Reduced Ejection Fraction,Z09.8-Follow-up examination after other treatment for other conditions,
6116,7221,6699ce7a08966602880f7f63,CHF HFrEF,Heart Failure with Reduced Ejection Fraction,I11.0 - Hypertensive heart disease with (congestive) heart failure,
5746,6774,66a995f8a41b3951750219b6,"HFrEF (low EF), LV Thrombus",Heart Failure with Reduced Ejection Fraction,I25.1 - Atherosclerotic heart disease,
4687,5508,66d503af753d95bdbd03f8d8,"HFrEF (low EF), LV Thrombus",Heart Failure with Reduced Ejection Fraction,I25.1-Atherosclerotic heart disease,
7472,8853,665fc47c15781c4f8c03c625,Hipertensi,Hipertensi,"R00.1 - Bradycardia, unspecified",
6218,7343,6695d8342386b8f0af080ac0,Hipertemnsi grad 2,Hipertensi,I35.1-Aortic (valve) insufficiency,
5889,6953,66a313c8671679b71d0eb11d,Susp. DVT Pedis Dextra+Gluteus sinistra? dd/ Limphatic disorder,Hipertensi,I80.9 - Phlebitis and thrombophlebitis of unspecified site,
164,185,676e22c2d911bbe9e80921b7,Hipertensi,Hipertensi,I12.0-Hypertensive renal disease with renal failure,
5035,5921,66c54c1a526ee4db0c047ce7,Hipertensi,Hipertensi,D82.3 - Immunodeficiency following hereditary defective response to Epstein-Barr virus,
8764,10410,6626ff1e120f739d130083fb,ALO HHD HT CHF CKD Dyspepsia,Hipertensi,K30 - Dyspepsia,
4675,5492,66d513fe7ae972e65f074ef8,PH,Hipertensi,I27.2-Other secondary pulmonary hypertension,
4249,4956,66e37f3d45590783cc08a61b,Susp. PH Primer,Hipertensi,I27.0-Primary pulmonary hypertension,
8133,9628,664412f4612715c0270e242c,HT,Hipertensi,I12.0 - Hypertensive renal disease with renal failure,
237,275,676a3e7a5f856bff560fbbed,Hipertensi,Hipertensi,,
4107,4769,66eb6db4ec064f74ab005f89,Hiperltensi grd 2,Hipertensi,--Belum di Isi,
3952,4576,66f20222591bf076880234d4,cardiomyopahty,Hipertensi,"I42.9 - Cardiomyopathy, unspecified",
5311,6256,66baa8caa71202b5b60f8833,"PH, TR Severe",Hipertensi,I23.1 - Atrial septal defect as current complication following acute myocardial infarction,
4610,5417,66d66d23c9fe920246076c25,"dm2, isk, ht, ves",Hipertensi,I49.3 - Ventricular premature depolarization,
9007,10713,661c9451bed36552f60a5239,Hypertrophyc Cardiomiopathy,Hipertensi,I51.7 - Cardiomegaly,
764,875,675b8da7c80320a6d6039cef,"CHF, TR Severe, PH",Hipertensi,I50.0 - Congestive heart failure,
820,936,675a4de2c3f2b42db90e27f5,Hipertensi,Hipertensi,"I20.9 - Angina pectoris, unspecified",
1833,2102,673a77cfdac12438860b1761,"PH, TR Severe",Hipertensi,D82.3-Immunodeficiency following hereditary defective response to Epstein-Barr virus,
735,839,675f721bf35aea640c022f46,Hypertensive Heart Disease,Hipertensi,I11.9 - Hypertensive heart disease without (congestive) heart failure,
130,145,6771ee37a9c954b9f40a5221,Hipertensi,Hipertensi,Z09.8-Follow-up examination after other treatment for other conditions,
945,1076,6757a068df11329fbe04f0a3,PH,Hipertensi,I27.0 - Primary pulmonary hypertension,
712,811,675f84311f1c839ad00f278e,PH,Hipertensi,I27.2 - Other secondary pulmonary hypertension,
11279,13760,659b88ab121f5b485800e7b8,cardiomyopahty,Hipertensi,I42.0 - Dilated cardiomyopathy,
10133,12112,65d94c735dc85c95d905b641,t cell limphoma,Hipertensi,C84.5 - Other and unspecified T-cell lymphomas,
109,123,6771fe71e5017a0c4103b225,Hipertensi,Hipertensi,Z09.8 - Follow-up examination after other treatment for other conditions,
2348,2706,6729673ec3cbd984fc0ff93e,PH,Hipertensi,"I37.9 - Pulmonary valve disorder, unspecified",
1010,1154,675642b88464f3a2d90ba642,Hipertensi,Hipertensi,"I25.0 - Atherosclerotic cardiovascular disease, so described",
2422,2796,672810ce83e41a8f2c077332,HIPERETNSI,Hipertensi,I10-Essential (primary) hypertension,
10465,12578,65c96ec034e459e082025cc0,ALO HHD HT CHF CKD Dyspepsia,Hipertensi,I50.1 - Left ventricular failure,
104,117,6772042836b659ca7207aecb,hipertensi,Hipertensi,I10 - Essential (primary) hypertension,
2451,2831,672434d580a4c29a04080363,hipertensi,Hipertensi,I11.9-Hypertensive heart disease without (congestive) heart failure,
9039,10750,660f538d09bebfb54b09cf1f,PH,Hipertensi,"I27.9 - Pulmonary heart disease, unspecified",
10588,12744,65c031dfd0ff9e01d00ad422,PH,Hipertensi,I27.8 - Other specified pulmonary heart diseases,
1413,1625,6747ba012e33838f350aacd6,cardiomyopahty,Hipertensi,"I42.9-Cardiomyopathy, unspecified",
2962,3433,67159dcb012c4e2d3808e097,Hipertensi grd 2,Hipertensi,- - Belum di Isi,
4761,5600,66cfd24fe4c04f66ff0eeee6,hipertiroid,Hipertiroid,"E05.9-Thyrotoxicosis, unspecified",
91,98,67720d26316603ecfa0041a6,hipertiroid,Hipertiroid,Z09.8-Follow-up examination after other treatment for other conditions,
9960,11881,65e129fdecd119a74f0a6735,Hipertiroid,Hipertiroid,"E04.9 - Nontoxic goitre, unspecified",
3428,3980,67048a464ed83517560487df,Hipertiroid,Hipertiroid,,
1337,1538,674924069fe740b6b80418f0,Hipertiroid,Hipertiroid,"E05.9 - Thyrotoxicosis, unspecified",
755,864,675b93f3e7d3e29bd0006193,hipertiroid,Hipertiroid,"E03.9 - Hypothyroidism, unspecified",
753,861,675b9565e7d3e29bd00061a2,hipertiroid,Hipertiroid,Z09.8 - Follow-up examination after other treatment for other conditions,
26,28,67735897dfa6e719f8057f77,HHD,Hypertensive Heart Disease,D82.3 - Immunodeficiency following hereditary defective response to Epstein-Barr virus,
1788,2052,673aaa5b31c2f4241803f4c9,HHD,Hypertensive Heart Disease,I11.0-Hypertensive heart disease with (congestive) heart failure,
431,500,6764c4ba0bd472689c09d9b8,HHD,Hypertensive Heart Disease,I13.1 - Hypertensive heart and renal disease with renal failure,
10959,13302,65a9dc237cbc48be6e0f6180,HHD,Hypertensive Heart Disease,I12.0 - Hypertensive renal disease with renal failure,
890,1014,6758efb5e8739746b90e4d13,HHD,Hypertensive Heart Disease,- - Belum di Isi,
4932,5802,66cbdc77bf49e4c2800330ec,"HHD, Angina pectoris",Hypertensive Heart Disease,"I20.9 - Angina pectoris, unspecified",
414,482,6764cf8f035c23715f0c811a,HHD,Hypertensive Heart Disease,I11.0 - Hypertensive heart disease with (congestive) heart failure,
4470,5253,66da61f5cbd753838c0022e4,HHD,Hypertensive Heart Disease,Hypertensive heart disease without (congestive) heart failure,
19,20,6773612ed6f3a460cd00237c,HHD,Hypertensive Heart Disease,I11.9 - Hypertensive heart disease without (congestive) heart failure,
97,110,6772075a316603ecfa00418c,HHD,Hypertensive Heart Disease,I11.9-Hypertensive heart disease without (congestive) heart failure,
833,949,675a47b7627e7a638b0e0963,HHD,Hypertensive Heart Disease,I48 - Atrial fibrillation and flutter,
9477,11292,65f90b31706294e7a703ba0d,HHD,Hypertensive Heart Disease,E11.9 - Non-insulin-dependent diabetes mellitus without complications,
1165,1329,6750ee867587094d0007d5b8,HHD,Hypertensive Heart Disease,I25.1-Atherosclerotic heart disease,
258,299,676a253fb142e08048087643,HHD,Hypertensive Heart Disease,I11 - Hypertensive heart disease,
332,384,6768cf13ca4c7542520ba072,HHD,Hypertensive Heart Disease,I42.0 - Dilated cardiomyopathy,
3812,4417,66f60cf35fa1b350e50d90a2,"HHD, Angina pectoris",Hypertensive Heart Disease,"I20.9-Angina pectoris, unspecified",
6809,8084,667cd559948c144e670dc637,HHD,Hypertensive Heart Disease,null - null,
274,316,676a12047ff44bfcbd0baa04,HHD,Hypertensive Heart Disease,I11-Hypertensive heart disease,
3835,4442,66f5fdebeb9cb13a79053eac,HHD,Hypertensive Heart Disease,D82.3-Immunodeficiency following hereditary defective response to Epstein-Barr virus,
2,2,677372616fcbf619da05ae81,HHD,Hypertensive Heart Disease,,
2188,2509,672d60cd04085140b0003682,HHD,Hypertensive Heart Disease,I50.0-Congestive heart failure,
39,43,67734cf7d6f3a460cd0022fb,HHD,Hypertensive Heart Disease,Z09.8 - Follow-up examination after other treatment for other conditions,
609,697,6760ebfd41e6200abe0f98db,HHD,Hypertensive Heart Disease,I25.1 - Atherosclerotic heart disease,
3422,3971,67048e86c2873497d2059fc4,HHD,Hypertensive Heart Disease,"I25.9 - Chronic ischaemic heart disease, unspecified",
3981,4615,66f0bf11cfa6ca1781021d0d,"MR moderate, HHD",Hypertensive Heart Disease,I34.0 - Mitral (valve) insufficiency,
5997,7080,66a05aec19640aa9600e57bc,HHD,Hypertensive Heart Disease,R06.0 - Dyspnoea,
61,66,67733a1fc8eb5294630830be,HHD,Hypertensive Heart Disease,Z09.8-Follow-up examination after other treatment for other conditions,
4478,5262,66da5bd4c322d1235908024d,AMI,Infark Miokard Akut,I21-Acute myocardial infarction,
5293,6229,66bab789f681fdf9980b1bd1,Hipertensi paska kehamilan,Infark Miokard Akut,,
6195,7317,6695eee69be00082aa06f0ed,Hipertensi paska kehamilan,Infark Miokard Akut,Z09.8 - Follow-up examination after other treatment for other conditions,
6042,7130,669effab539a990956014850,Hipertensi paska kehamilan,Infark Miokard Akut,I10 - Essential (primary) hypertension,
636,726,6760dac197c9e832fa07be3d,CHF ec IHD,Ischemic Heart Disease,I50.0 - Congestive heart failure,
1440,1656,674530a3c127c12e380595a9,IHD,Ischemic Heart Disease,I25.1-Atherosclerotic heart disease,
1163,1327,6750eef070f6e5070401f06d,ischemic cardiomyopathy,Ischemic Heart Disease,I25.5 - Ischaemic cardiomyopathy,
6757,8024,667e1b0eca793f06f90ae8d5,ischemic cardiomyuopathy,Ischemic Heart Disease,Z09.8-Follow-up examination after other treatment for other conditions,
6631,7863,6684a349316cf4b6590b0b09,IHD,Ischemic Heart Disease,"I50.9 - Heart failure, unspecified",
8017,9485,664ab2f54e511dfd5d004fa3,ischemic cardiomyopathy,Ischemic Heart Disease,"I42.9 - Cardiomyopathy, unspecified",
6577,7793,66861cbac99d185449033308,IHD,Ischemic Heart Disease,,
3101,3612,670f0500e09cc1d7170a0708,IHD,Ischemic Heart Disease,"I25.9-Chronic ischaemic heart disease, unspecified",
698,794,675f8dde7f18bf992504a39e,cad ischemic,Ischemic Heart Disease,Z09.8 - Follow-up examination after other treatment for other conditions,
2099,2406,673173ec4d57a7965a0eff16,IHD,Ischemic Heart Disease,"I09.9 - Rheumatic heart disease, unspecified",
159,180,676e26612a698837b5075bff,IHD,Ischemic Heart Disease,"I25.9 - Chronic ischaemic heart disease, unspecified",
10219,12219,65d554a7f8a41aed33081668,Chronic Ischemic Heart Disease,Ischemic Heart Disease,I25 - Chronic ischaemic heart disease,
124,138,6771f3a8328b5d11850b7482,IHD,Ischemic Heart Disease,I25.1 - Atherosclerotic heart disease,
1751,2012,673bd918b9217790fe09d1ae,CHF ec IHD,Ischemic Heart Disease,I50.0-Congestive heart failure,
4295,5023,66e0f891c00531a0520cd07f,ISCHEMIC CARDIOMYOPATHY,Ischemic Heart Disease,D82.3-Immunodeficiency following hereditary defective response to Epstein-Barr virus,
4116,4781,66ea32b42e3c08f6970ff336,IHD,Ischemic Heart Disease,--Belum di Isi,
5475,6459,66b40ef4528533ba960dd4b3,CHF e.c IHD,Ischemic Heart Disease,D82.3 - Immunodeficiency following hereditary defective response to Epstein-Barr virus,
5966,7047,66a1a2d8da6455c1c90db9b1,"AF, MR Mod-Sev",Mitral Regurgitation,I48 - Atrial fibrillation and flutter,
5662,6681,66ac38ff54cafda0e90085ae,"MR severe, TR severe",Mitral Regurgitation,I08.1-Disorders of both mitral and tricuspid valves,
7451,8829,6661052e28b50977ab030b46,MR,Mitral Regurgitation,I08.0 - Disorders of both mitral and aortic valves,
741,845,675f67c6999fdf90440b26ef,Mitral regurgitation (moderate),Mitral Regurgitation,I05.1 - Rheumatic mitral insufficiency,
151,169,6771e253bcedd7ed8c0dd0a1,"CHF, MR Severe",Mitral Regurgitation,I50.0 - Congestive heart failure,
5272,6205,66bbfbbef37d4dea160c9732,"AR, MR",Mitral Regurgitation,"I42.9 - Cardiomyopathy, unspecified",
5019,5902,66c685c2431f4db3cb09dbb2,MR,Mitral Regurgitation,- - Belum di Isi,
185,209,676e11d286751156fa0a80ce,MR,Mitral Regurgitation,Z09.8-Follow-up examination after other treatment for other conditions,
5932,7008,66a2ec3d47190dd47200999e,"AR Sedang berat, MR Sedang",Mitral Regurgitation,I35.1 - Aortic (valve) insufficiency,
7357,8723,66664954215843cabf0779e7,"AR, MR",Mitral Regurgitation,"I42.9-Cardiomyopathy, unspecified",
1248,1430,674e5a05e16c79703f01ce34,MR modereate Severe,Mitral Regurgitation,I11.9 - Hypertensive heart disease without (congestive) heart failure,
252,293,676a28e115d23f7c0108f60e,"Mitral regurgitation  (moderate, EF 11%)",Mitral Regurgitation,--Belum di Isi,
29,31,677356e72da27d0d85069ee8,MR,Mitral Regurgitation,Z09.8 - Follow-up examination after other treatment for other conditions,
1468,1688,67451f4343e8c1199f00c8f4,mitral regurgitation (mild to moderate),Mitral Regurgitation,,
3526,4090,66ff4648f63f90497403e8db,AR MR TR,Mitral Regurgitation,"I08.3 - Combined disorders of mitral, aortic and tricuspid valves",
3312,3846,6707381aee038dfa6f0174bd,MR severe,Mitral Regurgitation,I34.0-Mitral (valve) insufficiency,
48,53,677343827e790c75fc088d89,MR severe,Mitral Regurgitation,I34.0 - Mitral (valve) insufficiency,
2887,3343,6717000c731c4380d0080319,"CHF, MR Severe",Mitral Regurgitation,I50.0-Congestive heart failure,
8204,9711,6642acbf764b16e0de00d384,MR,Mitral Regurgitation,I05.1-Rheumatic mitral insufficiency,
137,154,6771e90aae1b09e6d608f4e8,Mtiral Stenosis SEVERE,Mitral Stenosis,I34.0 - Mitral (valve) insufficiency,
8333,9867,663988d1f376d670910092c4,RHD MS,Mitral Stenosis,I05.1 - Rheumatic mitral insufficiency,
5869,6929,66a6e71aeef6b375b80ec094,"RHD MS severer, ts severe",Mitral Stenosis,"I09.9-Rheumatic heart disease, unspecified",
144,161,6771e6096d135e46e707023a,MS severe,Mitral Stenosis,Z09.8 - Follow-up examination after other treatment for other conditions,
10373,12463,65cd5e857a0a516596037d6f,MS,Mitral Stenosis,I05.2 - Mitral stenosis with insufficiency,
8299,9823,663aceaece792b90fd0ed622,RHD MS,Mitral Stenosis,I05-Rheumatic mitral valve diseases,
4170,4850,66e8dd1b042eb187cd01de92,Mitral stenosis,Mitral Stenosis,I05.0-Mitral stenosis,
711,810,675f846b1f1c839ad00f279b,MS,Mitral Stenosis,I05.0 - Mitral stenosis,
7242,8593,6668ea7705564759d90d577c,Mtiral Stenosis SEVERE,Mitral Stenosis,I34.0-Mitral (valve) insufficiency,
1479,1699,6745151d443782bf5505f5fd,MS severe,Mitral Stenosis,D82.3 - Immunodeficiency following hereditary defective response to Epstein-Barr virus,
217,248,676dfd1a37ae34133404d9f8,MS,Mitral Stenosis,Z09.8-Follow-up examination after other treatment for other conditions,
621,709,6760e4b57908a9d4c10e1485,RHD MS,Mitral Stenosis,"I01.9 - Acute rheumatic heart disease, unspecified",
4471,5254,66da614651b95182a60ebc08,MS,Mitral Stenosis,"I05.9 - Mitral valve disease, unspecified",
4961,5834,66c805e2791a6d9cc001b674,MS,Mitral Stenosis,D82.3-Immunodeficiency following hereditary defective response to Epstein-Barr virus,
7345,8708,66664ed3215843cabf077a00,RHD MS,Mitral Stenosis,"I09.9 - Rheumatic heart disease, unspecified",
271,313,676a155c9a1c4462530e0597,MS,Mitral Stenosis,,
6829,8107,667cb5e341c98d042d0ddc22,"MVP, MR",Mitral Valve Prolapse,,
1028,1175,6756358922d0f765f2038abd,"MVP, MR",Mitral Valve Prolapse,"I05.9-Mitral valve disease, unspecified",
4051,4700,66ecca63d3274090f702ce0e,MVP AML,Mitral Valve Prolapse,D82.3-Immunodeficiency following hereditary defective response to Epstein-Barr virus,
667,759,6760c87c60c25932dc0d4402,MVP W/ MR,Mitral Valve Prolapse,I25.1 - Atherosclerotic heart disease,
1057,1211,675257b5e583e9e7260c66c7,MVP,Mitral Valve Prolapse,Z09.8-Follow-up examination after other treatment for other conditions,
4729,5558,66d124b3489496021c001516,"MVP, MR",Mitral Valve Prolapse,- - Belum di Isi,
3589,4164,66fddd23f5b4a01b720c8f16,"MVP, MR",Mitral Valve Prolapse,"I05.9 - Mitral valve disease, unspecified",
872,991,6758fbaf3801ddbf0b07d415,MVP aml,Mitral Valve Prolapse,I34.1 - Mitral (valve) prolapse,
107,121,677200f0db78044b070a354d,MVP AML,Mitral Valve Prolapse,Z09.8 - Follow-up examination after other treatment for other conditions,
3906,4525,66f2288d81a39b892701ae72,MVP,Mitral Valve Prolapse,D82.3 - Immunodeficiency following hereditary defective response to Epstein-Barr virus,
10919,13251,65adcc1452a6d484b20049ed,MVP AML,Mitral Valve Prolapse,I05.8 - Other mitral valve diseases,
9187,10944,6609fece9d40a3863a0f0dd5,MVP AML,Mitral Valve Prolapse,I05.8-Other mitral valve diseases,
7594,8992,665d23058816c9545908c550,omi anterior,Oklusi Miokard Infark,I21.1 - Acute transmural myocardial infarction of inferior wall,
33,37,6773505d4a3e07c0e40f2fa7,CAD (OMI Anterior Wall),Oklusi Miokard Infark,I25.1 - Atherosclerotic heart disease,
110,124,6771fd1328d07fdc1b064dec,CAD (OMI),Oklusi Miokard Infark,,
165,186,676e2207e32d4e1bf60a9f48,Abdominal pain ec susp kolesistitis,Oklusi Miokard Infark,Z09.8 - Follow-up examination after other treatment for other conditions,
5337,6296,66b95e517216e10e9e064f47,OMI,Oklusi Miokard Infark,- - Belum di Isi,
1475,1695,67451a4f0259612f5a0f8133,CAD (OMI Inferior wall),Oklusi Miokard Infark,I25.2 - Old myocardial infarction,
770,881,675b8b14f95f726663037dcb,CAD (OMI Anteroseptal Wall)?,Oklusi Miokard Infark,Z09.8-Follow-up examination after other treatment for other conditions,
16,17,6773623bdfa6e719f8057fc5,obs palpitasi,Palpitation,,
10963,13306,65a9db0013fdbd435706f6ca,palpitasi,Palpitation,"R00.0 - Tachycardia, unspecified",
1801,2066,673a9b210c3dd06bb80c2591,"Palpitasi, RBBB",Palpitation,I45.1 - Other and unspecified right bundle-branch block,
2259,2596,672ad1b58dfd9793f80bff16,Palpitasi,Palpitation,R00.2-Palpitations,
32,35,67735465e1bd463dfd0c714f,Palpitasi,Palpitation,R00.2 - Palpitations,
9331,11118,6600e35924dcc12d400ab316,palpitasi cordis,Palpitation,Z09.8-Follow-up examination after other treatment for other conditions,
634,724,6760db83dd60f12cf607ebaa,Palpitasi (PVC 1%),Palpitation,Z09.8 - Follow-up examination after other treatment for other conditions,
157,178,676e2d78a87fb0ecd806a37f,Susp. PJB,Penyakit Jantung Bawaan,Z03.8 - Observation for other suspected diseases and conditions,
7012,8316,6674f6d0f495c471a30e1ba3,PJB asianotik,Penyakit Jantung Bawaan,"Q24.9 - Congenital malformation of heart, unspecified",
1937,2219,67354926f00f71300b01afd3,Susp. PJB,Penyakit Jantung Bawaan,I50.0 - Congestive heart failure,
1276,1467,674d25845b9a0b39540afd9c,Curiga PJB asianotik. DD/ SUSP ASD,Penyakit Jantung Bawaan,Z09.8 - Follow-up examination after other treatment for other conditions,
8507,10086,663068f59f11180ff50d05a7,PJB Asianotik,Penyakit Jantung Bawaan,"I50.9 - Heart failure, unspecified",
422,490,6764cbd2ce1819f16e017847,Susp PJB,Penyakit Jantung Bawaan,,
8274,9794,663aee64c0d46fc30f084ee7,PJB Asinotik,Penyakit Jantung Bawaan,I25.1 - Atherosclerotic heart disease,
117,131,6771f7213adb4121210d77a0,PJB Asianotik,Penyakit Jantung Bawaan,Q24.8 - Other specified congenital malformations of heart,
1251,1433,674e584040592cdfce0f9285,PPOK,Penyakit Paru Obstruktif Kronis,"J44.9 - Chronic obstructive pulmonary disease, unspecified",
1510,1733,6743edf874bc883ea6079906,"IHD, PPOK",Penyakit Paru Obstruktif Kronis,"I25.9 - Chronic ischaemic heart disease, unspecified",
629,719,6760e0c4cbfd112e980cc57b,PPOK,Penyakit Paru Obstruktif Kronis,Z09.8 - Follow-up examination after other treatment for other conditions,
10300,12378,65d2a3736bc076f3cc0e8f84,PPOK,Penyakit Paru Obstruktif Kronis,"J44.9-Chronic obstructive pulmonary disease, unspecified",
4307,5051,66e0e8c03a4bb4221101164e,pci mei 2014,Percutaneous Coronary Intervention,--Belum di Isi,
10674,12902,65b98da66c26ed9dd5005db1,CAD POAST PCI AUG 23,Percutaneous Coronary Intervention,I25 - Chronic ischaemic heart disease,
1553,1781,6743d850d81dd866a3054f2d,APS CCS II-III pot PCI (Desember 2023),Percutaneous Coronary Intervention,"I20.9 - Angina pectoris, unspecified",
369,426,6768bc7acafb4fbadd03a9a0,PCI 1 DES LCx cad2vd (2022),Percutaneous Coronary Intervention,I25.1 - Atherosclerotic heart disease,
3774,4374,66f9e289ef5ca350f2066031,APS CCS II-III pot PCI (Desember 2023),Percutaneous Coronary Intervention,"I20.9-Angina pectoris, unspecified",
5486,6474,66b2d7810eb1fd54650b3d71,PCI MART 22,Percutaneous Coronary Intervention,D82.3 - Immunodeficiency following hereditary defective response to Epstein-Barr virus,
7765,9191,66566f6b41a74464040a8b3d,"CAD, RWYT PCI",Percutaneous Coronary Intervention,I25.2-Old myocardial infarction,
796,909,675b7926f1660068f90d0ab7,s/p pci,Percutaneous Coronary Intervention,Z09.8-Follow-up examination after other treatment for other conditions,
74,80,6773358f7a1f2779330dbe86,PCI Okt '23,Percutaneous Coronary Intervention,Z09.8 - Follow-up examination after other treatment for other conditions,
52,57,67733deb4f205f416d04cd4d,CAD2VD PCI 1 DES LAD,Percutaneous Coronary Intervention,I25.1-Atherosclerotic heart disease,
316,366,6768dfca64b9ebb10b0081d5,stemi inferior s/p pci rca,Percutaneous Coronary Intervention,,
8406,9957,66383444a5576ed8e50d75e3,Hipospadia,Peripheral Artery Disease,"Q54.9 - Hypospadias, unspecified",
11396,13906,6595fbbc82c5eb127d083100,PDA,Peripheral Artery Disease,Q25.0-Patent ductus arteriosus,
2722,3153,671af479cedabd1fe501da68,PAD,Peripheral Artery Disease,Z09.8-Follow-up examination after other treatment for other conditions,
610,698,6760eb970f0de2332007589b,PDA,Peripheral Artery Disease,,
7159,8492,666bb20ac881b40db503e444,Hipertensi pada kehamilan,Peripheral Artery Disease,"O10.9 - Unspecified pre-existing hypertension complicating pregnancy, childbirth and the puerperium",
4211,4895,66e3ae41f3c36537c0029832,"ADHF Pada AS severe, AR Mod",Peripheral Artery Disease,--Belum di Isi,
70,76,677336e7579d3b3977095613,PDA,Peripheral Artery Disease,Z09.8 - Follow-up examination after other treatment for other conditions,
4793,5634,66ce9a3985aa7fe4450fda6f,1 DES RCA pada CAD1VD( complete revasc),Peripheral Artery Disease,Z95.8 - Presence of other cardiac and vascular implants and grafts,
812,927,675a525a4bbe4305690d70e6,PDA,Peripheral Artery Disease,Q24.8 - Other specified congenital malformations of heart,
897,1021,6758ea74a380e2b65607b641,"PDA +- 2 mm, VSD subaortic 2 mm",Peripheral Artery Disease,Q25.0 - Patent ductus arteriosus,
2428,2804,672447af810801ee170838ec,HT pada kehamilan dd/ PEB,Peripheral Artery Disease,I10 - Essential (primary) hypertension,
946,1077,67579fe0e87a3f9214070760,UAP pada CAD3VD,Peripheral Artery Disease,I25.1 - Atherosclerotic heart disease,
4834,5682,66ce7684e513044b240603e0,Pneumonia,Pneumonia,B95.3-Streptococcus pneumoniae as the cause of diseases classified to other chapters,
7025,8331,6674e5dac96b1c62e007e22c,pneumonia,Pneumonia,I49.4 - Other and unspecified premature depolarization,
6852,8134,667b66e3d76bf1eb6904d402,pneumonia,Pneumonia,"J18.9 - Pneumonia, unspecified",
3683,4272,66fb523ac29b606be1010095,Pneumonia,Pneumonia,Z09.8 - Follow-up examination after other treatment for other conditions,
8332,9866,663989e7324f2cddfa0c2c2d,CAP,Pneumonia,,
8534,10115,6630594ac2367c899f008091,PR,Pulmonary Regurgitation,,
7918,9369,664d3585a9c29764dd09ee60,PR,Pulmonary Regurgitation,I37.1 - Pulmonary valve insufficiency,
1090,1247,675242d19d94786879095151,PR,Pulmonary Regurgitation,Z09.8 - Follow-up examination after other treatment for other conditions,
9274,11045,660231397e8f9f2b3a000420,PR,Pulmonary Regurgitation,- - Belum di Isi,
10126,12105,65dbd7174b75edb8ab0abfb3,RHD,Rheumatic Heart Disease,I01.8 - Other acute rheumatic heart disease,
5548,6549,66b1808891963e42ec0d2ae4,RHD,Rheumatic Heart Disease,"I09.9 - Rheumatic heart disease, unspecified",
937,1067,6757a69036a8e35bdc00a578,RHD,Rheumatic Heart Disease,"I01.9-Acute rheumatic heart disease, unspecified",
7569,8964,665e600fd3156235850bc3b5,RHD,Rheumatic Heart Disease,I09.8 - Other specified rheumatic heart diseases,
128,143,6771eec80d4fa856b500534f,RHD,Rheumatic Heart Disease,Z09.8 - Follow-up examination after other treatment for other conditions,
6602,7822,6685f916a5109eb91f0a82bc,RHD,Rheumatic Heart Disease,- - Belum di Isi,
4374,5138,66df92c0f8b264a35e0a67ae,RHD,Rheumatic Heart Disease,"I09.9-Rheumatic heart disease, unspecified",
656,746,6760d12d97c9e832fa07bdf9,RHD,Rheumatic Heart Disease,"I01.9 - Acute rheumatic heart disease, unspecified",
1632,1878,673e8b14b71f2ea79202d33b,RHD,Rheumatic Heart Disease,,
7805,9235,665530696eea79a65e0f6987,RHD,Rheumatic Heart Disease,I05 - Rheumatic mitral valve diseases,
80,86,67721ee9904eeb8f50051f99,STEMI Inferior (Recent),ST-Elevation Myocardial Infarction,,
1277,1468,674d23d4d79adbffe809af76,NSTEMI,ST-Elevation Myocardial Infarction,- - Belum di Isi,
434,503,6764c246116ad258b006155c,NSTEMI anterior ekstensif,ST-Elevation Myocardial Infarction,Z09.8-Follow-up examination after other treatment for other conditions,
4243,4941,66e38ca65eb5919b0d01c1af,(recent) STEMI Anterior Wall,ST-Elevation Myocardial Infarction,I21.0-Acute transmural myocardial infarction of anterior wall,
8016,9484,664ab51b8c001f8a78024a3e,STEMI,ST-Elevation Myocardial Infarction,I21.3 - Acute transmural myocardial infarction of unspecified site,
4508,5301,66d9144c37eff6570603c0d8,NSTEMI,ST-Elevation Myocardial Infarction,"I21.9 - Acute myocardial infarction, unspecified",
4559,5361,66d7b67271ba28535e0a6709,NSTEMI,ST-Elevation Myocardial Infarction,I21.4-Acute subendocardial myocardial infarction,
9,10,6773689ffc2d077b7a0aa6b7,Recent stemi inferior,ST-Elevation Myocardial Infarction,Z09.8 - Follow-up examination after other treatment for other conditions,
5444,6425,66b41e8c858d4c5fe609acf5,(recent) STEMI Anterior Wall,ST-Elevation Myocardial Infarction,I21.0 - Acute transmural myocardial infarction of anterior wall,
748,855,675ba112db57055e990afb37,NSTEMI,ST-Elevation Myocardial Infarction,I21.4 - Acute subendocardial myocardial infarction,
4154,4832,66e8f8704f4a0111860a7f35,Stemi anterior lateonset,ST-Elevation Myocardial Infarction,--Belum di Isi,
9910,11816,65e51e4f01fb6a2959087f57,SEQUELE STROKE,Stroke,"I69.4 - Sequelae of stroke, not specified as haemorrhage or infarction",
399,459,6764e9c1a91bb27d6a0794b1,snh,Stroke,Z09.8 - Follow-up examination after other treatment for other conditions,
2875,3326,67170b872da9131087053ee8,stroke infark,Stroke,,
3530,4094,66ff443163be03c0bb05738d,snh,Stroke,"I64 - Stroke, not specified as haemorrhage or infarction",
7589,8987,665d2aafdd08a30d3e0f7c0d,STROKE,Stroke,"I64-Stroke, not specified as haemorrhage or infarction",
1098,1258,675122703758e3adef0856e1,SVT,Takikardia,I47.1 - Supraventricular tachycardia,
10981,13325,65a9cd5cb6c5eed89f0607df,Cardiomiopati,Takikardia,I42.0 - Dilated cardiomyopathy,
7420,8794,66624c128db243073f00a627,myocardial bridging,Takikardia,"Q24.9 - Congenital malformation of heart, unspecified",
5670,6691,66ac34585c9a928dd3076835,MYOCARDIOCARDIAL BRIDGING,Takikardia,I25.1-Atherosclerotic heart disease,
7725,9144,6656a51708d3a6a0c309f71f,Bradikardi (berat),Takikardia,"R00.1 - Bradycardia, unspecified",
492,571,67636fbb8b12fe20510ec7cf,"sinus bradikardi -- perbaikan, rbbb",Takikardia,Z09.8 - Follow-up examination after other treatment for other conditions,
5289,6225,66babe716ceaf71bab0d6f82,svt,Takikardia,I49.3 - Ventricular premature depolarization,
5280,6216,66bbf7c4a19c224cd00e390b,myocardial bridging,Takikardia,Q24.5 - Malformation of coronary vessels,
10098,12057,65dc14ed54f1cf050a02dbd9,CARDIOMEGALI,Takikardia,I51.7 - Cardiomegaly,
4064,4719,66ecb914e111de689d012cb5,svt,Takikardia,I47.1-Supraventricular tachycardia,
3237,3767,67089424f0a121d3c303dc3e,"sinus bradikardi -- perbaikan, rbbb",Takikardia,Z09.8-Follow-up examination after other treatment for other conditions,
11051,13440,65a608485457ad546008303f,Cardiomiopati,Takikardia,I42-Cardiomyopathy,
4043,4692,66ecd170504a91307f0f7cdd,Cardiomiopati (perbaikan),Takikardia,"I42.9-Cardiomyopathy, unspecified",
4034,4681,66ecdf44573ad17224054da9,MYOCARDIAL BRIDING,Takikardia,null - null,
3927,4547,66f20ecae88c99377308f39c,CARDIOMYOPATHY,Takikardia,- - Belum di Isi,
11419,13968,65937cd9026e1ca8e804467e,Tachycardi,Takikardia,"I47.9-Paroxysmal tachycardia, unspecified",
1651,1901,673d60a028997c4f53070bb9,Tahikardi,Takikardia,"M54.39 - Sciatica, site unspecified",
125,139,6771f18dd07f6341e002a2d4,Cardiomiopati (perbaikan),Takikardia,"I42.9 - Cardiomyopathy, unspecified",
7371,8741,66627a86e09b9f03bd0579e4,Non Spesific Cardiac Disease,Takikardia,"I51.9 - Heart disease, unspecified",
11194,13618,659f6c44f90d8f59820abd1d,Paroxysmal AF/SVT,Takikardia,I47-Paroxysmal tachycardia,
10878,13184,65af3e4e460ae7b045049d40,Tachycardi,Takikardia,"I47.9 - Paroxysmal tachycardia, unspecified",
469,544,67637b1749f8550ef4083c2a,Tahikardi (perbaikan),Takikardia,"R00.0 - Tachycardia, unspecified",
9223,10985,660385280b632f9a880d79f2,Cardiac Anxiety,Takikardia,F54 - Psychological and behavioural factors associated with disorders or diseases classified elsewhere,
11379,13887,65961a347a6db6006806a646,Bradikardi,Takikardia,"R00.1-Bradycardia, unspecified",
94,101,67720b9351404de2ca07e705,tahikardi,Takikardia,,
3007,3488,6711a7bc25076196420e4caf,myocardial bridging,Takikardia,Q24.5-Malformation of coronary vessels,
9042,10754,660f5157fb55234df40cca40,MYOCARDIAL BRIDINGIN,Takikardia,"I21.9 - Acute myocardial infarction, unspecified",
9586,11423,65f3b9c46b5be66f9003f6b7,myocardial bridging,Takikardia,Q24.8 - Other specified congenital malformations of heart,
668,760,6760c7e63a53a5ccfa0ed277,Myocardial Bridging,Takikardia,I25.1 - Atherosclerotic heart disease,
3214,3738,670c6e7623f81e2f9c0408d3,VSD PH dd/ TOF?,Tetralogy of Fallot,Q21.0 - Ventricular septal defect,
5885,6949,66a31ce1f532f678560bce48,TOF,Tetralogy of Fallot,Q24.8 - Other specified congenital malformations of heart,
5648,6664,66ac45d374ad58bf3b021215,TOF,Tetralogy of Fallot,D75.1 - Secondary polycythaemia,
2363,2727,67283dbaf05cb5e4a50e4f3d,TOF,Tetralogy of Fallot,,
7126,8454,6672293e65ab3a94db0031b4,TOF,Tetralogy of Fallot,Q21.3 - Tetralogy of Fallot,
430,499,6764c51f217b16a5fd0d593e,TB paru,Tuberculosis,Z09.8 - Follow-up examination after other treatment for other conditions,
7236,8587,6668eee8776b471a3c00d599,TB,Tuberculosis,"A15.2 - Tuberculosis of lung, confirmed histologically",
2177,2498,672d67afd7010b3542034a13,TB on OAT,Tuberculosis,,
8834,10498,6621f3ec7c8b8b4764004e58,tb,Tuberculosis,"A15.6 - Tuberculous pleurisy, confirmed bacteriologically and histologically",
3872,4482,66f372f9ba08c11f4205e653,TB paru,Tuberculosis,"A16.2 - Tuberculosis of lung, without mention of bacteriological or histological confirmation",
3715,4306,66fb3d80bc954840eb04a122,TB paru on oat,Tuberculosis,Z09.8-Follow-up examination after other treatment for other conditions,
3477,4035,670345bafa7dc7362107d8d3,"HFpEF, TB paru, SOPT",Tuberculosis,I50.0 - Congestive heart failure,
4014,4656,66ecec048e43c4132103d76f,VES,Ventricular Extrasystole,,
622,710,6760e47e0e4686fc520df30b,VES s/p ablasi,Ventricular Extrasystole,I49.3 - Ventricular premature depolarization,
114,128,6771f9f173fc149dd1020199,sves,Ventricular Extrasystole,Z09.8 - Follow-up examination after other treatment for other conditions,
2266,2603,672acdffbb8c32cba10f2674,VES,Ventricular Extrasystole,I49.4 - Other and unspecified premature depolarization,
670,762,6760c6c2dd60f12cf607eae9,VES bigemini,Ventricular Extrasystole,Z09.8-Follow-up examination after other treatment for other conditions,
1349,1551,67491891a480dca9830658f3,sves,Ventricular Extrasystole,D82.3 - Immunodeficiency following hereditary defective response to Epstein-Barr virus,
1973,2263,67340ebf7a61f38c72058d58,VES (LV summit),Ventricular Extrasystole,I49.4-Other and unspecified premature depolarization,
123,137,6771f3f68df162217f0ba67d,VSD,Ventricular Septal Defect,,
1103,1263,67511b65e3db1ae532004db9,VSD,Ventricular Septal Defect,- - Belum di Isi,
150,168,6771e2946f61a0d6bf053ba6,VSD PM,Ventricular Septal Defect,I23.2 - Ventricular septal defect as current complication following acute myocardial infarction,
160,181,676e25d2e3f0d2faa2036ba3,cavsd,Ventricular Septal Defect,Z09.8 - Follow-up examination after other treatment for other conditions,
709,808,675f8606999fdf90440b280c,ASD+VSD,Ventricular Septal Defect,Q21.1 - Atrial septal defect,
251,292,676a293b8804845b270cbe11,VSD,Ventricular Septal Defect,Q21.0 - Ventricular septal defect,
5387,6354,66b5788fe61bd9e933093446,VSD,Ventricular Septal Defect,Q21.0-Ventricular septal defect,
21072,12982,67760beb8bd938e2760bc79c,abdominal pain,abdominal pain,"R10.49--Abdominal pain, unspecified (IM)",
20311,11989,6754ec218d3102db180847d3,abdominal pain ec susp illeus paralitik,abdominal pain,K56.0--Paralytic ileus,"90.59 -- Microscopic examination of blood, Other microscopic examination"
19904,11461,674415b87434587298038bc5,abdominal pain ec APP,abdominal pain,"K35.9--Acute appendicitis, unspecified",47.09--Other appendectomy
19869,11420,6741aa9278d3ede28707b6e5,Abdominal pain e.c Peritonitis dd ilius paralitik,abdominal pain,K35.0--Acute appendicitis with generalized peritonitis,47.09--Other appendectomy
19504,10942,67319a2c260dc5c7f80af964,Obs abdominal pain e.c suspek peritonitis,abdominal pain,,
13766,3383,661de313b5d335fabc007fe1,abdominal pain ec susp app,abdominal pain,R10.4 -- Other and unspecified abdominal pain,
11892,755,65b883366255f0a9e00d3cf8,abdominal pain,abdominal pain,R10.4--Other and unspecified abdominal pain,88.74--Diagnostic ultrasound of digestive system
21190,13126,6792073caedb28fbec0badd5,obs abdominal pain ec pneumoperitoneum,abdominal pain,"K66.9 -- Disorder of peritoneum, unspecified",88.19 -- Other x-ray of abdomen
18092,9124,66ed4b4c65f112da62087639,abses paraspinal,abses,G06.1 -- Intraspinal abscess and granuloma,---Belum di Isi
13640,3226,660f90fece37f9939606c195,Abses dinding abdomen,abses,"L02.2--Cutaneous abscess, furuncle and carbuncle of trunk",
16364,6858,6694d1ed865089530e0211ec,abses perianal,abses,K61.0 -- Anal abscess,86.09 -- Other incision of skin and subcutaneous tissue
12185,1181,65cb0db0ef530da0a90b0e87,abses,abses,"L02.8--Cutaneous abscess, furuncle and carbuncle of other sites",86.04--Other incision with drainage of skin and subcutaneous tissue
16629,7212,66a1cffc14c915757c012020,abses penis,abses,N48.2--Other inflammatory disorders of penis,64.98 -- Other operations on penis
13036,2415,65f505fea8a02b51990d125f,Abses gluteal dextra,abses,"L02.3--Cutaneous abscess, furuncle and carbuncle of buttock","86.22--Excisional debridement of wound, infection, or burn"
14435,4272,6638738678b63a670405c7b4,abses leher dalam,abses,"L02.1--Cutaneous abscess, furuncle and carbuncle of neck",86.09--Other incision of skin and subcutaneous tissue
11550,196,659f81ff1bebe97eb903428e,Abses hepar,abses,A06.4--Amoebic liver abscess,99.07--Transfusion of other serum
17249,8008,66c2266bb5f03389650bb623,Abses a/r pedis sinistra,abses,"L02.4 -- Cutaneous abscess, furuncle and carbuncle of limb","86.22 -- Excisional debridement of wound, infection, or burn"
19740,11254,673c09d8a8862e73e4040fd7,abses retrofaring,abses,J39.0--Retropharyngeal and parapharyngeal abscess,99.18 -- Injection or infusion of electrolytes
11986,894,65bc7ecb15a046516a0ee676,Abses submandibula sinistra yang meluas le buccal sinistra,abses,K12.2--Cellulitis and abscess of mouth,86.04--Other incision with drainage of skin and subcutaneous tissue
14308,4103,663301166915ed5a6e07ff18,peritonitis ec abses intrabdomen,abses,"K65.9--Peritonitis, unspecified",
19649,11140,6737fa6d7269a4f0a800fdb2,vulnus ictum ar plantar pedis dextra (tertusuk paku) +abses,abses,S91.3--Open wound of other parts of foot,"86.22--Excisional debridement of wound, infection, or burn"
17673,8569,66d7c5aae1e7585019036fbe,abses kelenjar  submandibula dan parotis kiri,abses,,
17681,8581,66d901d0cfa4acf6cf076e70,abses retroperitoneal,abses,K65.0 -- Acute peritonitis,54.91 -- Percutaneous abdominal drainage
14266,4042,6630635caed6db5d290919ed,abses ginjal dextra,abses,N15.1--Renal and perinephric abscess,55.51--Nephroureterectomy
17844,8792,66e037a1ce2e3334e9050ea8,abses perineum meluas ke scrotum,abses,"R02 -- Gangrene, not elsewhere classified","90.59--Microscopic examination of blood, Other microscopic examination"
17863,8816,66e115a74d8b113474021fee,abses pedis dx,abses,"L02.9 -- Cutaneous abscess, furuncle and carbuncle, unspecified","90.59--Microscopic examination of blood, Other microscopic examination"
19089,10395,671b1a0efa6c4f43ed00af70,abses telinga luar,abses,H60.0--Abscess of external ear,18.09--Other incision of external ear
11860,708,65b713b6442e19b2760dfe51,liver abses lobus dx,abses,K75.0--Abscess of liver,50.99--Other operations on liver
18130,9169,66eed7879df7bf16f90240b7,abses colli,abses,"L02.1 -- Cutaneous abscess, furuncle and carbuncle of neck",86.04 -- Other incision with drainage of skin and subcutaneous tissue
18181,9227,66f1549945a260a6570605cb,abses hepar multipel,abses,K75.0 -- Abscess of liver,88.01 -- Computerized axial tomography of abdomen
13938,3605,6621f54db62488ebf00b193a,abses retroperitoneal,abses,K65.0--Acute peritonitis,54.0--Incision of abdominal wall
18354,9447,66fa1c8187338bbc4201d2ee,peritonitis ec ruptru abses pelvis,abses,"T81.3 -- Disruption of operation wound, not elsewhere classified",---Belum di Isi
18369,9471,66fb5a8f3890ea9b5c0c3d45,Abses a/r Muskulus rectus femoris sinistra sampai gluteus medius,abses,"L02.3 -- Cutaneous abscess, furuncle and carbuncle of buttock",---Belum di Isi
12861,2160,65ebf5e083004a50e10a373e,abses peritonsiler,abses,J36--Peritonsillar abscess,28.0--Incision and drainage of tonsil and peritonsillar structures
18443,9576,66fe592376a40517c30d991e,abses a.r manus sin,abses,"L02.8 -- Cutaneous abscess, furuncle and carbuncle of other sites",86.04 -- Other incision with drainage of skin and subcutaneous tissue
18564,9720,6703e74b957534dce40f4022,abses hepar segmen 5-6 dextra,abses,A06.4 -- Amoebic liver abscess,50.0--Hepatotomy
14716,4642,664390d209f0dd6ea50c5172,periapical abses,abses,K04.7--Periapical abscess without sinus,23.19--Other surgical extraction of tooth
16242,6702,668f5808f388bb8fc80ec88d,Abses scrotum,abses,N49.2--Inflammatory disorders of scrotum,61.0 -- Incision and drainage of scrotum and tunica vaginalis
11758,559,65b0c21fd8b8448e650bb79d,abses perianal,abses,"L02.9--Cutaneous abscess, furuncle and carbuncle, unspecified","86.22--Excisional debridement of wound, infection, or burn"
15599,5832,666d118b660d3cd7500795d9,Abses tiroid,abses,E06.0--Acute thyroiditis,00.01--Therapeutic ultrasound of vessels of head and neck
14913,4919,664d51b11e9e114179044f1e,abses perirenal sn,abses,N15.1 -- Renal and perinephric abscess,54.0 -- Incision of abdominal wall
12338,1424,65d419b3d462416b2b03dc6d,abses pedis sinistra,abses,"L02.4--Cutaneous abscess, furuncle and carbuncle of limb","86.22--Excisional debridement of wound, infection, or burn"
13160,2591,65fa6af384ea7e7842036f4d,abses perianl,abses,K61.0--Anal abscess,86.3 -- Other local excision or destruction of lesion or tissue of skin and subcutaneous tissue
15816,6119,66790ac7813b89e94d05e6f5,abses scrotum spontan,abses,"N45.0 -- Orchitis, epididymitis and epididymo-orchitis with abscess",
13209,2666,65fbd34d57b9b2797f055290,abses scrotum,abses,N49.2 -- Inflammatory disorders of scrotum,86.04 -- Other incision with drainage of skin and subcutaneous tissue
21181,13114,6785e81d9281cb6f70034a46,Abses perianal,abses,E12.5--Malnutrition-related diabetes mellitus with peripheral circulatory complications,57.17--Percutaneous cystostomy
20289,11958,6752a943d84a0e714a0490f5,Abses pedis dextra et sin,abses,E11.5--Non-insulin-dependent diabetes mellitus with peripheral circulatory complications,"90.59--Microscopic examination of blood, Other microscopic examination"
21069,12979,6776011034334dab5f0ee857,ulcus dan abses pedis sinistra,abses,"L97--Ulcer of lower limb, not elsewhere classified","86.22--Excisional debridement of wound, infection, or burn"
15563,5780,666bd92269de31f2d6093337,abses submandibula dextra yang meluas ke submental et submandibula sinistra,abses,K12.2 -- Cellulitis and abscess of mouth,86.04 -- Other incision with drainage of skin and subcutaneous tissue
15926,6265,667e2c7eac76e983310710a3,abses psoas,abses,"L02.2 -- Cutaneous abscess, furuncle and carbuncle of trunk",54.0 -- Incision of abdominal wall
11943,826,65bb13ea3daf7576a006cbf5,adeno ca rectum proximal,adenocarcinoma,C20--Malignant neoplasm of rectum,
14160,3897,662b25902e41bcf9c5081150,adenocarcinoma hilus hepar,adenocarcinoma,C22.0--Liver cell carcinoma,"90.59--Microscopic examination of blood, Other microscopic examination"
19727,11236,673bf199e48ecbd4860d5996,Adenocarcinoma Ca colon sinistra,adenocarcinoma,C18--Malignant neoplasm of colon,45.23--Colonoscopy
15589,5822,666d0b3515de31b08009b339,adeno ca sigmoid,adenocarcinoma,C18.7--Malignant neoplasm of sigmoid colon,99.04 -- Transfusion of packed cells
12485,1655,65dc2bbf1d3c5113ed0179c7,adenoca recti,adenocarcinoma,C20 -- Malignant neoplasm of rectum,88.79 -- Other diagnostic ultrasound
17367,8156,66c6d25c0c7724e41d03ed86,adeno Ca colon,adenocarcinoma,"C18.9 -- Malignant neoplasm of colon, unspecified",99.18 -- Injection or infusion of electrolytes
17670,8566,66d7c4b93258520bf800431f,adenocarcinoma hepar susp metastasis,adenocarcinoma,C22.0 -- Liver cell carcinoma,88.01--Computerized axial tomography of abdomen
14344,4149,663463e8f1f8fedc2701e486,adenocarcinoma paru,adenocarcinoma,"C34.9 -- Malignant neoplasm of bronchus or lung, unspecified","99.60 -- Cardiopulmonary resuscitation, not otherwise specified"
12611,1833,65e14fe73029cdbdb803c66a,adeno carcinoma paru,adenocarcinoma,"C34.9--Malignant neoplasm of bronchus or lung, unspecified",87.03--Computerized axial tomography of head
11784,597,65b21be406c117a8f709c015,adenoca rectianal,adenocarcinoma,"C21.8--Malignant neoplasm overlapping rectum, anus and anal canal sites",45.23--Colonoscopy
17833,8780,66dfd21c76df9f483f0ac55b,adeno ca gall bladder,adenocarcinoma,C23 -- Malignant neoplasm of gallbladder,"87.44--Routine chest x-ray, so described"
16986,7681,66b497e847c2928211031a13,adeno ca prostat,adenocarcinoma,C61--Malignant neoplasm of prostate,39.95--Hemodialysis
20065,11669,674a82619b538d5d0c05ef5b,adenoca caecum T4aN1M1 sinkronius,adenocarcinoma,C18.0--Malignant neoplasm of caecum,45.73--Open and other Right hemicolectomy
19030,10315,6718836ced2a9dee7305e10c,adenocarcinoma omentum,adenocarcinoma,C48.1 -- Malignant neoplasm of specified parts of peritoneum,99.15--Parenteral infusion of concentrated nutritional substances
14733,4667,6644570b2e8788bafd074a45,adeno ca colon,adenocarcinoma,"C18.9--Malignant neoplasm of colon, unspecified",51.79--Repair of other bile ducts
20236,11887,675113f6949c73cf1905ff16,Adenocarcinoma Gaster T2N1M0,adenocarcinoma,Z51.5--Palliative care,"90.59--Microscopic examination of blood, Other microscopic examination"
12836,2132,65ea9813f853ee1a08079d59,adeno Ca gaster,adenocarcinoma,"C16.9--Malignant neoplasm of stomach, unspecified",99.04--Transfusion of packed cells
12639,1867,65e19f4931abb9d15c00c173,adeno ca duodenum,adenocarcinoma,C17.0--Malignant neoplasm of duodenum,99.04--Transfusion of packed cells
11841,676,65b48ac5bb67b34aae094df1,adenoca rectianal,adenocarcinoma,"C21.8 -- Malignant neoplasm overlapping rectum, anus and anal canal sites",45.23 -- Colonoscopy
16664,7261,66a35d0ce5f4628f3b0f7e40,adeno Ca prostat,adenocarcinoma,C61 -- Malignant neoplasm of prostate,99.04 -- Transfusion of packed cells
12354,1454,65d54bcffe1eeb89aa00d768,Adenocarcinoma Rectosigmoid (C) TNM0,adenocarcinoma,C19--Malignant neoplasm of rectosigmoid junction,54.11 -- Exploratory laparotomy
18045,9061,66eb86139bc4178bf40e713b,adhesi penile,adhesi,Q55.6 -- Other congenital malformations of penis,---Belum di Isi
19985,11569,6747e00f5ff73f51c60b39d9,low obstruction ec proses adhesif,adhesi,K56.6--Other and unspecified intestinal obstruction,
17575,8439,66d3dfc160147dc3c603b06c,adhesi penis,adhesi,"N47 -- Redundant prepuce, phimosis and paraphimosis",64.49--Other repair of penis
14130,3862,6629d25efe4af457cc042f56,adhesi prepuce and gland penis,adhesi,"N47--Redundant prepuce, phimosis and paraphimosis",64.93--Division of penile adhesions
21183,13116,67887a259f17fa35ea0b0e52,Peritonitis difuse ec perforasi colon ascenden ec adhesi abses hepar,adhesi,K63.1--Perforation of intestine (nontraumatic),99.15--Parenteral infusion of concentrated nutritional substances
11453,18,65962274596aab1ae20069db,adhesi penis,adhesi,Q55.8--Other specified congenital malformations of male genital organs,64.93--Division of penile adhesions
11787,602,65b31039f5d75393ff0c25f2,Adhesi Intestinal grd IV.,adhesi,K56.5--Intestinal adhesions [bands] with obstruction,46.81 -- Intra-abdominal manipulation of small intestine
16352,6843,66949e0642cd3aa111011072,adhesi intestinal kompleks,adhesi,K56.5 -- Intestinal adhesions [bands] with obstruction,
11588,262,65a221f370e1b9bfdd0b4e66,adhesi intestinal grade II-III,adhesi,K66.0--Peritoneal adhesions,47.09--Other appendectomy
12950,2292,65f275456b998d310b006f72,anemia berat ec defisiensi FE,anemia,"D50.9--Iron deficiency anaemia, unspecified","90.59 -- Microscopic examination of blood, Other microscopic examination"
11843,679,65b48db006e241b34c0bf83a,anemia,anemia,D63.0--Anaemia in neoplastic disease,45.23--Colonoscopy
15303,5430,665fc32bcc11ac9079014355,Anemia hemolitik,anemia,D59.1 -- Other autoimmune haemolytic anaemias,"90.59--Microscopic examination of blood, Other microscopic examination"
17892,8848,66e27a30aad6cca522081b36,anemia ec penyakit kronis,anemia,D63.8 -- Anaemia in other chronic diseases classified elsewhere,99.07--Transfusion of other serum
20780,12593,6768ea0408cc767dd509f096,anemia,anemia,D59.1--Other autoimmune haemolytic anaemias,"90.59--Microscopic examination of blood, Other microscopic examination"
19443,10865,672ec296b027cdafcc05e2c8,Anemia,anemia,"B23.2--HIV disease resulting in haematological and immunological abnormalities, not elsewhere classified",99.04 -- Transfusion of packed cells
11612,300,65a4a9a81b6de9d7dd0e7a7c,anemia,anemia,D63.8--Anaemia in other chronic diseases classified elsewhere,38.95--Venous catheterization for renal dialysis
11960,855,65bb4071c788bf97aa0f1af4,Anemia hemolitik,anemia,D59--Acquired haemolytic anaemia,99.04--Transfusion of packed cells
15016,5042,6651631a1b268a7fd908be74,anemia aplastic,anemia,"D61.9 -- Aplastic anaemia, unspecified",99.04 -- Transfusion of packed cells
11503,116,659cbf78aba90439340d7f0d,anemia,anemia,D62--Acute posthaemorrhagic anaemia,99.04 -- Transfusion of packed cells
14694,4609,6642df32af501cee1208d577,anemia,anemia,D62 -- Acute posthaemorrhagic anaemia,99.04 -- Transfusion of packed cells
20199,11834,674eb5169676c9ad91061d6c,anemia,anemia,D63--Anaemia in chronic diseases classified elsewhere,"93.19--Exercise, not elsewhere classified"
11770,575,65b1d57e22b37c5083050cbf,anemia,anemia,"D64.9 -- Anaemia, unspecified",99.04 -- Transfusion of packed cells
18525,9675,67034171bbf7af04cd06ad14,Anemia Def Besi,anemia,"D50.9 -- Iron deficiency anaemia, unspecified","90.59--Microscopic examination of blood, Other microscopic examination"
13648,3236,660f9c2be9b30011950efbcf,anemia,anemia,"D61.9--Aplastic anaemia, unspecified",99.04--Transfusion of packed cells
12049,992,65c1b7fc0e703c3d8408da9a,Anemia,anemia,,"87.44--Routine chest x-ray, so described"
14515,4381,663c50bafc6892cc64045743,Anemia defisiensi besi,anemia,D50--Iron deficiency anaemia,99.04--Transfusion of packed cells
18110,9147,66ee4b60accdc95b900e4fce,Anemia gravis,anemia,D63.0 -- Anaemia in neoplastic disease,---Belum di Isi
11599,277,65a482be88815a648603af95,anemia berat,anemia,"D64.9--Anaemia, unspecified","90.59--Microscopic examination of blood, Other microscopic examination"
14105,3828,66288ff39db83dc0460f3712,anemia hemolitik,anemia,"D59.9--Acquired haemolytic anaemia, unspecified",99.04 -- Transfusion of packed cells
13717,3323,66189b29f6012a65c007b6fd,anemia aplastik,anemia,D61 -- Other aplastic anaemias,99.05 -- Transfusion of platelets
12778,2064,65e9239a3be92d456e06a198,Angina pectoris,angina pectoris,"R07.4--Chest pain, unspecified",89.52--Electrocardiogram
11656,385,65a9ce0300dd0bee7f03f749,angina pectoris,angina pectoris,"I20.9 -- Angina pectoris, unspecified",89.52--Electrocardiogram
15499,5698,6669163d0c464c48eb08e957,unstable angina,angina pectoris,I20.0--Unstable angina,89.52 -- Electrocardiogram
14230,3995,662f4af1372e2d8530087c68,ludwig angina,angina pectoris,K12.2--Cellulitis and abscess of mouth,86.04--Other incision with drainage of skin and subcutaneous tissue
12137,1117,65c99708bd0eced9a606514e,Angina pectoris,angina pectoris,I20--Angina pectoris,"90.59--Microscopic examination of blood, Other microscopic examination"
14301,4095,6632fb54401fd79d0703b18b,Angina pectoris,angina pectoris,I20 -- Angina pectoris,89.52 -- Electrocardiogram
18796,10025,670f427279179d28630b0daa,Unstable angina pectoris (UAP),angina pectoris,,
17809,8749,66dfa1b3e396e849aa05f3d4,unstable angina pectoris,angina pectoris,I20.0 -- Unstable angina,89.52 -- Electrocardiogram
11974,874,65bc4f353e1a8468870893d3,angina pectoris,angina pectoris,"I20.9--Angina pectoris, unspecified",88.57--Other and unspecified coronary arteriography
11776,585,65b1e33a04691e9ef005195e,appendisitis,appendisitis,"K35.9--Acute appendicitis, unspecified",88.76 -- Diagnostic ultrasound of abdomen and retroperitoneum
18645,9831,67070e71d057a3ef4c0cbd40,peritonitis ec appendisitis,appendisitis,K65.0 -- Acute peritonitis,
13289,2770,6600ef75adeab0e16608d78e,appendisitis akut dengan peritonitis lokal,appendisitis,K35.3--Acute appendicitis with localized peritonitis,47.09--Other appendectomy
18904,10158,67135369fb40b3ba7d04f9a6,appenditis kronis eksaserbasi akut,appendisitis,"K35.8 -- Acute appendicitis, other and unspecified",88.76--Diagnostic ultrasound of abdomen and retroperitoneum
16128,6545,6688991401364b5b51077cc3,Peritonitis Perforasi Appendiks,appendisitis,K35.0--Acute appendicitis with generalized peritonitis,54.11--Exploratory laparotomy
19108,10421,671c6ff76cabca65af070a34,peritonitis ec appendisitis,appendisitis,K65.8--Other peritonitis,47.09--Other appendectomy
16376,6871,6695ce48d84587fc2f0341b2,appendisitis akut,appendisitis,K35.3 -- Acute appendicitis with localized peritonitis,47.09 -- Other appendectomy
15769,6063,66776a7aa54eeb5e34087ef2,peritonitis ec appendistis perforasi,appendisitis,K35.2 -- Acute appendicitis with generalized peritonitis,
13501,3039,660a3326291f2046730f3617,appendisitis acute,appendisitis,"K35.8--Acute appendicitis, other and unspecified","90.59 -- Microscopic examination of blood, Other microscopic examination"
19520,10964,6732bdda0ff5027b4d016553,susp appendisitis,appendisitis,Z03.8--Observation for other suspected diseases and conditions,88.76--Diagnostic ultrasound of abdomen and retroperitoneum
13710,3316,66160870d92010097004a0c3,appendisitis kronis,appendisitis,,
13711,3317,66160871cde2076f1c01e233,appendisitis kronis,appendisitis,K36--Other appendicitis,
15337,5477,665ff3ad27b41a23c5077e25,appendisitis akut,appendisitis,"K35.9 -- Acute appendicitis, unspecified",
13484,3018,660a1596aa06a5e5e206ea02,peritonitis difus ec perforasi appendiks,appendisitis,K35.2--Acute appendicitis with generalized peritonitis,54.11--Exploratory laparotomy
19267,10627,67238eb094012ddaaa0e89bd,abdominal pain susp appendisitis,appendisitis,"Z03.9--Observation for suspected disease or condition, unspecified",88.76--Diagnostic ultrasound of abdomen and retroperitoneum
12241,1262,65cecd822d215de33e0fcaa5,asfiksia berat,asfiksia,P21.0--Severe birth asphyxia,
15754,6038,667635dd5f03ae6656003e6b,NCB SMK lahir SC a/i PEB dengan asfiksia sedang,asfiksia,P03.4 -- Fetus and newborn affected by caesarean delivery,"90.59 -- Microscopic examination of blood, Other microscopic examination"
19424,10840,672d78c7b6dc43c1370a464f,BBL + Bayi Cukup Bulan + Sesuai Masa Kehamilan + Lahir spontan gemelli + Tanpa asfiksia,asfiksia,"Z38.0--Singleton, born in hospital",
17119,7841,66bad1214065eb7f22035213,asfiksia sedang,asfiksia,P21.1 -- Mild and moderate birth asphyxia,"90.59 -- Microscopic examination of blood, Other microscopic examination"
11994,905,65bdb2e1d07c0261e4071cd1,NCB SMK SC a/i impending eklampsia dengan asfiksia sedang,asfiksia,P03.4--Fetus and newborn affected by caesarean delivery,"90.59--Microscopic examination of blood, Other microscopic examination"
11591,268,65a22b473bed0064d809d95a,asfiksia sedang,asfiksia,P21.1--Mild and moderate birth asphyxia,"90.59 -- Microscopic examination of blood, Other microscopic examination"
12039,978,65c19bae48ef88b0560fd60b,asma akut,asma,J45--Asthma,"87.44--Routine chest x-ray, so described"
15000,5023,66515322b648e3bcbe0d6333,asma akut berat,asma,J46--Status asthmaticus,"90.59--Microscopic examination of blood, Other microscopic examination"
16685,7288,66a47c788ce3f686cc08948d,Toxoplasma cerebrin,asma,B20.8--HIV disease resulting in other infectious and parasitic diseases,87.03--Computerized axial tomography of head
15901,6235,667ceedc8974f037e20538d6,Myeloproliferative neoplasma,asma,D47.1--Chronic myeloproliferative disease,99.04--Transfusion of packed cells
11899,763,65b88e5614af8c2b7600685a,Asthma Bronchilae,asma,"J45.9--Asthma, unspecified",93.94--Respiratory medication administered by nebulizer
11765,570,65b1c73622b37c5083050c51,asma akut,asma,J45 -- Asthma,"87.44 -- Routine chest x-ray, so described"
15263,5367,665d6801849efc13890f84b9,Malignant neoplasma of laring,asma,"C32.9--Malignant neoplasm of larynx, unspecified",31.45--Open biopsy of larynx or trachea
14991,5014,6651428615b1ee375e091eff,Asthma,asma,"J45.9 -- Asthma, unspecified","87.44 -- Routine chest x-ray, so described"
17055,7769,66b96aea73e9b46b9800cea3,benign neoplasma of penis,asma,"D29.9 -- Benign neoplasm of male genital organ, unspecified",86.3 -- Other local excision or destruction of lesion or tissue of skin and subcutaneous tissue
19472,10902,67315cf813fcc622410bd7bf,Asma cardiale (ADHF),asma,I50.1--Left ventricular failure,"87.44--Routine chest x-ray, so described"
20098,11706,674c3a0a76eda21da408be45,toxoplasma cerebri,asma,B58.2--Toxoplasma meningoencephalitis,87.03 -- Computerized axial tomography of head
14422,4254,663856f7cf3d3c34a3014ca4,atresia jejenum,atresia,"Q41.1--Congenital absence, atresia and stenosis of jejunum",
17608,8480,66d54643af030e44dc02381e,Atresia duodenum,atresia,"Q41.0--Congenital absence, atresia and stenosis of duodenum",45.91--Small-to-small intestinal anastomosis
11584,254,65a207136fb7a0c99509fcd6,Atresia billier,atresia,Q44.2--Atresia of bile ducts,"90.59--Microscopic examination of blood, Other microscopic examination"
17798,8737,66de845759d4a7924d078783,atresia ani,atresia,"Q42.3 -- Congenital absence, atresia and stenosis of anus without fistula",46.11--Temporary colostomy
15948,6297,667f70f7f5465c41bd04031a,Atresia ani letak tinggi,atresia,"Q42.1 -- Congenital absence, atresia and stenosis of rectum without fistula",45.94 -- Large-to-large intestinal anastomosis
18305,9386,66f612500a879c027c0b4ee0,atresia esofagus tipe C,atresia,Q39.0 -- Atresia of oesophagus without fistula,---Belum di Isi
13136,2554,65fa5143f38cf2e4dc0a860f,atresia ani dengan fistel,atresia,"Q42.2--Congenital absence, atresia and stenosis of anus with fistula",49.79 -- Other repair of anal sphincter
18746,9965,670c9249466418f12602dc63,atresia ileum,atresia,"Q41.2 -- Congenital absence, atresia and stenosis of ileum","45.00--Incision of intestine, not otherwise specified"
11853,691,65b4afa4572b2a8e5d0a74c6,Atresia Esofagus,atresia,Q39.1--Atresia of oesophagus with tracheo-oesophageal fistula,43.19--Other gastrostomy
13265,2737,65fe5598bb95fa83c30a332f,atresia ani,atresia,"Q42.3--Congenital absence, atresia and stenosis of anus without fistula",46.11--Temporary colostomy
15226,5322,665d22b03502caf3050035a5,atresia ani,atresia,,
18571,9727,6704921947acb7a27c0b39a3,atresia ani,atresia,"Q42.0 -- Congenital absence, atresia and stenosis of rectum with fistula",45.95--Anastomosis to anus
14744,4686,6645715d0af77caf7b0c433e,Atrial Fibrilasi,atrial fibrilasi,I48--Atrial fibrillation and flutter,89.52--Electrocardiogram
14683,4595,6642d87b54e6d0cb660a031d,atrial fibrilasi,atrial fibrilasi,I48 -- Atrial fibrillation and flutter,89.52 -- Electrocardiogram
13013,2383,65f3d387b62bd4f9460854c9,batu ginjal sin,batu ginjal,N20.0--Calculus of kidney,55.04 -- Percutaneous nephrostomy with fragmentation
17851,8801,66e0d3d64550c5ca5c03eb16,Batu ginjal kiri,batu ginjal,N20.0 -- Calculus of kidney,55.04--Percutaneous nephrostomy with fragmentation
17086,7803,66b9b585aa71e0f798041e52,batu staghorn,batu staghorn,"N20.9 -- Urinary calculus, unspecified",55.03 -- Percutaneous nephrostomy without fragmentation
14138,3871,6629fcee039d7e5e2d07b74f,batu staghorn inkomplete sinistra,batu staghorn,N20.0--Calculus of kidney,55.03--Percutaneous nephrostomy without fragmentation
13225,2682,65fceb63ef1154177a01a6a0,batu staghorn ginjak kiri,batu staghorn,N20.0 -- Calculus of kidney,55.04 -- Percutaneous nephrostomy with fragmentation
17593,8458,66d521302cadf634c00de1c3,batu staghorn dextra,batu staghorn,"N20.9--Urinary calculus, unspecified",55.03--Percutaneous nephrostomy without fragmentation
11804,626,65b32b5f809293f298061e14,batu ureter bilateral,batu ureter,N20.1--Calculus of ureter,88.01 -- Computerized axial tomography of abdomen
16328,6803,66920977145d59a785029224,batu ureter + batu calyx,batu ureter,N20.2--Calculus of kidney with calculus of ureter,56.2--Ureterotomy
12440,1586,65d800db7fa54719b50cfaff,Batu Ureter dx + Hydronpehrosis dx,batu ureter,N13.2--Hydronephrosis with renal and ureteral calculous obstruction,56.31--Ureteroscopy
12018,948,65c0528832a2d913cf012799,batu ureter sn,batu ureter,N20.1 -- Calculus of ureter,56.2 -- Ureterotomy
16225,6677,668e2c92f1ac5c14ba0fa524,batu ureter,batu ureter,"N20.9--Urinary calculus, unspecified",56.31--Ureteroscopy
19679,11177,67386be209c3d5efce08acd3,Batu ureter dextra,batu ureter,N20.0--Calculus of kidney,56.31 -- Ureteroscopy
18779,10005,670f04f826de633ee60a03ac,BATU URETER DEXTRA,batu ureter,,---Belum di Isi
15278,5393,665e83b6502481ff600c2431,large common bile duct stone para billliary stone ( 5 bln yang lalu),bile duct,K80.2--Calculus of gallbladder without cholecystitis,51.11--Endoscopic retrograde cholangiography (ERC)
18742,9959,670c79bf3a440e3daa05ec2f,strictur bile duct,bile duct,D13.5 -- Benign neoplasm of extrahepatic bile ducts,51.85 -- Endoscopic sphincterotomy and papillotomy
19339,10719,67282d26fb8551bdfc01e889,"Stenosis Common Bile Duct ec  Malignancy Caput Pankreas,",bile duct,C25.0--Malignant neoplasm of head of pancreas,51.22--Cholecystectomy
14489,4349,663aedb718f61d5c4a0f714c,adenocarcinoma common bile duct,bile duct,C22.1--Intrahepatic bile duct carcinoma,"87.44--Routine chest x-ray, so described"
14099,3818,662873f7f0ca30507309240e,"Stenosis Common Bile Duct ec. Susp. Kolangiocarcinoma,",bile duct,,
12024,956,65c0777b2a238029130f0556,common bile duct stone,bile duct,K80.5--Calculus of bile duct without cholangitis or cholecystitis,51.41--Common duct exploration for removal of calculus
18546,9700,6703830520d1cafdd90c0a7d,"Stenosis Common Bile Duct ec. Adenocarcinoma Pankreas,",bile duct,K83.1 -- Obstruction of bile duct,51.22--Cholecystectomy
11490,88,659b5fe2dc896c44d2038682,"Perforasi Common Bile Duct ec, Kelitiasis + Kolesistitis (Mirizi Syndrome type V)",bile duct,K83.2--Perforation of bile duct,54.11--Exploratory laparotomy
16574,7126,669e016cb48d7cb4710b9bec,Bile duct stone,bile duct,K80.3 -- Calculus of bile duct with cholangitis,51.51 -- Exploration of common bile duct
17504,8332,66ceb6de56b997a3f302a1ff,"Gastric Outlet Obstruction ec Susp Malignancy Pankreas Unresectable, Invasi Common Bile Duct + Carcinomatosis Cavum Abdomen + Metastase Hepar,",bile duct,K31.1--Adult hypertrophic pyloric stenosis,54.11 -- Exploratory laparotomy
17383,8174,66c7eed5e81b12f0630afa16,"Stenosis Common Bile Duct ec. Susp Kolangiocarcinoma,",bile duct,K83.1--Obstruction of bile duct,51.23--Laparoscopic cholecystectomy
13134,2552,65fa4e308ce04ac24e0bec5b,Stenosis Common Bile Duct ec Susp. Kolangiocarcinoma,bile duct,"C25.9--Malignant neoplasm of pancreas, unspecified",51.36--Choledochoenterostomy
15112,5170,665689d1f5cd3e5b170b53af,common bile duct stone + cholangitis,bile duct,K83.0--Cholangitis,39.95--Hemodialysis
14204,3958,662e6eb3681302b30a02f8d4,Bile duct stone + cholescytitis,bile duct,K80.1--Calculus of gallbladder with other cholecystitis,51.22--Cholecystectomy
14792,4753,6646db93bee58efce000b3d4,bile duct stone,bile duct,K80.4--Calculus of bile duct with cholecystitis,88.96--Other intraoperative magnetic resonance imaging
13544,3099,660cc49c1a2b044ec70f2d65,trauma bile duct injury,bile duct,S36.1--Injury of liver or gallbladder,97.41--Removal of thoracotomy tube or pleural cavity drain
15461,5648,66667e2a9f9ff7c9a5057ab6,gang. afektif bipolar,bipolar,"F31.9 -- Bipolar affective disorder, unspecified",94.38 -- Supportive verbal psychotherapy
13515,3060,660a572c017b52da3c03392d,gang. afektif bipolar,bipolar,"F31.9--Bipolar affective disorder, unspecified",94.38 -- Supportive verbal psychotherapy
12282,1325,65d045ea86a53cf8660914b5,gang afektif bipolar ep kini manik,bipolar,"F31.2--Bipolar affective disorder, current episode manic with psychotic symptoms",94.38--Supportive verbal psychotherapy
14788,4747,6646d72454bec245840c2653,gang. afektif bipolar eps kini manik dengna gangg psikotik,bipolar,"F31.5 -- Bipolar affective disorder, current episode severe depression with psychotic symptoms",94.38 -- Supportive verbal psychotherapy
18403,9522,66fcc74abb3d3018180ae157,gang.bipolar fase depresi,bipolar,"F31.4 -- Bipolar affective disorder, current episode severe depression without psychotic symptoms","94.12--Routine psychiatric visit, not otherwise specified"
12023,955,65c0756af41fec9e7b0fdd40,gangguan afektif bipolar ep kini campuran,bipolar,"F31.6--Bipolar affective disorder, current episode mixed",94.38--Supportive verbal psychotherapy
11847,684,65b4933b30db7c0e0c056d0c,Gangguan Afektif Bipolar,bipolar,F31--Bipolar affective disorder,94.38--Supportive verbal psychotherapy
14998,5021,66515248cc15b9734404d3b9,gang. afektif bipolar eps kini manik dengan gejala psikotik,bipolar,"F31.2 -- Bipolar affective disorder, current episode manic with psychotic symptoms",94.38 -- Supportive verbal psychotherapy
12281,1324,65d042baf41443dd5504a6d1,gangguan afektif bipolar,bipolar,F31.8--Other bipolar affective disorders,94.38--Supportive verbal psychotherapy
16653,7244,66a30eaea2713e068f0b80e5,bone exposed,bone exposed,"T81.3--Disruption of operation wound, not elsewhere classified","86.70 -- Pedicle or flap graft, not otherwise specified"
18998,10273,671718e6d925fad6140ae8fa,bone exposed cruris,bone exposed,T84.5--Infection and inflammatory reaction due to internal joint prosthesis,86.69--Other skin graft to other sites
14995,5018,66514bf27792fe53720d1439,bone exposed,bone exposed,"T84.4--Mechanical complication of other internal orthopaedic devices, implants and grafts","86.22--Excisional debridement of wound, infection, or burn"
16284,6750,6690a9e0ffa3fb919609da96,bradikardi,bradikardia,"R00.1 -- Bradycardia, unspecified",89.52 -- Electrocardiogram
14751,4695,66457c0bafea8095ee0231a5,bradikardi,bradikardia,"R00.1--Bradycardia, unspecified",89.52 -- Electrocardiogram
12434,1575,65d7f07cebb42ce8ff0bf909,akut bronkitis,bronkitis,"J40--Bronchitis, not specified as acute or chronic","87.44 -- Routine chest x-ray, so described"
13015,2388,65f3d87c9cb87252f00faf06,Bronkitis,bronkitis,"J20.9--Acute bronchitis, unspecified","87.44--Routine chest x-ray, so described"
17511,8344,66cfc4ef9a0db0feb900e596,Bronkitis,bronkitis,J20.8 -- Acute bronchitis due to other specified organisms,"87.44--Routine chest x-ray, so described"
14626,4522,66418c6016ec75d3f70f9d6f,Bronkitis,bronkitis,"J40 -- Bronchitis, not specified as acute or chronic","87.44 -- Routine chest x-ray, so described"
17872,8828,66e13cc99aeac28f890cbd05,bronkitis akut,bronkitis,J20 -- Acute bronchitis,88.76 -- Diagnostic ultrasound of abdomen and retroperitoneum
14986,5009,66504a0c8f3c6ebdd70365e6,Bronkitis,bronkitis,J20--Acute bronchitis,"90.59--Microscopic examination of blood, Other microscopic examination"
14167,3908,662b497db841e8c6a608976d,bronkitis,bronkitis,J20.8--Acute bronchitis due to other specified organisms,"90.59--Microscopic examination of blood, Other microscopic examination"
18664,9856,67079b56b36206fbcd01e191,bronkitis akut,bronkitis,"J20.9 -- Acute bronchitis, unspecified","87.44--Routine chest x-ray, so described"
13324,2815,66023a93ed9ff9e22404d7c8,BPSD pada dementia alzheimer vaskular ? azheimer,bronkopneumonia,F03--Unspecified dementia,94.38--Supportive verbal psychotherapy
12412,1540,65d6ca5ecb9a93f4e60a54fd,LBP,bronkopneumonia,M54.5--Low back pain,
14048,3745,662609491fffb48aeb0fb194,Varicella + BP,bronkopneumonia,B01.2--Varicella pneumonia,"90.59 -- Microscopic examination of blood, Other microscopic examination"
19777,11300,673d6b2bdd3a18cd500132d0,bppv,bronkopneumonia,H81.1--Benign paroxysmal vertigo,89.52--Electrocardiogram
11491,90,659b6114224083407603a31a,BP,bronkopneumonia,"J18.0 -- Bronchopneumonia, unspecified","90.59 -- Microscopic examination of blood, Other microscopic examination"
16085,6485,6686020b36afab6bdb0f0789,BP,bronkopneumonia,"A49.9--Bacterial infection, unspecified","87.44--Routine chest x-ray, so described"
13079,2474,65f7bde25252d536e30bf70c,BP,bronkopneumonia,"J18.9 -- Pneumonia, unspecified","90.59 -- Microscopic examination of blood, Other microscopic examination"
12235,1255,65cec094a9c4a230590b9e6a,BP,bronkopneumonia,"J18.9--Pneumonia, unspecified","90.59--Microscopic examination of blood, Other microscopic examination"
13610,3187,660f6769fb55234df40ccb0b,BP dengan morbilli,bronkopneumonia,B05.2--Measles complicated by pneumonia,"90.59--Microscopic examination of blood, Other microscopic examination"
13787,3410,661e22d330b67118300f0fa1,BPPV,bronkopneumonia,H81.1 -- Benign paroxysmal vertigo,"90.59 -- Microscopic examination of blood, Other microscopic examination"
11512,130,659cc9b8a2d0a1c7e80069a6,bp,bronkopneumonia,"J18.0--Bronchopneumonia, unspecified","87.44--Routine chest x-ray, so described"
13826,3465,661f510625008e88e10edcf3,bp,bronkopneumonia,J44.0--Chronic obstructive pulmonary disease with acute lower respiratory infection,"90.59--Microscopic examination of blood, Other microscopic examination"
17107,7827,66bac4be40df25b51305b1c4,SCC mandibula,carcinoma,C41.1--Malignant neoplasm of mandible,"90.59--Microscopic examination of blood, Other microscopic examination"
17067,7781,66b9752a73e9b46b9800cecd,SCC pedis dextra,carcinoma,C44.5 -- Malignant neoplasm of skin of trunk,84.15 -- Other amputation below knee
11523,148,659dfbfb0078fe928c049bf0,SCC bronkus,carcinoma,"C34.9--Malignant neoplasm of bronchus or lung, unspecified","90.59--Microscopic examination of blood, Other microscopic examination"
14533,4407,663de0ccacdc1fd7cd0cdc02,SCC genu sn,carcinoma,"C44.7 -- Malignant neoplasm of skin of lower limb, including hip",86.4 -- Radical excision of skin lesion
15154,5223,6657f2f023451e235a082969,HNSCC,carcinoma,"C76.0--Malignant neoplasm of head, face and neck",
11897,760,65b889e60a606b05bf027ec9,SCC trigonum retromolare,carcinoma,C06.2--Malignant neoplasm of retromolar area,99.24--Injection of other hormone
18548,9702,6703b2bb182a25909b023046,HNSCC,carcinoma,"C11.9 -- Malignant neoplasm of nasopharynx, unspecified","87.44--Routine chest x-ray, so described"
14071,3783,662735a502a417013b04f7e5,Scc penis,carcinoma,"C60.9--Malignant neoplasm of penis, unspecified","87.44--Routine chest x-ray, so described"
11703,472,65ab5f6451357c013a0cd8fe,scc mandibula,carcinoma,C44.3--Malignant neoplasm of skin of other and unspecified parts of face,76.31--Partial mandibulectomy
19547,10999,6733f5fa7a61f38c72058c82,CKR,cedera kepala,"S06.01--Concussion, with open intracranial wound",87.03--Computerized axial tomography of head
11968,865,65bb631ac4d7318e47074343,CKR,cedera kepala,S06.0--Concussion,
12264,1299,65cf0d70226415ea17090af1,Cedera Kepala Ringan,cedera kepala,S06.0 -- Concussion,
14215,3974,662f085f65a584c89803b43e,Cedera Kepala Sedang,cedera kepala,S09.9--Unspecified injury of head,87.03 -- Computerized axial tomography of head
14135,3867,6629dd10a8f4bc3a7e005330,Cedera kepala ringan,cedera kepala,"S06.00 -- Concussion, without open intracranial wound",87.03 -- Computerized axial tomography of head
15285,5406,665e8f13daa360f96f0341be,ckr,cedera kepala,"S06.00--Concussion, without open intracranial wound",87.03 -- Computerized axial tomography of head
12678,1943,65e54dea85ad09f588044135,Cedera Kepala Ringan,cedera kepala,,
11818,644,65b3633ab878bf72f50cc117,cerebral infarc,cerebral infark,"I63.9 -- Cerebral infarction, unspecified",87.03 -- Computerized axial tomography of head
11546,190,659f71dd6e7869d97705dc4b,cerebral infark,cerebral infark,"I63.9--Cerebral infarction, unspecified",87.03--Computerized axial tomography of head
14343,4147,66345dd34353402bcc096a6a,Cerebral Infraction,cerebral infark,I69.3--Sequelae of cerebral infarction,88.41 -- Arteriography of cerebral arteries
19936,11503,67453b01c028ef6f1e0f933d,chestpain ec susp UAP,chest pain,I20.0--Unstable angina,89.52 -- Electrocardiogram
18611,9782,67054523989d206f200f1126,atipical chest pain,chest pain,R07.3 -- Other chest pain,89.52 -- Electrocardiogram
15632,5868,66706066d6295bd8fd0b7a92,atypical chest pain,chest pain,"R07.4 -- Chest pain, unspecified","90.59 -- Microscopic examination of blood, Other microscopic examination"
12495,1669,65dc34874b75edb8ab0ac214,Atipical chest pain,chest pain,"R07.4--Chest pain, unspecified",
16362,6856,6694c80f865089530e0211e1,cholecystitis,cholecystitis,K81.0--Acute cholecystitis,88.76--Diagnostic ultrasound of abdomen and retroperitoneum
13833,3474,661f60cc73acb128b10e8646,cholecystitis calculus,cholecystitis,K80.1--Calculus of gallbladder with other cholecystitis,51.22--Cholecystectomy
16007,6381,66824a69ade1f461de003b4d,cholecystitis Acalculi,cholecystitis,K81.8--Other cholecystitis,51.22--Cholecystectomy
18935,10194,6715aa332be97548f404b823,cholecystitis,cholecystitis,K81.0 -- Acute cholecystitis,"90.59 -- Microscopic examination of blood, Other microscopic examination"
15773,6068,6678110fecd612f51f09a3f2,cholecystitis calculi,cholecystitis,K80.2--Calculus of gallbladder without cholecystitis,51.23 -- Laparoscopic cholecystectomy
15412,5585,6662ac3f1bb09485e50ca7fb,cholecystitis,cholecystitis,K81--Cholecystitis,99.18--Injection or infusion of electrolytes
18931,10189,6715a002b0bf6e0bd40c707d,cholecystitis acalculus walling off,cholecystitis,"K81.9 -- Cholecystitis, unspecified",88.01 -- Computerized axial tomography of abdomen
11730,512,65af311bcd56424126090c81,cholecystitis calculi,cholecystitis,K80.0--Calculus of gallbladder with acute cholecystitis,51.23--Laparoscopic cholecystectomy
15291,5413,665e9bf72bd763341a0c8cbb,cholecystitis kronis,cholecystitis,K81 -- Cholecystitis,51.21 -- Other partial cholecystectomy
18222,9279,66f2996f1a28249f2a0312f2,cholecystitis,cholecystitis,K81.1 -- Chronic cholecystitis,88.76 -- Diagnostic ultrasound of abdomen and retroperitoneum
15298,5420,665ea6d8a86aafa98a04e12c,cholecystitis calculus,cholecystitis,K80.1 -- Calculus of gallbladder with other cholecystitis,51.22 -- Cholecystectomy
12738,2011,65e7d0f99742ead3960e2120,Cholangitis et cholecystitis,cholecystitis,K83.0--Cholangitis,88.01--Computerized axial tomography of abdomen
11813,637,65b34efd472cec6bba0b834b,Cholecystitis,cholecystitis,"K81.9--Cholecystitis, unspecified","90.59--Microscopic examination of blood, Other microscopic examination"
12423,1554,65d6e1aaa2d56de8150b913c,Cholestasis,cholelithiasis,K71.0--Toxic liver disease with cholestasis,88.01--Computerized axial tomography of abdomen
13799,3427,661f2b1a1fd3820e8b02a6ed,cholelithiasis,cholelithiasis,K80.8 -- Other cholelithiasis,88.76 -- Diagnostic ultrasound of abdomen and retroperitoneum
14646,4553,6641aebf6faccf800f02625d,Choledocholelithiasis,cholelithiasis,K80.8--Other cholelithiasis,88.76 -- Diagnostic ultrasound of abdomen and retroperitoneum
19258,10612,6722f5b97c588ce774023236,cholesistitis,cholelithiasis,K81.0--Acute cholecystitis,88.76--Diagnostic ultrasound of abdomen and retroperitoneum
13562,3118,660cdbdc8ab4af68580bda1b,cholesistitis,cholelithiasis,K81--Cholecystitis,88.74--Diagnostic ultrasound of digestive system
18212,9268,66f25edc061432cebd022e75,cholesistitis,cholelithiasis,K81 -- Cholecystitis,88.76--Diagnostic ultrasound of abdomen and retroperitoneum
18131,9170,66ef7fc8462f5102a10d9ad9,Cholesistitis,cholelithiasis,K81.0 -- Acute cholecystitis,---Belum di Isi
15307,5434,665fc9a2a7c8b985220c5452,Cholesistolitiasis,cholelithiasis,K80.1 -- Calculus of gallbladder with other cholecystitis,88.76 -- Diagnostic ultrasound of abdomen and retroperitoneum
15178,5252,66581f563ab26246770cebb2,cholelithiasis disertai cholecistitis,cholelithiasis,K80.0--Calculus of gallbladder with acute cholecystitis,"90.59 -- Microscopic examination of blood, Other microscopic examination"
12247,1271,65ced9fdcfb051c2a80e5755,cholelitiasis,cholelithiasis,K80--Cholelithiasis,"90.59--Microscopic examination of blood, Other microscopic examination"
20281,11948,675273ca2b45f85e490fe92f,Cholesistitis,cholelithiasis,K81.1--Chronic cholecystitis,"90.59 -- Microscopic examination of blood, Other microscopic examination"
12784,2072,65e93280733b90834101ce6b,invasive choletial ca bladder,cholelithiasis,C67--Malignant neoplasm of bladder,"87.44--Routine chest x-ray, so described"
14444,4287,66398493610b42a2d60bb695,cholelithiasis,cholelithiasis,K80.2 -- Calculus of gallbladder without cholecystitis,
11548,193,659f75324c15a523bc07a7d1,cholesistitis,cholelithiasis,"K81.9--Cholecystitis, unspecified",94.38--Supportive verbal psychotherapy
11904,770,65b8975752b4decefa04abf6,Cholelithiasis,cholelithiasis,K80.2--Calculus of gallbladder without cholecystitis,88.01--Computerized axial tomography of abdomen
14436,4274,663878cd7a1bf0b7790ca8ff,cholesistitis calculus,cholelithiasis,K80.1--Calculus of gallbladder with other cholecystitis,51.22--Cholecystectomy
11625,320,65a5f376b8c32b7fcd06f1af,koledocolithiasis cholelitiasis,cholelithiasis,K80.5--Calculus of bile duct without cholangitis or cholecystitis,51.51--Exploration of common bile duct
17259,8023,66c2dd5551557eb8c401c3ce,cholelitiasis disertai cholesistitis,cholelithiasis,K80.0 -- Calculus of gallbladder with acute cholecystitis,88.76 -- Diagnostic ultrasound of abdomen and retroperitoneum
13568,3125,660ce12b6a60b44d6e03fb97,ckd st3,chronic kidney disease,"N18.3--Chronic kidney disease, stage 3","90.59--Microscopic examination of blood, Other microscopic examination"
11477,62,6598c8c8e6ce07124e0b161e,CKD on HD,chronic kidney disease,"N18.5--Chronic kidney disease, stage 5",39.95--Hemodialysis
13601,3177,660f5e71c2e3d256c102a2f9,CKD St 5,chronic kidney disease,I13.2--Hypertensive heart and renal disease with both (congestive) heart failure and renal failure,99.04--Transfusion of packed cells
11455,22,659624ab84df4c65780a48bc,"Hipotensi, CKD, HT",chronic kidney disease,I12.0--Hypertensive renal disease with renal failure,89.52--Electrocardiogram
18377,9483,66fb7bc4269652565700423d,CKD stage V,chronic kidney disease,"N18.9 -- Chronic renal failure, unspecified",38.95--Venous catheterization for renal dialysis
18272,9348,66f4e386506aa495bb06dbcc,CKD st IV,chronic kidney disease,"N18.4 -- Chronic kidney disease, stage 4",99.18 -- Injection or infusion of electrolytes
18941,10201,6715b62105de6a285702b8be,AKI riffle R dd acute on CKD,chronic kidney disease,N19 -- Unspecified renal failure,"87.44--Routine chest x-ray, so described"
13689,3289,661346692f534cbfe50b335d,CKD st V,chronic kidney disease,I12.0 -- Hypertensive renal disease with renal failure,"90.59 -- Microscopic examination of blood, Other microscopic examination"
16057,6445,6684c2c702420a5d38038f2d,CKD St III,chronic kidney disease,"N18.3 -- Chronic kidney disease, stage 3","90.59 -- Microscopic examination of blood, Other microscopic examination"
16053,6441,6684befd1319854929017f16,CKD,chronic kidney disease,"N18.9--Chronic renal failure, unspecified",99.07--Transfusion of other serum
14844,4822,664a98f842715d5ad607558b,CKD st 5,chronic kidney disease,I21.0--Acute transmural myocardial infarction of anterior wall,87.03--Computerized axial tomography of head
19840,11382,6740107897b9fe786b0f6cc3,AMI acute on CKD,chronic kidney disease,"I21.9--Acute myocardial infarction, unspecified",87.03--Computerized axial tomography of head
11664,394,65a9e854c3fb3102ca0975e3,CKD,chronic kidney disease,"N18.4--Chronic kidney disease, stage 4","87.44 -- Routine chest x-ray, so described"
13343,2836,66025099461b848e1f0c2330,CKD st V on HD,chronic kidney disease,,88.76--Diagnostic ultrasound of abdomen and retroperitoneum
17662,8553,66d7b0f17cac29b5400da6df,ckd,chronic kidney disease,N18 -- Chronic kidney disease,87.03--Computerized axial tomography of head
12153,1135,65c9c3aeec0486e9310cd536,CKD,chronic kidney disease,N18.8--Other chronic renal failure,"90.59--Microscopic examination of blood, Other microscopic examination"
19517,10961,6732b9c847ea3bfc440376c0,Anemia e.c CKD,chronic kidney disease,"D64.9--Anaemia, unspecified",89.52--Electrocardiogram
18173,9218,66f10cb158bdedefc806cbcd,aki dd acute on ckd,chronic kidney disease,"N17.9 -- Acute renal failure, unspecified",88.76--Diagnostic ultrasound of abdomen and retroperitoneum
11887,747,65b8740e497a55c29a02787c,CKD st 5,chronic kidney disease,"N18.5 -- Chronic kidney disease, stage 5",99.04 -- Transfusion of packed cells
19824,11361,673fb188ba3d57fdd60b71fb,CKD ec obstruksi uropati ec susp ca buli,chronic kidney disease,C67--Malignant neoplasm of bladder,57.0--Transurethral clearance of bladder
13622,3206,660f7c90b8da1cb9670512e9,Akut on CKD,chronic kidney disease,"N17.9--Acute renal failure, unspecified",99.04--Transfusion of packed cells
20627,12383,6762416c9d1856a8c302f819,colic abdomen,colic,"A04.9--Bacterial intestinal infection, unspecified","90.59--Microscopic examination of blood, Other microscopic examination"
17289,8063,66c40ede9909a1b872022984,colic renal,colic,N23 -- Unspecified renal colic,
13748,3363,661d1688a1d943c7190cff36,colic abdomen,colic,R10.4--Other and unspecified abdominal pain,"90.59 -- Microscopic examination of blood, Other microscopic examination"
15985,6352,668213219154a71ea90829cc,colic abdomen,colic,R10.4 -- Other and unspecified abdominal pain,"90.59 -- Microscopic examination of blood, Other microscopic examination"
13802,3431,661f2e24736b64b5fe07d110,colic abdomen,colic,R10.0 -- Acute abdomen,
20545,12287,675f79bce9910297440ec892,colic abd ec Cholesistitis,colic,K81.0--Acute cholecystitis,88.76--Diagnostic ultrasound of abdomen and retroperitoneum
20041,11643,67494732cb06c8da8e059565,colic abdomen ec nephrolitiasis sinistra,colic,N20.0--Calculus of kidney,88.76--Diagnostic ultrasound of abdomen and retroperitoneum
15784,6081,6678db6003f146caa4091fff,Colic abdomen,colic,R10--Abdominal and pelvic pain,"90.59--Microscopic examination of blood, Other microscopic examination"
17882,8838,66e25f580fec03892c0af51d,colic abdomen ec ileus paralitik,colic,"K56.7 -- Ileus, unspecified",
20096,11704,674c2e86b08d9a05cc02eb93,colic Abdomen susp Ca colon metastasis Hepar,colic,Z03.1--Observation for suspected malignant neoplasm,88.19--Other x-ray of abdomen
12973,2325,65f28adf4e26514b3204dd94,colic renal,colic,N23--Unspecified renal colic,88.76--Diagnostic ultrasound of abdomen and retroperitoneum
18310,9395,66f61cebeb9cb13a79053fab,colitis,colitis,A09.9 -- Gastroenteritis and colitis of unspecified origin,45.23 -- Colonoscopy
12428,1563,65d6f5596aa778f30b0d1b73,colitis ulcerative colon,colitis,K51.8--Other ulcerative colitis,99.04 -- Transfusion of packed cells
12010,931,65c036470af6d74ef3038add,colitis,colitis,A09.9--Gastroenteritis and colitis of unspecified origin,45.23--Colonoscopy
18677,9875,6707f836370ec353d4088c0e,colitis ulceratifa,colitis,K51 -- Ulcerative colitis,45.23--Colonoscopy
20653,12423,676395f0da2cc2670f014b2a,colitis dd keganasan colorectal,colitis,K51.3--Ulcerative (chronic) rectosigmoiditis,45.23--Colonoscopy
20434,12151,675a5c787a9aec704805dad5,colitis s/ granuloma tb,colitis,K51.0--Ulcerative (chronic) enterocolitis,45.23 -- Colonoscopy
17812,8753,66dfa6abdd355f010e0cb47a,susp colitis,colitis,"K51.9 -- Ulcerative colitis, unspecified",99.04--Transfusion of packed cells
16443,6963,6698969439710c526006ed62,colitis,colitis,"K52.9 -- Noninfective gastroenteritis and colitis, unspecified",88.76 -- Diagnostic ultrasound of abdomen and retroperitoneum
19839,11381,67400d098d4f951fdc0cc981,colitis,colitis,A09.0--Other and unspecified gastroenteritis and colitis of infectious origin,45.23--Colonoscopy
12221,1231,65cd9320a33fae459809cb54,konstipasi ec colitis,colitis,"K51.9--Ulcerative colitis, unspecified",88.02--Other abdomen tomography
18005,9012,66ea3e659717502d2f071c61,colitis,colitis,A09.0 -- Other and unspecified gastroenteritis and colitis of infectious origin,---Belum di Isi
12640,1868,65e1a088d2195f40b9007aa2,colitis colon sn,colitis,"K52.9--Noninfective gastroenteritis and colitis, unspecified",45.23--Colonoscopy
12641,1870,65e1ae54d316e3aaae0fb662,colitis granulomatous dd chron isease,colitis,K50.1--Crohn's disease of large intestine,45.25--Closed (endoscopic) biopsy of large intestine
18407,9526,66fccdaae721756e9b07e3e4,giant condiloma akuminata,condyloma,A63.0 -- Anogenital (venereal) warts,83.49 -- Other excision of soft tissue
14197,3946,662c9a3871c5595cb3060548,Condyloma acuminata,condyloma,A63.0--Anogenital (venereal) warts,86.3 -- Other local excision or destruction of lesion or tissue of skin and subcutaneous tissue
21078,12988,677616df313e44613405b063,condiloma anus,condyloma,A51.3--Secondary syphilis of skin and mucous membranes,86.3--Other local excision or destruction of lesion or tissue of skin and subcutaneous tissue
16163,6595,668c8fcc7b19cb59200b1936,congenital tissue lip,congenital tissue,"Q38.0 -- Congenital malformations of lips, not elsewhere classified",27.41 -- Labial frenectomy
13793,3416,661ef2c1d2d382a29c0321f4,congenital tisuue lip,congenital tissue,"Q38.0--Congenital malformations of lips, not elsewhere classified",27.43--Other excision of lesion or tissue of lip
16601,7168,669f4f9ba13a65a7330eed8e,congenital tissue lip,congenital tissue,,
16652,7243,66a309ad9b51740f400f05ba,CAD 3 VD,coronary artery disease,"I25.0--Atherosclerotic cardiovascular disease, so described",00.66 -- Parcutaneous transluminal coronary angioplasty (PTCA) or coronary atherectomy
13723,3332,6619eedec8a1c1a15d0eaeb5,CAD,coronary artery disease,"I25.0 -- Atherosclerotic cardiovascular disease, so described","90.59 -- Microscopic examination of blood, Other microscopic examination"
11448,7,6594d2b782c12c7c6709f6c3,CAD,coronary artery disease,I25.1--Atherosclerotic heart disease,00.66--Parcutaneous transluminal coronary angioplasty (PTCA) or coronary atherectomy
11682,427,65aa22c3b1d26c26250d2a70,CAD,coronary artery disease,I25.2--Old myocardial infarction,37.28--Intracardial echocardiography
13658,3250,6610c0d6bad0f554e909fb41,CAD,coronary artery disease,I25.2 -- Old myocardial infarction,
19683,11182,673935345459ca7e1d05ad41,CAD (OMI inferior),coronary artery disease,I21.0--Acute transmural myocardial infarction of anterior wall,89.52 -- Electrocardiogram
18682,9881,670879d1d842ef1164038560,ADHF ec CAD,coronary artery disease,"I25.9 -- Chronic ischaemic heart disease, unspecified",88.57--Other and unspecified coronary arteriography
11500,109,659cb69653c37a0ce70e64ca,CAD,coronary artery disease,,89.52--Electrocardiogram
12383,1490,65d57542c0e795e66800b9c6,CAD,coronary artery disease,I25.1 -- Atherosclerotic heart disease,"90.59 -- Microscopic examination of blood, Other microscopic examination"
11444,1,659359e80b64ab8151020a4c,CAD,coronary artery disease,"I25.9--Chronic ischaemic heart disease, unspecified",89.52--Electrocardiogram
13825,3464,661f503398169bb44c049a02,corpus alienum manus sinistra,corpus alienum,"S61.9--Open wound of wrist and hand part, part unspecified",98.26--Removal of foreign body from hand without incision
16427,6939,66987090d93151647502b8af,"abses ec corpus alienum (seng), a/r 1/3 medial femur dextra aspek lateral",corpus alienum,S71.1--Open wound of thigh,86.05--Incision with removal of foreign body from skin and subcutaneous tissue
21083,12996,677627a9c75b9ef309033deb,Corpus alienum pedis sinistra,corpus alienum,S90.83--Superficial foreign body of ankle and foot (IM),98.28 -- Removal of foreign body from foot without incision
17349,8135,66c6b8f0827f9e118a0646f4,corpus alienum a/r phalang media digiti II manus sinistra,corpus alienum,S61.0--Open wound of finger(s) without damage to nail,"98.20 -- Removal of foreign body, not otherwise specified"
16167,6603,668caac443cf937ee60d03f5,corpus alienum esofagus,corpus alienum,T18.1--Foreign body in oesophagus,98.02--Removal of intraluminal foreign body from esophagus without incision
14394,4219,66382eab5509594f4a0b9a5e,corpus alienum regio cruris sinistra,corpus alienum,"T13.0 -- Superficial injury of lower limb, level unspecified",86.05 -- Incision with removal of foreign body from skin and subcutaneous tissue
16848,7504,66ac76baffac2e3aa00f4919,corpus alienum a.r thumb,corpus alienum,"M60.24--Foreign body graniloma of soft tissue, hand","86.22--Excisional debridement of wound, infection, or burn"
15768,6062,667767fd1beb8b4b270c8252,corpus alienum a/r GI tract,corpus alienum,T18.2--Foreign body in stomach,
11670,404,65a9f14216ddcfe037075755,corpus alienum a/r plantar pedis dexstra,corpus alienum,S81.8--Open wound of other parts of lower leg,86.05--Incision with removal of foreign body from skin and subcutaneous tissue
16679,7282,66a46df1a15ea90ceb0f875c,corpus alienum paru sinistra,corpus alienum,T17.8--Foreign body in other and multiple parts of respiratory tract,34.02--Exploratory thoracotomy
20235,11886,67511101b00178a3d605fd52,crush injury pedis sinistra,crush injury,T04.3--Crushing injuries involving multiple regions of lower limb(s),"84.10--Lower limb amputation, not otherwise specified"
13934,3599,6621ebcbab7d3ccc89095f16,crush injury digiti 5 manus sinistra,crush injury,,
19454,10880,672ef946e2d417da2e0575ab,crush injury setinggi femur dx 1/3 distal sd Cruris dextra 1/3 tengah,crush injury,S87.8--Crushing injury of other and unspecified parts of lower leg,"79.16 -- Closed reduction of fracture with internal fixation, tibia and fibula"
12111,1081,65c5fba8e2763563ef0cdfc2,crush injury digiti II pedis dx,crush injury,S99.9--Unspecified injury of ankle and foot,84.11--Amputation of toe
14216,3975,662f0c4235063036010d07e5,crush injury manus sin,crush injury,S67.8--Crushing injury of other and unspecified parts of wrist and hand,"79.34--Open reduction of fracture with internal fixation, phalanges of hand"
11752,552,65b0b07aced598ef27099d70,crushing injury digiti III manus sn,crush injury,S67.0--Crushing injury of thumb and other finger(s),84.01--Amputation and disarticulation of finger
17969,8959,66e8df32c5f352445a05270e,crush injury setinggi wrist joint sinistra,crush injury,"T14.71 -- Crush injury and traumatic amputation of unspec body region, open",84.03 -- Amputation through hand
13945,3613,6622071355bbd3b79206461a,CF intertrochanter femur sin,cystic fibrosis,"S72.80--Fractures of other parts of femur, closed","79.35 -- Open reduction of fracture with internal fixation, femur"
13012,2382,65f3d2b23fca8fb597000f91,CF distal radius dextra,cystic fibrosis,"S52.50--Fracture of lower end of radius, closed","79.32 -- Open reduction of fracture with internal fixation, radius and ulna"
13830,3469,661f54fb7cb617c90d01db7c,CF distal tibia fibula sin,cystic fibrosis,"S82.10--Fracture of upper end of tibia, closed","79.36--Open reduction of fracture with internal fixation, tibia and fibula"
12967,2318,65f284d09a440279a80da02c,CF Galeazzi DX,cystic fibrosis,S59.7--Multiple injuries of forearm,"79.32 -- Open reduction of fracture with internal fixation, radius and ulna"
14470,4318,6639b08c57367d7f7f001d14,CF tip phalange distal manus dextra,cystic fibrosis,"S62.60--Fracture of other finger , closed",79.64--Debridement of open fracture of phalanges of hand
14466,4314,6639a940fffe7f3b7e0eb9f1,CF clavicula dextra comutif type,cystic fibrosis,"S42.00--Fracture of clavicle, closed","79.39--Open reduction of fracture with internal fixation, other specified bone"
14010,3699,6625c6386f88dd88d50a74c7,CF shaft femur dextra oblique type,cystic fibrosis,S72.3--Fracture of shaft of femur,"79.35--Open reduction of fracture with internal fixation, femur"
14070,3780,6627316b6ee718c3f8081040,CF Shaft Femur Dx,cystic fibrosis,"S72.30 -- Fracture of shaft of femur, closed","79.35 -- Open reduction of fracture with internal fixation, femur"
13191,2642,65fbb517e95e661aeb08fdfd,CF Costae multiple,cystic fibrosis,"S22.40--Multiple fractures of ribs, closed",93.39--Other physical therapy
19073,10373,671a578fc2b3db402d013824,CF olecranon (S) displaced,cystic fibrosis,"S52.00 -- Fracture of upper end of ulna, closed","79.32 -- Open reduction of fracture with internal fixation, radius and ulna"
16732,7356,66a88765bca8f6b4c0002237,CF phalangx proximal digiti IV-V manus dx,cystic fibrosis,"S62.70--Multiple fractures of fingers, closed","79.34--Open reduction of fracture with internal fixation, phalanges of hand"
13204,2657,65fbcb6b603040d5990abc96,CF tibia sn 1/3 tengah,cystic fibrosis,"S82.20--Fracture of shaft of tibia, closed","79.36--Open reduction of fracture with internal fixation, tibia and fibula"
17075,7789,66b97e992605e3ee5008b9da,CF clavicula dextra,cystic fibrosis,"S42.00 -- Fracture of clavicle, closed",
18824,10057,67107649e02e55fb9a0fa9f6,CF ankle (D) minimal displaced,cystic fibrosis,"S82.80 -- Fractures of other parts of lower leg, closed","86.22--Excisional debridement of wound, infection, or burn"
18937,10196,6715b101f1950af9870ff0ed,CF shaft radius ulna (dexra) englected,cystic fibrosis,"S52.40--Fracture of shafts of both ulna and radius, closed","79.32--Open reduction of fracture with internal fixation, radius and ulna"
18950,10212,6715ced2012c4e2d3808e1fb,CF shaft radius ulna sinistra,cystic fibrosis,S52.4--Fracture of shafts of both ulna and radius,"79.32--Open reduction of fracture with internal fixation, radius and ulna"
18955,10218,6715d601faad3633a30aad54,CF shaft radius ulna (D) comminutif,cystic fibrosis,"S52.20 -- Fracture of shaft of ulna, closed","79.32 -- Open reduction of fracture with internal fixation, radius and ulna"
17135,7862,66bb07635e9892e6f1010d34,CF distal radius dextra,cystic fibrosis,"S52.10--Fracture of upper end of radius, closed","79.02--Closed reduction of fracture without internal fixation, radius and ulna"
11639,351,65a882a8faf54192bb058d63,OF femur dx dengan bone loss OF radius ulna Dx CF clavicula,cystic fibrosis,T02.6--Fractures involving multiple regions of upper limb(s) with lower limb(s),"79.35--Open reduction of fracture with internal fixation, femur"
16064,6460,6684db768db34b41e10691b4,CF femur dextra,cystic fibrosis,"S72.9--Fracture of femur, part unspecified",93.54--Application of splint
15992,6361,6682214463a05b1f7d0a362b,CF distal humerus Sin,cystic fibrosis,"S42.40--Fracture of lower end of humerus, closed","79.31--Open reduction of fracture with internal fixation, humerus"
15970,6330,667fb262b99722aee9066ba1,CF neck femur sinistra,cystic fibrosis,S72.0--Fracture of neck of femur,81.52--Partial hip replacement
11638,349,65a87bc7bbbe28ed69034722,CF neck femur sn,cystic fibrosis,"S72.00--Fracture of neck of femur, closed",81.52--Partial hip replacement
12415,1544,65d6d0b44779e336c90f1fc7,CF Intertrohanceter femur dx cominutif,cystic fibrosis,"S72.10--Pertrochanteric fracture, closed",81.52--Partial hip replacement
15246,5344,665d3b9eceac23cfcf0289db,CF intertrochenter femur dx,cystic fibrosis,"S72.10 -- Pertrochanteric fracture, closed","79.35 -- Open reduction of fracture with internal fixation, femur"
15322,5455,665fe5fed8d740e7b803c2dc,CF phalang distal dig III manus sin,cystic fibrosis,S62.6--Fracture of other finger,"79.34--Open reduction of fracture with internal fixation, phalanges of hand"
11564,216,65a0b5ef12d9d163fb05cd15,CF 1/3 distal radius ulna,cystic fibrosis,"S52.60--Fracture of lower end of both ulna and radius, closed","79.02 -- Closed reduction of fracture without internal fixation, radius and ulna"
18177,9223,66f11cb5b2346341510179c7,CF tibial plateu sinistra,cystic fibrosis,"S82.10 -- Fracture of upper end of tibia, closed","90.59--Microscopic examination of blood, Other microscopic examination"
19708,11215,673ab0e913422ca77008be30,CF shaft femur (D),cystic fibrosis,"S72.90--Fracture of femur, part unspecified, closed","79.35--Open reduction of fracture with internal fixation, femur"
19742,11256,673c0fb796c36cc3f505c858,infeksi ORIF CF tibial plateu dextra,cystic fibrosis,T84.6--Infection and inflammatory reaction due to internal fixation device [any site],"79.36 -- Open reduction of fracture with internal fixation, tibia and fibula"
20787,12601,67690f137d9c4571010e4649,vulnus app ec open degloving scalp,degloving,"S01.9--Open wound of head, part unspecified","86.22--Excisional debridement of wound, infection, or burn"
14926,4934,664d644b0bf4669b4902a4b5,necrotic skin open degloving,degloving,"R02--Gangrene, not elsewhere classified","86.22--Excisional debridement of wound, infection, or burn"
17899,8857,66e28a90faa44b39780629ff,open degloving cruris,degloving,S81.8 -- Open wound of other parts of lower leg,86.4--Radical excision of skin lesion
17446,8256,66cbff93c6454db77d0e676e,necrotic skin ec open degloving dorsum pedis,degloving,"M72.67--Necrotizing fasciitis, ankle and foot","86.22--Excisional debridement of wound, infection, or burn"
15960,6319,667f8e7d05ac80d29e0ca5aa,open degloving wound pedis sn,degloving,S99.8--Other specified injuries of ankle and foot,"86.22--Excisional debridement of wound, infection, or burn"
16390,6890,6695e9652f30f44ddd0be110,open degloving forearm dx,degloving,S59.9--Unspecified injury of forearm,86.72 -- Advancement of pedicle graft
15404,5574,6662a177449a029b660e89dd,open degloving pedis digiti IV,degloving,S99.9--Unspecified injury of ankle and foot,"86.22--Excisional debridement of wound, infection, or burn"
11786,600,65b30ab9fa8de032c9086948,dehidrasi berat,dehidrasi,P74.1--Dehydration of newborn,93.90--Non-invasive mechanical ventilation
14033,3727,6625ed2171837cf5210b06dc,GEA dehidrasi sedang,dehidrasi,A09.9 -- Gastroenteritis and colitis of unspecified origin,"90.59 -- Microscopic examination of blood, Other microscopic examination"
14347,4155,66349361f2b3648a1a03ae7b,Dehidrasi tak berat,dehidrasi,E86 -- Volume depletion,"90.59 -- Microscopic examination of blood, Other microscopic examination"
11549,194,659f7d451012f390100dcb6a,Dehidrasi berat,dehidrasi,E86--Volume depletion,99.18--Injection or infusion of electrolytes
19301,10669,67258b09e5916e8b970dafe6,GEA dehidrasi sedang,dehidrasi,A09.9--Gastroenteritis and colitis of unspecified origin,"87.44--Routine chest x-ray, so described"
19853,11397,67412f7390d8ee7215010b8e,GEA dehidrasi sedang,dehidrasi,"A04.9--Bacterial intestinal infection, unspecified",99.21 -- Injection of antibiotic
11480,65,6598d9b24b24e4b2c309c859,demam typhoid,demam tifoid,A01.0--Typhoid fever,"90.51--Microscopic examination of blood, Bacterial smear"
14490,4350,663aede14790179442044c20,paratifoid fever,demam tifoid,"A01.4 -- Paratyphoid fever, unspecified","90.59 -- Microscopic examination of blood, Other microscopic examination"
13821,3457,661f4a9e384b1530eb035bb1,tifoid fever,demam tifoid,A01.0 -- Typhoid fever,"90.59 -- Microscopic examination of blood, Other microscopic examination"
19490,10924,67317c192f678a2b860e5d36,thifoid fever,demam tifoid,A01--Typhoid and paratyphoid fevers,"87.44--Routine chest x-ray, so described"
17827,8773,66dfc969687bad8e2f0d1668,ADHF,dengue fever,"I50.9 -- Heart failure, unspecified",88.72 -- Diagnostic ultrasound of heart
11502,113,659cbb2e8d1b5aa7a00cfd99,ADHF,dengue fever,I11.0--Hypertensive heart disease with (congestive) heart failure,89.52--Electrocardiogram
13911,3573,6621c4abe8fc51ebd5091622,ADHF,dengue fever,"I50.9--Heart failure, unspecified",89.52--Electrocardiogram
18577,9735,6704a33c9f20dd422801c9ab,Adhf ec ihd,dengue fever,I50.0 -- Congestive heart failure,89.52--Electrocardiogram
18589,9753,6704c5ca78aca8cf68049ce2,ADHF,dengue fever,I11.0 -- Hypertensive heart disease with (congestive) heart failure,89.52 -- Electrocardiogram
13957,3628,66221c8f2c01af21340c231f,DHF,dengue fever,A91 -- Dengue haemorrhagic fever,"90.59 -- Microscopic examination of blood, Other microscopic examination"
14234,3999,662f4f49684f586cfd0b81d3,dengue fever,dengue fever,A90 -- Dengue fever [classical dengue],"90.59 -- Microscopic examination of blood, Other microscopic examination"
11449,8,6594e0798bfb18cd9206c69a,ADHF,dengue fever,I50.1--Left ventricular failure,"90.59 -- Microscopic examination of blood, Other microscopic examination"
19837,11379,67400afe31f95d18010cfeb0,Dispnoe ec ADHF*,dengue fever,,"87.44--Routine chest x-ray, so described"
11507,122,659cc2e8f01177a73f0b87d1,DHF,dengue fever,A91--Dengue haemorrhagic fever,"90.59--Microscopic examination of blood, Other microscopic examination"
18416,9538,66fd230b275c18ca87031323,ADHF,dengue fever,I50.1 -- Left ventricular failure,"87.44--Routine chest x-ray, so described"
11964,860,65bb4b1876659332a8099020,Dengue fever,dengue fever,A90--Dengue fever [classical dengue],"90.59--Microscopic examination of blood, Other microscopic examination"
20340,12028,675667e8b985a8cc1a052d2f,Dengue Fever,dengue fever,"B34.9--Viral infection, unspecified","90.59--Microscopic examination of blood, Other microscopic examination"
20803,12621,6769630e06c332e9170aa6cb,ADHF,dengue fever,I12.0--Hypertensive renal disease with renal failure,89.52--Electrocardiogram
16222,6673,668e202b1bbde9754801df7e,ADHF,dengue fever,I50.0--Congestive heart failure,89.52--Electrocardiogram
14722,4653,6644364818a49f0d0c015769,depresi berat dengan gejala psikotik,depresi,F32.3 -- Severe depressive episode with psychotic symptoms,"94.12 -- Routine psychiatric visit, not otherwise specified"
21053,12956,6775c55b30bd07228806a664,Episode Depresi dalam pengobatan,depresi,"F32.9--Depressive episode, unspecified",94.38 -- Supportive verbal psychotherapy
17201,7949,66bd82a32cb5cdfd0108e89b,gang. depresi berulang episode kini berat dengan geja;la psikotik,depresi,"F31.5--Bipolar affective disorder, current episode severe depression with psychotic symptoms","94.12 -- Routine psychiatric visit, not otherwise specified"
16808,7453,66ab28047f62cfa7be031c8b,depresi,depresi,"F32.9 -- Depressive episode, unspecified",94.38 -- Supportive verbal psychotherapy
14721,4651,664433bcffe0a3554b0eed2c,depresi berat dengan gejala psikotik,depresi,F32.3--Severe depressive episode with psychotic symptoms,94.38--Supportive verbal psychotherapy
20829,12663,676a2640b96d359ad7047e4f,"DM, Malnutrisi Berat",diabetes mellitus,E12.9--Malnutrition-related diabetes mellitus without complications,38.95--Venous catheterization for renal dialysis
16451,6974,6698a0b5193c26a3620f6fb9,DM tipe 2,diabetes mellitus,E10.2--Insulin-dependent diabetes mellitus with renal complications,99.18 -- Injection or infusion of electrolytes
17582,8447,66d50d80af030e44dc0236e2,DM tipe 2 .,diabetes mellitus,E14.5--Unspecified diabetes mellitus with peripheral circulatory complications,86.09--Other incision of skin and subcutaneous tissue
16315,6787,6691e72d9f54bae2f20c291f,DM2NO,diabetes mellitus,E11.4 -- Non-insulin-dependent diabetes mellitus with neurological complications,"90.59 -- Microscopic examination of blood, Other microscopic examination"
12655,1889,65e2cac18b512417070ff0a5,ulcus granolosum a/r punggung + DM,diabetes mellitus,E11.5--Non-insulin-dependent diabetes mellitus with peripheral circulatory complications,"86.22--Excisional debridement of wound, infection, or burn"
13028,2404,65f4efc9a167e471a705bef7,DM tipe 2,diabetes mellitus,E11.4--Non-insulin-dependent diabetes mellitus with neurological complications,92.11--Cerebral scan
16056,6444,6684c2179e65d86c3c0443ab,"KAD, DM tipe 2",diabetes mellitus,E11.1--Non-insulin-dependent diabetes mellitus with ketoacidosis,99.18--Injection or infusion of electrolytes
15519,5724,666993aa3753e7ee450158d2,gangren DM,diabetes mellitus,E11.5 -- Non-insulin-dependent diabetes mellitus with peripheral circulatory complications,"90.59 -- Microscopic examination of blood, Other microscopic examination"
12299,1366,65d2c27804d5153b6009e74f,Gastroparese DM,diabetes mellitus,K31.8--Other specified diseases of stomach and duodenum,"90.59--Microscopic examination of blood, Other microscopic examination"
20956,12833,67720ea48c99b6cac6082984,DM1,diabetes mellitus,"R73.9--Hyperglycaemia, unspecified","87.44--Routine chest x-ray, so described"
11652,377,65a8bd6ccc59e2a5b20c6a0c,DM tipe 2,diabetes mellitus,,
11487,78,659b43128d577ea1550819ed,DM Tipe II,diabetes mellitus,E11.9--Non-insulin-dependent diabetes mellitus without complications,"90.59--Microscopic examination of blood, Other microscopic examination"
14601,4493,664178e8bfe71121d60d0856,DM tipe 2,diabetes mellitus,E11.7--Non-insulin-dependent diabetes mellitus with multiple complications,"86.22--Excisional debridement of wound, infection, or burn"
15114,5174,6656a89441a1c0a5bb0207e8,DM tipe 2,diabetes mellitus,E11.0--Non-insulin-dependent diabetes mellitus with coma,"90.59--Microscopic examination of blood, Other microscopic examination"
17687,8590,66d92bd0dcece5f495018427,DM,diabetes mellitus,E11.7 -- Non-insulin-dependent diabetes mellitus with multiple complications,99.17--Injection of insulin
17696,8601,66d980aa53fa495e8808ac9b,DM tipe 2,diabetes mellitus,E10.6 -- Insulin-dependent diabetes mellitus with other specified complications,99.07--Transfusion of other serum
11885,742,65b8667a0a606b05bf027df3,DM,diabetes mellitus,E11.8--Non-insulin-dependent diabetes mellitus with unspecified complications,
18086,9118,66ed028a18101cb08e0a3b78,DM tipe 2,diabetes mellitus,E11.8 -- Non-insulin-dependent diabetes mellitus with unspecified complications,"87.44--Routine chest x-ray, so described"
11760,564,65b1bf3fd8082df07a061c03,DM tipe 2,diabetes mellitus,E11.9 -- Non-insulin-dependent diabetes mellitus without complications,"90.59 -- Microscopic examination of blood, Other microscopic examination"
16860,7518,66ac8e21a8515b5ff0016ab4,DM tipe 2,diabetes mellitus,E10.7--Insulin-dependent diabetes mellitus with multiple complications,"90.59 -- Microscopic examination of blood, Other microscopic examination"
13152,2577,65fa5f17afa4e889ff063b49,Gastroperese DM,diabetes mellitus,E11.6--Non-insulin-dependent diabetes mellitus with other specified complications,
15635,5873,66707562dda8d451260e65c2,DM tipe 2,diabetes mellitus,E10.9--Insulin-dependent diabetes mellitus without complications,99.07 -- Transfusion of other serum
16789,7430,66ab0fee6a9d4273db0e7a68,PV TRD PDR  pseudophakia OD DM,diabetes mellitus,H43.1--Vitreous haemorrhage,14.74--Other mechanical vitrectomy
14093,3811,66286a57ce5d655baa0ca136,DM tipe 2,diabetes mellitus,E11.2--Non-insulin-dependent diabetes mellitus with renal complications,"90.59--Microscopic examination of blood, Other microscopic examination"
16342,6829,66948b5db6760dcf34024ca1,Gangrene diabetic foot ulcer pedis dextra,diabetic foot,E14.5--Unspecified diabetes mellitus with peripheral circulatory complications,84.01--Amputation and disarticulation of finger
16919,7599,66b1d8f4925f41dcdb050aa3,diabetic foot sin,diabetic foot,E11.5--Non-insulin-dependent diabetes mellitus with peripheral circulatory complications,"86.22--Excisional debridement of wound, infection, or burn"
17752,8678,66dba974412af27d6b0b4520,Diabetic foot dekstra,diabetic foot,E11.5 -- Non-insulin-dependent diabetes mellitus with peripheral circulatory complications,"86.22--Excisional debridement of wound, infection, or burn"
18445,9578,66fe59bdac6adffd6b0c9b93,diabetic foot sinsitra,diabetic foot,E14.5 -- Unspecified diabetes mellitus with peripheral circulatory complications,"86.22 -- Excisional debridement of wound, infection, or burn"
15466,5655,66668daa7a3c9080270c9698,Diare akut,diare,,"90.59 -- Microscopic examination of blood, Other microscopic examination"
12143,1124,65c9a8f3cdb617e26d0ae8bd,diare akut,diare,A09.9 -- Gastroenteritis and colitis of unspecified origin,
18812,10042,670f7ab7db001472e109845d,Bloody stool diare dd disentri,diare,A09.0 -- Other and unspecified gastroenteritis and colitis of infectious origin,88.76--Diagnostic ultrasound of abdomen and retroperitoneum
11470,49,6597bf2e412a76be61063d33,Diare akut,diare,A09.9--Gastroenteritis and colitis of unspecified origin,"90.93 -- Microscopic examination of specimen from lower gastrointestinal tract and of stool, Culture and sensitivity"
12076,1036,65c31b5d042045d3d90cfb33,Diare kronik,diare,"K52.9 -- Noninfective gastroenteritis and colitis, unspecified",
19318,10691,6726da47e01128f7680f76cd,diare infeksius,diare,"A04.9--Bacterial intestinal infection, unspecified",99.18--Injection or infusion of electrolytes
17024,7733,66b6ce6540152bb2070c32ea,diare kronis,diare,R19--Other symptoms and signs involving the digestive system and abdomen,99.18 -- Injection or infusion of electrolytes
12375,1478,65d56a7c56a12a605c08f05c,diare akut,diare,A09.0--Other and unspecified gastroenteritis and colitis of infectious origin,
19886,11440,6743e9e0d538cf032b0917ee,open dislokasi DIP joint dig V manus (D),dislokasi,S93.1--Dislocation of toe(s),"79.38 -- Open reduction of fracture with internal fixation, phalanges of foot"
19845,11387,6740246231f95d18010cfedd,Dislokasi TMJ bilateral anterior,dislokasi,S03.0--Dislocation of jaw,79.69 -- Debridement of open fracture of other specified bone
17669,8562,66d7c0847694026b20014c54,open dislokasi genu dextra,dislokasi,S83.1 -- Dislocation of knee,79.86--Open reduction of dislocation of knee
19406,10813,672c2d3ef75222535301f573,Dislokasi Elbow joint Dextra,dislokasi,"S53.1--Dislocation of elbow, unspecified",78.62 -- Removal of implanted device from humerus
20667,12441,6763c88d7c886e40bc0ccc05,Open dislokasi dan frakture digiti 5 pedis sin,dislokasi,S62.6--Fracture of other finger,"79.38--Open reduction of fracture with internal fixation, phalanges of foot"
18911,10167,6713d21c6ef7989696028eb0,open dislokasi digiti II pedis dextra,dislokasi,"S62.61 -- Fracture of other finger , open","79.38--Open reduction of fracture with internal fixation, phalanges of foot"
18708,9919,6709ca440b73f57a07099698,Dislokasi interphalank joint mediodistal digiti II pedis kanan,dislokasi,S63.1 -- Dislocation of finger,
16658,7254,66a32fa4c8797a69fe0cd62f,neglected dislokasi anterior shoulder joint (d),dislokasi,S34.0 -- Concussion and oedema of lumbar spinal cord,"79.31 -- Open reduction of fracture with internal fixation, humerus"
18190,9239,66f23edb040437f99c035e27,dislokasi glenohumeral joint sinistra,dislokasi,S43.0 -- Dislocation of shoulder joint,79.71 -- Closed reduction of dislocation of shoulder
14952,4965,664d890214fd59be160ba97e,open dislokasi digiti 4 pedis dex,dislokasi,"S92.51 -- Fracture of other toe, open","79.28 -- Open reduction of fracture without internal fixation, phalanges of foot"
11485,74,6598f428956a969ff50918b7,dyspepsia,dyspepsia,K30--Dyspepsia,"90.59--Microscopic examination of blood, Other microscopic examination"
12133,1112,65c99524fcb00319d8075475,dispepsia,dyspepsia,K30 -- Dyspepsia,"90.59 -- Microscopic examination of blood, Other microscopic examination"
13566,3122,660cddef8ab4af68580bda26,sindrom dispepsia,dyspepsia,E11.9--Non-insulin-dependent diabetes mellitus without complications,"90.59--Microscopic examination of blood, Other microscopic examination"
21148,13075,677b6df31e4c99afc003dbad,Obs dyspnea ec CKD stage V,dyspnea,"N18.5--Chronic kidney disease, stage 5",89.52--Electrocardiogram
20590,12339,6760c8af110ef26a490fe544,Obs dyspnea e.c CKD stage 5,dyspnea,"N18.5 -- Chronic kidney disease, stage 5","87.44--Routine chest x-ray, so described"
13555,3111,660cd5c08747f459f900243e,dyspneu,dyspnea,J80--Adult respiratory distress syndrome,"87.44--Routine chest x-ray, so described"
20541,12282,675ef50d2d4d7977cd022f58,dyspneu ec ALO ADHF,dyspnea,I50.0--Congestive heart failure,"87.44--Routine chest x-ray, so described"
20796,12611,67691df964d777b67a0891ea,obs dyspneu ec TB MDR,dyspnea,"A15.1--Tuberculosis of lung, confirmed by culture only","87.44--Routine chest x-ray, so described"
11794,612,65b319b8d32f5cbd660ee344,obs dyspenu,dyspnea,R06.0--Dyspnoea,"90.59 -- Microscopic examination of blood, Other microscopic examination"
18329,9419,66f6a9256744f43d1d0e7e62,dyspneu ec CHF,dyspnea,I50.0 -- Congestive heart failure,"87.44--Routine chest x-ray, so described"
20234,11885,67510ffacff826f6e10cf52a,obs dyspneu ec Ca Paru,dyspnea,"C34.9--Malignant neoplasm of bronchus or lung, unspecified","87.44--Routine chest x-ray, so described"
19958,11535,67467a8ed407adf3ea0d86e3,Obs Dyspneu ec Susp TB Relaps,dyspnea,Z03.0--Observation for suspected tuberculosis,"87.44--Routine chest x-ray, so described"
19826,11364,673fd6dc503b9a6fe004124d,Obs dyspneu ec ALO (EF 36%),dyspnea,J81--Pulmonary oedema,"87.44--Routine chest x-ray, so described"
19568,11035,67348325ad12d3d36102d005,Obs dyspneu ec TB pulmo on OAT,dyspnea,"A15.2--Tuberculosis of lung, confirmed histologically","87.44 -- Routine chest x-ray, so described"
15674,5928,667280bbd4ecfe4634051be4,Dyspneu ec susp TB,dyspnea,R06.0 -- Dyspnoea,"87.44 -- Routine chest x-ray, so described"
15677,5933,6672ae34b4611a4a28058644,Dyspneu ec SOPT,dyspnea,B90.9--Sequelae of respiratory and unspecified tuberculosis,"87.44--Routine chest x-ray, so described"
20279,11944,67526ec3d30909a52c0acf71,Obs dyspneu e.c cap dd tb,dyspnea,"J18.9--Pneumonia, unspecified",88.72--Diagnostic ultrasound of heart
17449,8260,66cc250d6c184fd6ec0e865a,obs dyspnea ec asthma,dyspnea,J45 -- Asthma,"90.59 -- Microscopic examination of blood, Other microscopic examination"
12477,1644,65dc1e397fc1b737f803a7bb,Efusi pleura kanan ec TB,efusi pleura,"A16.5--Tuberculous pleurisy, without mention of bacteriological or histological confirmation",34.91--Thoracentesis
14606,4498,66417c7cf0000d5c5f0165a4,efusi pleura dextra,efusi pleura,"J90 -- Pleural effusion, not elsewhere classified",34.91 -- Thoracentesis
13063,2456,65f7a76fab873d9dad00dfd4,Efusi pleura,efusi pleura,"A15.6--Tuberculous pleurisy, confirmed bacteriologically and histologically",34.91--Thoracentesis
11854,699,65b6f0fd0a5239af26027ebb,efusi pleura,efusi pleura,J91--Pleural effusion in conditions classified elsewhere,34.91 -- Thoracentesis
11661,391,65a9e09a6fb6bad595032222,flail chest + hidrothorax + efusi pleura + contusio thorax,efusi pleura,S29.7--Multiple injuries of thorax,88.76--Diagnostic ultrasound of abdomen and retroperitoneum
11515,135,659cd09b8f12be38720190ce,efusi pleura,efusi pleura,"J90--Pleural effusion, not elsewhere classified",34.91--Thoracentesis
15119,5181,6656b1f707866a267a0d9ac4,efusi pleura,efusi pleura,J91 -- Pleural effusion in conditions classified elsewhere,34.91 -- Thoracentesis
15163,5234,6658027f5e41d219f80646bf,Obs kejang dd KDK dd encephalopathy,ensefalopati,"R56--Convulsions, not elsewhere classified",99.18--Injection or infusion of electrolytes
17734,8658,66daf48a6be0422666010ac6,ensefalopati uremikum,ensefalopati,"G93.4 -- Encephalopathy, unspecified","90.59--Microscopic examination of blood, Other microscopic examination"
11457,24,65962770caaa98747406dcad,ensefalopati hepatikum,ensefalopati,K76.8--Other specified diseases of liver,"90.59--Microscopic examination of blood, Other microscopic examination"
12493,1667,65dc3327d780cdecef0f3908,kejang dd ensefalopati dd dengue dd KDS,ensefalopati,R56.0--Febrile convulsions,"90.59--Microscopic examination of blood, Other microscopic examination"
11454,20,6596247e254574987606a604,Ensefalopati,ensefalopati,"G93.4--Encephalopathy, unspecified","90.59--Microscopic examination of blood, Other microscopic examination"
11877,730,65b7311803bd86a76e02f2c3,encepalopati hepatikum,ensefalopati,K72.1 -- Chronic hepatic failure,87.03 -- Computerized axial tomography of head
13647,3235,660f9c0902c35bd661074a5a,EDH,epidural hematoma,"S06.41--Epidural haemorrhage, with open intracranial wound",01.24--Other craniotomy
16166,6600,668ca7fc0cce0403ff0bb91a,EDH FP Sin,epidural hematoma,"S06.40--Epidural haemorrhage, without open intracranial wound",01.24 -- Other craniotomy
13262,2734,65fe5309f9ed087f9500ff11,EDH parietalis dextra,epidural hematoma,"S06.40 -- Epidural haemorrhage, without open intracranial wound",01.24--Other craniotomy
18414,9534,66fcfd07d577964dd10bed4d,EDH frontal sin,epidural hematoma,S06.4 -- Epidural haemorrhage,01.24--Other craniotomy
11707,478,65adc36e63a70241650ed433,EDH,epidural hematoma,S06.4--Epidural haemorrhage,96.71--Continuous invasive mechanical ventilation for less than 96 consecutive hours
12441,1587,65d8020aebb42ce8ff0bf9c3,Epilepsi,epilepsi,G40 -- Epilepsy,"90.59 -- Microscopic examination of blood, Other microscopic examination"
15883,6203,667ba06eb91c46627f0658f4,epilepsi,epilepsi,G40.8--Other epilepsy,"90.59--Microscopic examination of blood, Other microscopic examination"
12239,1259,65cec8b706f225d70f07fd45,epilepsi dengan bangkitan kejang,epilepsi,G40--Epilepsy,"90.59--Microscopic examination of blood, Other microscopic examination"
16689,7293,66a64b31f5ae26cdce0e7a62,Epilepsi focal tonik,epilepsi,"G40.9 -- Epilepsy, unspecified",88.91 -- Magnetic resonance imaging of brain and brain stem
16914,7594,66b1c2122e01f2bb680d46ed,epilepsi,epilepsi,G40.0 -- Localization-related (focal) (partial) idiopathic epilepsy and epileptic syndromes with seizures of localized onset,87.03 -- Computerized axial tomography of head
18233,9292,66f368156ec1adec4c0306bc,Mesial temporal lobe epilepsy,epilepsi,G40.2 -- Localization-related (focal) (partial) symptomatic epilepsy and epileptic syndromes with complex partial seizures,88.91--Magnetic resonance imaging of brain and brain stem
18739,9955,670c71dd757feafd3a02e057,Epilepsy,epilepsi,G40.3 -- Generalized idiopathic epilepsy and epileptic syndromes,89.14--Electroencephalogram
15652,5898,6672498a3f7a9cbc90078478,"Encephalopathy, dd KDK, dd epilepsi",epilepsi,"G93.4--Encephalopathy, unspecified",87.03--Computerized axial tomography of head
20081,11686,674aa868adb5ce237a0fe561,Localization-related (focal) (partial) symptomatic epilepsy and epileptic syndromes with complex partial seizures,epilepsi,G40.2--Localization-related (focal) (partial) symptomatic epilepsy and epileptic syndromes with complex partial seizures,
19371,10766,67299af197dd95199b009380,Genetic Epilepsy with Febrile Seizure Plus,epilepsi,R56.0--Febrile convulsions,"90.59--Microscopic examination of blood, Other microscopic examination"
19416,10827,672cf2226ff311ce700644e2,Epilepsy,epilepsi,G40.0--Localization-related (focal) (partial) idiopathic epilepsy and epileptic syndromes with seizures of localized onset,"90.59 -- Microscopic examination of blood, Other microscopic examination"
11597,275,65a47ff8e29dd0d701019d08,Epilepsy,epilepsi,"G40.9--Epilepsy, unspecified",89.14--Electroencephalogram
21129,13051,67793a0be8085d880207ba19,Fasciitis a/r pedis dekstra,fascitis,"M72.27--Plantar fascial fibromatosis, ankle and foot",83.14--Fasciotomy
15655,5906,6672545ac376c1c260009241,fascitis a/r pedis dekstra,fascitis,"M72.67 -- Necrotizing fasciitis, ankle and foot",83.14 -- Fasciotomy
15888,6219,667cda7b50f6527d020f79df,fascitis,fascitis,"M72.67--Necrotizing fasciitis, ankle and foot",83.14--Fasciotomy
16004,6377,668244e7547863a39007dd6e,"fascitis nekrotikan ext superior sinistra, terinfeksi phlegmon",fascitis,"M72.62--Necrotizing fasciitis, upper arm","86.22--Excisional debridement of wound, infection, or burn"
16014,6391,668366b74eb7d728a00cb628,fascitis a/r pedis dextra,fascitis,M72.2--Plantar fascial fibromatosis,99.04--Transfusion of packed cells
16145,6573,668b592a1c8eef426704f42c,fascitis nekrotican  manus dx terinfeksi phlegmon,fascitis,"M72.64--Necrotizing fasciitis, hand",82.12--Fasciotomy of hand
20407,12117,6758e448f8fea0e14c03d9f4,Fasciitis a/r femur sinistra,fascitis,"M72.55--Fasciitis, not elsewhere classified, pelvic region and thigh",83.14--Fasciotomy
19367,10761,67299609fa167aad100a20d0,fasciitis a/r cruris distal dextra,fascitis,"M72.66--Necrotizing fasciitis, lower leg",83.14--Fasciotomy
17133,7858,66baf7c7df7eb1528303537f,fascitis pedis dextra,fascitis,"M72.68 -- Necrotizing fasciitis, other",83.14 -- Fasciotomy
17477,8300,66cd67c17bf7ed784b00b5d4,fascitis  pedis sin,fascitis,"M72.97--Fibroblastic disorder, unspecified, ankle and foot",83.14--Fasciotomy
17855,8806,66e0f25a63013a7cd10ae25c,fascitis a.r pedis dextra,fascitis,"M72.27 -- Plantar fascial fibromatosis, ankle and foot",83.14--Fasciotomy
11894,757,65b8848dbe688c8fff0f36cd,fasciitis,fascitis,"M72.5--Fasciitis, not elsewhere classified",83.14--Fasciotomy
17672,8568,66d7c579402057dd2e07f2fc,fascitis pedis sin,fascitis,M72.2 -- Plantar fascial fibromatosis,99.15--Parenteral infusion of concentrated nutritional substances
18444,9577,66fe5964ad89faa16c0e9916,fascitis a.r pedis sin,fascitis,"M72.9 -- Fibroblastic disorder, unspecified",83.14--Fasciotomy
19500,10937,6731906a87db2770920bfd0f,Fascitis a.r antebrachii sinistra,fascitis,"M72.93--Fibroblastic disorder, unspecified, forearm",83.14--Fasciotomy
14474,4329,6639da1d90202d9cd10ad0aa,obs febris ec faringitis,febris,"J02.9--Acute pharyngitis, unspecified","90.59 -- Microscopic examination of blood, Other microscopic examination"
12573,1784,65dffb79ccc62338b9032173,obs febris,febris,R56.0--Febrile convulsions,
21133,13056,677a85a433bc463ecd0e1782,Obs febris H3 ec BP,febris,"J18.0--Bronchopneumonia, unspecified","87.44--Routine chest x-ray, so described"
12407,1531,65d6b5edcf65d4f075083bb5,observasi febris,febris,,"90.59 -- Microscopic examination of blood, Other microscopic examination"
15608,5842,666d1ca4a659a8dd4d081ca9,febris ec viraal infection,febris,"B34.9--Viral infection, unspecified","90.59 -- Microscopic examination of blood, Other microscopic examination"
18524,9674,67033e8e0d7c339e5c0fc126,obs febris,febris,"J06.9 -- Acute upper respiratory infection, unspecified","87.44--Routine chest x-ray, so described"
20858,12697,676bc358a8dc37202e00c0d3,Prolong Febris ec BP,febris,"A49.9--Bacterial infection, unspecified",99.21--Injection of antibiotic
19586,11062,67357816295e1933da0f05f2,obs febris H7 dg Mumps,febris,B26.8--Mumps with other complications,"90.59--Microscopic examination of blood, Other microscopic examination"
12249,1274,65cee1615b2883de230db9b9,obs febris,febris,"R50.9 -- Fever, unspecified","90.59 -- Microscopic examination of blood, Other microscopic examination"
11543,183,659f6c9058ba21c3d10f8649,obs febris,febris,"R50.9--Fever, unspecified","90.59--Microscopic examination of blood, Other microscopic examination"
19831,11371,673feff2579c6ff6c9002a70,Obs febris ec DF,febris,A90--Dengue fever [classical dengue],"90.59--Microscopic examination of blood, Other microscopic examination"
19306,10677,67264efb91a1ee6ded019fb4,obs febris H-2 DD mix infeksi,febris,B99--Other and unspecified infectious diseases,"90.59--Microscopic examination of blood, Other microscopic examination"
15644,5885,66723218bfd4694a4d0aa034,finger tip injury,finger tip injury,"S61.9--Open wound of wrist and hand part, part unspecified","86.70--Pedicle or flap graft, not otherwise specified"
17937,8908,66e4db914b8f47469e0223b4,finger tip injury,finger tip injury,S60.1 -- Contusion of finger(s) with damage to nail,86.69 -- Other skin graft to other sites
13832,3473,661f5e45e3092ab38109adc0,finger tip injury  digiti III manus Dextra,finger tip injury,"S60.9--Superficial injury of wrist and hand, unspecified",93.57 -- Application of other wound dressing
11662,392,65a9e511d9919a98a402f968,finger tip injury,finger tip injury,S69.9--Unspecified injury of wrist and hand,"86.22--Excisional debridement of wound, infection, or burn"
19897,11453,674404f3e578245b0c037bff,finger tip injury a.r digiti 1 pedis sinistra,finger tip injury,S81.8--Open wound of other parts of lower leg,84.11 -- Amputation of toe
14140,3873,662a016fa8f4bc3a7e00536e,finger tip injury,finger tip injury,S61.0--Open wound of finger(s) without damage to nail,"86.22--Excisional debridement of wound, infection, or burn"
13906,3565,6621466d1ed42496020cf5c3,finger tip injury,finger tip injury,S60.0--Contusion of finger(s) without damage to nail,"86.70 -- Pedicle or flap graft, not otherwise specified"
18325,9414,66f6555e43bdd0a95d0e2df1,finger tip injury,finger tip injury,S64.4 -- Injury of digital nerve of other finger,"86.22 -- Excisional debridement of wound, infection, or burn"
17214,7963,66bd9819b33d475ec90657fb,finger tip injury,finger tip injury,S61.1--Open wound of finger(s) with damage to nail,"86.22--Excisional debridement of wound, infection, or burn"
13111,2514,65f7df3dc5639e1a8c0ff994,finger tip injury,finger tip injury,S69.9 -- Unspecified injury of wrist and hand,
19981,11565,6747d96fad51a577e80840d3,malrotasi anorektal fistel perineal,fistel,"Q42.2--Congenital absence, atresia and stenosis of anus with fistula",45.95--Anastomosis to anus
15384,5545,66626b80108ac31b7804f283,"Fistel Perianal Residif,",fistel,K60.4--Rectal fistula,49.11 -- Anal fistulotomy
14912,4918,664d51a133b2b20e980f9ab5,"Fistel Perianal,",fistel,K60.3--Anal fistula,49.12--Anal fistulectomy
17858,8809,66e1001d61b0c7e7da01fa05,"Fistel Perianal,",fistel,K60.3 -- Anal fistula,49.11 -- Anal fistulotomy
18944,10206,6715be8611cdee70b80a229e,brust abdomen dan fistula enterocutan medium output,fistula,"T81.3--Disruption of operation wound, not elsewhere classified",99.15--Parenteral infusion of concentrated nutritional substances
13809,3441,661f351c31801d005d0dd367,STT + Fistula a/r mandibula dextra,fistula,D16.5 -- Benign neoplasm of lower jaw bone,83.49 -- Other excision of soft tissue
16349,6839,669498fdc443665b7e00521c,fistula ani,fistula,K60.3 -- Anal fistula,49.12 -- Anal fistulectomy
16746,7375,66a9a7fefefbb4f583044f16,Fistula,fistula,"M25.18--Fistula of joint, other sites","86.70 -- Pedicle or flap graft, not otherwise specified"
12970,2321,65f288123e53e53b8302535e,fistula ureterokutan,fistula,N36.0--Urethral fistula,58.43 -- Closure of other fistula of urethra
16148,6576,668b5b0e408d91153609dac2,malformasi anorektal with fistula recto uretra,fistula,"Q42.2 -- Congenital absence, atresia and stenosis of anus with fistula",46.11 -- Temporary colostomy
14563,4445,663ef372b5954b42ab0f22fb,fistula rectoanal,fistula,Q43.6 -- Congenital fistula of rectum and anus,96.38 -- Removal of impacted feces
16854,7510,66ac7a8742b003490b096bc6,Malformasi anorectal without fistula,fistula,"Q42.3--Congenital absence, atresia and stenosis of anus without fistula",45.95--Anastomosis to anus
13000,2363,65f3bbde5dc8673ee50e753b,"Fistula Entero Cutan High Product,",fistula,K63.2--Fistula of intestine,99.15 -- Parenteral infusion of concentrated nutritional substances
15767,6061,6676966c109436dcfd0fd022,Fistula ar mandibula dextra,fistula,K12.2--Cellulitis and abscess of mouth,27.53--Closure of fistula of mouth
13547,3102,660cc7e486cb6a8042081c75,Fistula enterokutan ileum,fistula,K63.2 -- Fistula of intestine,45.91 -- Small-to-small intestinal anastomosis
14464,4312,6639a88ac778d90a0a0abfe1,atresia ani dengan fistula recto uretra,fistula,"Q42.2--Congenital absence, atresia and stenosis of anus with fistula","46.10--Colostomy, not otherwise specified"
14172,3913,662b5b1e5f6abdc8c802c785,fistula ani,fistula,"T81.8--Other complications of procedures, not elsewhere classified",88.97--Magnetic resonance imaging of other and unspecified sites
12817,2111,65e9785ad1f8df8bac0a26e0,Carotid Cavernous Fistula,fistula,,
21149,13077,677b76026ed6bbee9602aa31,Traumatic Carotid Cavernous Fistula,fistula,S15.0--Injury of carotid artery,88.41--Arteriography of cerebral arteries
13130,2546,65fa3f004516e8bfd3033619,carotid cavernous fistula,fistula,I77.8--Other specified disorders of arteries and arterioles,39.53--Repair of arteriovenous fistula
13567,3124,660ce0eacbbade757d0ef682,fistula in ano residif simple,fistula,K60.3--Anal fistula,49.12--Anal fistulectomy
20865,12705,676cc91458f4553a5807d32a,Fistula ar submandibula sinistra,fistula,L98.8--Other specified disorders of skin and subcutaneous tissue,"39.98--Control Of Hemorrhage, Not Otherwise Specified"
15583,5813,666d0427a659a8dd4d081c62,fistula uretrokutan,fistula,N36.0 -- Urethral fistula,57.17 -- Percutaneous cystostomy
13807,3437,661f322131801d005d0dd345,fournier gangrene,fournier gangrene,N49.8--Inflammatory disorders of other specified male genital organs,61.0--Incision and drainage of scrotum and tunica vaginalis
14149,3883,662af50b8ae5d6ae17074479,fournier gangrene,fournier gangrene,N49.9--Inflammatory disorder of unspecified male genital organ,"86.22--Excisional debridement of wound, infection, or burn"
17800,8739,66de8680e83272e5260d1653,fornier gangrene,fournier gangrene,N49.9 -- Inflammatory disorder of unspecified male genital organ,"86.70--Pedicle or flap graft, not otherwise specified"
20938,12809,6770eabad5627a99b60f62fb,Fournier gangrene,fournier gangrene,N49.3--Fournier gangrene (IM),93.57--Application of other wound dressing
16719,7340,66a8672573b0be9e8104a24e,fournier gangrene,fournier gangrene,N49.2 -- Inflammatory disorders of scrotum,61.0 -- Incision and drainage of scrotum and tunica vaginalis
19611,11093,6736b0a7f6cd07effc0381c7,Fournier gangrene skrotum sinistra,fournier gangrene,N49.2--Inflammatory disorders of scrotum,"86.22--Excisional debridement of wound, infection, or burn"
17134,7861,66bb05f91c1cd1ca120f4bd3,fracture depressed frontal dextra,fraktur,"S02.9 -- Fracture of skull and facial bones, part unspecified",01.25 -- Other craniectomy
17105,7825,66bac166c5d5e85f1c02cadb,closed fracture tibia dextra,fraktur,"S82.9 -- Fracture of lower leg, part unspecified","79.36 -- Open reduction of fracture with internal fixation, tibia and fibula"
17938,8909,66e4e01caa4eeeb98407d44c,closed fracture femur dextra,fraktur,"S72.80 -- Fractures of other parts of femur, closed","90.59--Microscopic examination of blood, Other microscopic examination"
14199,3952,662da98649fc160517096fa3,Fraktur zygoma,fraktur,"S02.41--Fracture of malar and maxillary bones, open",76.72--Open reduction of malar and zygomatic fracture
14482,4338,663ad0106850063bcc02983d,multiple fracture costa,fraktur,S22.3--Fracture of rib,34.04--Insertion of intercostal catheter for drainage
18151,9191,66f0dc1d2e28cb569c0155c1,fraktur digiti III et IV manus dx,fraktur,S62.6 -- Fracture of other finger,
16952,7638,66b389d0b4c7f3a89d0f1732,Fraktur depressed os temporal dextra,fraktur,S02.1--Fracture of base of skull,
14552,4431,663edf4a5b161c330e042156,fracture tertutup metacarpal digiti I manus sn,fraktur,"S62.20--Fracture of first metacarpal bone , closed","86.22--Excisional debridement of wound, infection, or burn"
16874,7536,66aefa41dbb6eab13a095732,closed fracture clavicula sin,fraktur,"S42.00 -- Fracture of clavicle, closed","79.39 -- Open reduction of fracture with internal fixation, other specified bone"
18198,9252,66f24b3118a8191e980b260b,non union fracture radius dex,fraktur,"S52.30 -- Fracture of shaft of radius, closed","79.32--Open reduction of fracture with internal fixation, radius and ulna"
17087,7804,66b9b5ece89c1b1893013b38,fraktur mandibula,fraktur,"S02.60 -- Fracture of mandible, closed",
16964,7656,66b42ba5cb2be05aad051605,open fracture phalange digiti III pedis dextra,fraktur,"S92.91--Fracture of foot, unspecified , open","90.59--Microscopic examination of blood, Other microscopic examination"
17245,8003,66c1945d3c61f576600d7e04,fraktur ar arcus zygoma sinistra,fraktur,S02.8--Fractures of other skull and facial bones,
17219,7969,66bd9e2d1ba0e2c2100ae5b8,closed fracture femur sin,fraktur,"S72.9 -- Fracture of femur, part unspecified","79.35 -- Open reduction of fracture with internal fixation, femur"
14268,4046,66306868ff70687796029072,open fraktur distal radius ulna sin,fraktur,"S52.61--Fracture of lower end of both ulna and radius, open",88.21 -- Skeletal x-ray of shoulder and upper arm
11868,719,65b71fcebc8cd98b2a034c04,open fracture metatarsal 1 pedis sinsitra,fraktur,"S92.31--Fracture of metatarsal bone , open","86.22--Excisional debridement of wound, infection, or burn"
15095,5151,665557046ec13394280a65b6,Fraktur depressed os frontal,fraktur,"S02.81--Fractures of other skull and facial bones, open",01.25 -- Other craniectomy
17831,8778,66dfd0f0187e10104a0bc576,Closed fracture Tibia dextra,fraktur,"S82.10 -- Fracture of upper end of tibia, closed","90.59--Microscopic examination of blood, Other microscopic examination"
17721,8640,66da9f82430655a8ad016973,Fracture of malar and maxillary bones,fraktur,S02.4 -- Fracture of malar and maxillary bones,76.74--Open reduction of maxillary fracture
18017,9028,66ea6df28f1619dcbf0771ad,fraktur calcaneus sinistra,fraktur,"S92.00 -- Fracture of calcaneus, closed",87.29 -- Other x-ray of spine
11933,807,65b9e3aaac335268600142b0,closed fracture humerus dex 1/3 tengah,fraktur,S42.3--Fracture of shaft of humerus,"79.31--Open reduction of fracture with internal fixation, humerus"
17197,7943,66bd76e0499c0795830c05cd,"Fraktur zygomaticomaxila bilateral, anterior maxila bilateral",fraktur,"S02.41 -- Fracture of malar and maxillary bones, open",76.72 -- Open reduction of malar and zygomatic fracture
17656,8545,66d718e42aedd9cb4a0cd307,Open fracture digiti  II pedis dx,fraktur,"S92.51--Fracture of other toe, open",79.68 -- Debridement of open fracture of phalanges of foot
16818,7467,66ab3c52326212b4cd006cb9,fraktur fibula sin 1/3 proximal,fraktur,"S82.91--Fracture of lower leg, part unspecified , open",
17523,8365,66d00d1d0f4222ab4007b401,SUSP FRACTUR COSTAE 10-11,fraktur,"S22.40--Multiple fractures of ribs, closed",
12722,1991,65e694f33f64ea6f1900ee10,closed fracture humerus sin,fraktur,"S42.30--Fracture of shaft of humerus, closed","79.32--Open reduction of fracture with internal fixation, radius and ulna"
17307,8084,66c546cf87a4e8534d00dd8f,Closed Fracture metacarpal I displaced manus dextra,fraktur,"S62.30--Fracture of other metacarpal bone, closed","79.33 -- Open reduction of fracture with internal fixation, carpals and metacarpals"
18037,9051,66eb7f28e48376f869074fa5,fraktur kompresi pada corpus vertebra torakal 3,fraktur,"M48.54 -- Collapsed vertebra, not elsewhere classified, thoracic region",---Belum di Isi
12721,1990,65e6931150d55fff6e0ce64e,closed fracture digiti 5 pedis sin,fraktur,"S92.40--Fracture of great toe, closed","79.38--Open reduction of fracture with internal fixation, phalanges of foot"
17978,8974,66e90b073da7c6e182034956,Malunion fraktur distal tibia dextra,fraktur,S82.3 -- Fracture of lower end of tibia,"79.36 -- Open reduction of fracture with internal fixation, tibia and fibula"
11970,868,65bb7c2b762427ac88048fa2,Fraktur dentoalveolar 12-11,fraktur,"S02.40--Fracture of malar and maxillary bones, closed","86.22--Excisional debridement of wound, infection, or burn"
12736,2009,65e7cdddb6fa4d0565083d6f,fraktur depressed frontal,fraktur,"S02.70--Multiple fractures involving skull and facial bones, closed",27.51--Suture of laceration of lip
13186,2631,65fba1d3b014384a2105e88b,fractur basis cranii fossa media,fraktur,"S02.10--Fracture of base of skull, closed",
12086,1049,65c33f354ca1bef8d7059856,Fraktur Tertutup humerus dextra 1/3 distal,fraktur,"S42.20--Fracture of upper end of humerus, closed","79.21--Open reduction of fracture without internal fixation, humerus"
15910,6246,667cfdf262ac12405b0a7fc3,open fracture manus dextra a/r metacarpal,fraktur,S62.3--Fracture of other metacarpal bone,
14852,4833,664aae04552c3d2ac303d487,fraktur terbuka tibia fibula sin 1/3 distal gr. 3A,fraktur,"S82.11--Fracture of upper end of tibia , open","78.17--Application of external fixation device, tibia and fibula"
15793,6090,6678e8016f6f635d9801c8a3,dead fracture radius ulna sinistra,fraktur,S52.5--Fracture of lower end of radius,79.62--Debridement of open fracture of radius and ulna
14870,4855,664ac901baa6e5c4c3084486,close fracture tibia fibula sin,fraktur,"S82.9--Fracture of lower leg, part unspecified","79.06--Closed reduction of fracture without internal fixation, tibia and fibula"
15726,5999,6674f5823f590b3c8f00ca73,union fracture distal humerus dex,fraktur,Z47.0 -- Follow-up care involving removal of fracture plate and other internal fixation device,78.62 -- Removal of implanted device from humerus
15724,5997,6674e49273c55296660053e5,closed fracture femur dex 1/3 tengah,fraktur,"S72.30 -- Fracture of shaft of femur, closed","79.35 -- Open reduction of fracture with internal fixation, femur"
15697,5954,66739dbaa9232914a6035405,open fraktur proximal tibia sin,fraktur,"S82.11 -- Fracture of upper end of tibia , open","79.06 -- Closed reduction of fracture without internal fixation, tibia and fibula"
14929,4938,664d67c43c9355d28d031953,closed fraktur digiti 5 manus dex,fraktur,"S62.60--Fracture of other finger , closed","79.34 -- Open reduction of fracture with internal fixation, phalanges of hand"
14932,4941,664d68b333b2b20e980f9b44,closed fracture femur dx,fraktur,"S72.30--Fracture of shaft of femur, closed","79.35 -- Open reduction of fracture with internal fixation, femur"
13504,3042,660a364826e58a5d0001e32d,closed fracture distal radius ulna sin,fraktur,"S52.60 -- Fracture of lower end of both ulna and radius, closed","79.32 -- Open reduction of fracture with internal fixation, radius and ulna"
14965,4985,664ebd8f665b2a22920f7b65,open fraktur distal tibia fibula dex,fraktur,"S82.71--Multiple fractures of lower leg, open","79.36--Open reduction of fracture with internal fixation, tibia and fibula"
12552,1753,65ded8e463a1e70e5c09296f,closed fracture acetabelum dx,fraktur,"S32.40--Fracture of acetabulum, closed",
15379,5538,666265044b9e774fca05d6fd,Fraktur kompresi pada corpus vertebra torakal  4 dan 5,fraktur,"S22.00--Fracture of thoracic vertebra, closed",88.93--Magnetic resonance imaging of spinal canal
15331,5469,665fef664a6a05543d0bad4b,fraktur depressed os frontalis,fraktur,S02.0--Fracture of vault of skull,
12517,1701,65dd436afaae5546590df976,fraktur condylus dextra fraktur parasimfisis sinistra,fraktur,"S02.60--Fracture of mandible, closed","79.39--Open reduction of fracture with internal fixation, other specified bone"
12536,1728,65dd7a4739ad1092510ad918,open fraktur distal phalanx digiti 3 manus dex,fraktur,"S62.61--Fracture of other finger , open","79.34--Open reduction of fracture with internal fixation, phalanges of hand"
15018,5045,66516485ab931dbb160da57d,open fracture phalang dig 5 pedis sin,fraktur,"S62.61 -- Fracture of other finger , open",79.68 -- Debridement of open fracture of phalanges of foot
12606,1822,65e132834fa488fbea0614fb,Closed fracture distal humerus sinistra,fraktur,"S42.40--Fracture of lower end of humerus, closed","79.31--Open reduction of fracture with internal fixation, humerus"
12085,1048,65c33b2d4ca1bef8d7059844,Fraktur Tertutup radius Ulna dextra 1/3 proksimal,fraktur,"S52.60--Fracture of lower end of both ulna and radius, closed","79.32--Open reduction of fracture with internal fixation, radius and ulna"
12285,1329,65d16bf5f57819c3b5003323,Fraktur simfisis mandibula et head condyle dextra,fraktur,S02.6--Fracture of mandible,27.52--Suture of laceration of other part of mouth
16037,6419,66838721550a03f58b0e9c59,closed fractur femur dx,fraktur,S72--Fracture of femur,
16783,7420,66aaf7bb85cbbb858d03d9df,closed fracture calcaneus sin,fraktur,"S92.00--Fracture of calcaneus, closed","79.37 -- Open reduction of fracture with internal fixation, tarsals and metatarsals"
16736,7361,66a896500d9ada7c3d0401d7,malunion fracture radius ulna (D),fraktur,"M84.03 -- Malunion of fracture, forearm",78.03 -- Bone graft of radius and ulna
16723,7344,66a86c2a478e658363070618,malunion fracture tibia fibula sin,fraktur,"M84.06--Malunion of fracture, lower leg",78.09--Bone graft of other bone except facial bones
16721,7342,66a86915a34b60c532051026,open fracture distal radius sin,fraktur,"S52.51--Fracture of lower end of radius, open","79.32 -- Open reduction of fracture with internal fixation, radius and ulna"
18261,9336,66f4d16d4d5fed884007185a,closed fracture tibia-fibula sin,fraktur,"S82.70 -- Multiple fractures of lower leg, closed","79.36--Open reduction of fracture with internal fixation, tibia and fibula"
12649,1879,65e2a8066ca19ffb260ac308,closed fracture clavicula sin,fraktur,"S42.00--Fracture of clavicle, closed","79.09 -- Closed reduction of fracture without internal fixation, other specified bone"
12648,1878,65e2a737b3dda65b050853c7,closed fracture radius-ulna dex,fraktur,"S52.40--Fracture of shafts of both ulna and radius, closed","79.32--Open reduction of fracture with internal fixation, radius and ulna"
12643,1873,65e28f0c6ca19ffb260ac28a,closed fracture femur dextra,fraktur,"S72.90--Fracture of femur, part unspecified, closed","79.35--Open reduction of fracture with internal fixation, femur"
12165,1151,65cad1ebaf36a6a38c0340a8,"Fractur costae 7,8, sinistra",fraktur,"S22.30--Fracture of rib, closed",93.39--Other physical therapy
14750,4694,66457b5c0af77caf7b0c437a,fracture olecranon sin,fraktur,S52.0--Fracture of upper end of ulna,"79.32 -- Open reduction of fracture with internal fixation, radius and ulna"
16331,6808,669212c6b48f3bcdc207624f,closed fractur phalang digiti  3 manus sin,fraktur,"S62.60 -- Fracture of other finger , closed","79.34 -- Open reduction of fracture with internal fixation, phalanges of hand"
14769,4724,6646bba59f0c1fa5a207cbf2,fractur lumbal,fraktur,"S32.00 -- Fracture of lumbar vertebra, closed",88.93 -- Magnetic resonance imaging of spinal canal
16304,6775,6690d68508103429fb0a683c,Fraktur costae multiple,fraktur,S22.0--Fracture of thoracic vertebra,93.13--Resistive exercise
16264,6728,668f843a82392b145700dda0,Fraktur tertutup intertrochanter femur S,fraktur,"S72.00--Fracture of neck of femur, closed","79.35--Open reduction of fracture with internal fixation, femur"
14787,4746,6646d65674cdf1192501d697,neglected  closed fracture distal tibia sn,fraktur,S82.3--Fracture of lower end of tibia,"88.24 -- Skeletal x-ray of upper limb, not otherwise specified"
16147,6575,668b5aef506660a7ba065967,malunion fraktur os femur dx,fraktur,"M84.05--Malunion of fracture, pelvic and thigh",
12266,1302,65cf48a8e1fcb9ae0202b122,Fraktur Kompresi L1,fraktur,"S32.00--Fracture of lumbar vertebra, closed",
14814,4780,66477693f89a7881ed0f81f2,fraktur rima orbita,fraktur,"S02.00--Fracture of vault of skull, closed","79.09--Closed reduction of fracture without internal fixation, other specified bone"
16674,7277,66a44ae8485490724a01895e,closed fracture radius-ulna sin,fraktur,"S52.40 -- Fracture of shafts of both ulna and radius, closed","79.32 -- Open reduction of fracture with internal fixation, radius and ulna"
15047,5088,6653e981315539a326015c46,closed fracture radius ulna sinistra,fraktur,S52.1--Fracture of upper end of radius,"79.32--Open reduction of fracture with internal fixation, radius and ulna"
19197,10536,672185368fe3d415a5075380,Fraktur nasal terbuka,fraktur,"S02.21--Fracture of nasal bones, open",21.72--Open reduction of nasal fracture
19286,10652,6724b2eb1ab8fd8db60cc835,open fracture femur dex,fraktur,"S72.41--Fracture of lower end of femur, open","79.25--Open reduction of fracture without internal fixation, femur"
19213,10556,6721a843dcb077b0a3096666,closed fracture fibula,fraktur,"S82.40--Fracture of fibula alone, closed","79.36--Open reduction of fracture with internal fixation, tibia and fibula"
19204,10546,67219aa4b4a614857c0bf4b1,Close Fraktur Costa III Sinistra,fraktur,"S22--Fracture of rib(s), sternum and thoracic spine","89.05--Diagnostic interview and evaluation, not otherwise specified"
18290,9369,66f504516035b2a8b50cc76f,non union fracture tibia sin,fraktur,"M84.16 -- Nonunion of fracture [pseudarthrosis], lower leg",78.07--Bone graft of tibia and fibula
19186,10524,6720825404e30c4bf0004183,open fraktur os femur dextra,fraktur,"S72.91--Fracture of femur, part unspecified , open",76.74--Open reduction of maxillary fracture
20473,12196,675ba0cd9ce723d2620f4231,neglected fraktur dislokasi ankle (D),fraktur,S82.8--Fractures of other parts of lower leg,"79.37 -- Open reduction of fracture with internal fixation, tarsals and metatarsals"
19145,10468,671f043beb62124f340d0311,closed fracture tibia-fibula sin,fraktur,"S82.70--Multiple fractures of lower leg, closed","79.34--Open reduction of fracture with internal fixation, phalanges of hand"
19026,10309,671858821139ddaa2d002732,closed fracture radius-ulna sin,fraktur,"S52.70--Multiple fractures of forearm , closed","79.32--Open reduction of fracture with internal fixation, radius and ulna"
20482,12211,675bcf9a648245d88c0e9958,perimplant fracture,fraktur,S72.4--Fracture of lower end of femur,93.53--Application of other cast
11668,400,65a9ed8e4dd54bca6b09caab,Fraktur nasal tertutup,fraktur,,
18884,10134,67121a4d9963f3063a0de87a,Fraktur dentoalveolar ar 12-23,fraktur,"S02.51 -- Fracture of tooth, open",23.09--Extraction of other tooth
13983,3664,662347bacd5a16af3d02910b,Fraktur segmental kompleta os tibia dextra,fraktur,"S82.30--Fracture of lower end of tibia, closed","79.32--Open reduction of fracture with internal fixation, radius and ulna"
20738,12533,6766ec0e5c367176d20febf5,ICH susp Fraktur basis cranii,fraktur,"I62.9 -- Intracranial haemorrhage (nontraumatic), unspecified","93.19--Exercise, not elsewhere classified"
18732,9944,670a2bd57796c41d4f065b35,Fraktur Tertutup Distal Radius dextra,fraktur,"S52.50 -- Fracture of lower end of radius, closed","79.32 -- Open reduction of fracture with internal fixation, radius and ulna"
12890,2206,65f12173d06dad08dd0b3d61,frakture maxilla,fraktur,S02.4--Fracture of malar and maxillary bones,04.81--Injection of anesthetic into peripheral nerve for analgesia
19399,10801,672af71031ad198c9204b54f,"FRaktur Tertutup Metatarsal Digiti 2,4,5 Pedis sinistra",fraktur,"S92.30--Fracture of metatarsal bone, closed","79.07--Closed reduction of fracture without internal fixation, tarsals and metatarsals"
11722,499,65ae16c453c1fb3aff07b720,Fraktur Terbuka Tibia Fibula Dextra 1/3 Tengah Gr 1,fraktur,"S82.21--Fracture of shaft of tibia , open","79.36--Open reduction of fracture with internal fixation, tibia and fibula"
12942,2278,65f2642fe10808ee9605b48a,fraktur dislokasi vertebra cervical 5,fraktur,"S12.20--Fracture of other specified cervical vertebra, closed",
12959,2306,65f27cdac8c9b6d8f7083f0f,fractur nasal,fraktur,S02.2--Fracture of nasal bones,21.71--Closed reduction of nasal fracture
20191,11825,674e8cc7ddb08da87e036c80,"Fraktur os costa 3, 4,5,6,7 sinistra",fraktur,"S22.41--Multiple fractures of ribs, open","89.05--Diagnostic interview and evaluation, not otherwise specified"
12983,2343,65f2a2c11a3b29160504b151,Fraktur Tertutup Radius Sinistra 1/3 distal,fraktur,"S52.50--Fracture of lower end of radius, closed","79.32 -- Open reduction of fracture with internal fixation, radius and ulna"
13229,2688,65fcf437a94c76b0dd04158e,Fraktur os verteks,fraktur,"S02.9--Fracture of skull and facial bones, part unspecified",
20282,11950,6752776f3b3ffcf6bb03d338,fraktur mandibula open,fraktur,"S02.61--Fracture of mandible, open",76.43--Other reconstruction of mandible
13767,3384,661de89dfbb95a408a0454d7,Fraktur nasal tertutup,fraktur,"S02.20--Fracture of nasal bones, closed",21.71 -- Closed reduction of nasal fracture
13772,3390,661df3cc2b48302c3c086dc6,Frakture cominutif complit humerus dx,fraktur,S42.2--Fracture of upper end of humerus,
13790,3413,661e5d5ea55a27ac2608c712,Fraktur Drntoalveolar ar gigi 11-22,fraktur,S02.5--Fracture of tooth,27.52--Suture of laceration of other part of mouth
19889,11443,6743f2bf7434587298038b35,open fracture digiti 1 pedis sin,fraktur,"S92.41--Fracture of great toe, open","79.38 -- Open reduction of fracture with internal fixation, phalanges of foot"
19801,11328,673e92a950e5beb1d10af0dd,closed fracture olecranon sin,fraktur,"S52.00--Fracture of upper end of ulna, closed","79.32--Open reduction of fracture with internal fixation, radius and ulna"
13251,2721,65fe391c5e03f47eb108d471,Fraktur Calvaria,fraktur,"S02.80--Fractures of other skull and facial bones, closed",
19630,11115,6736ce822b91760de00fe70d,fraktur maleolus lateralis dx,fraktur,S82.6--Fracture of lateral malleolus,93.53 -- Application of other cast
19624,11107,6736c50b6b062cefa9038421,union fracture femur (S),fraktur,Z48.0--Attention to surgical dressings and sutures,78.65 -- Removal of implanted device from femur
13805,3435,661f3003efb7391cd70236f0,fraktur tertutup femur dextra 1/3 tengah,fraktur,"S72.90 -- Fracture of femur, part unspecified, closed","79.35 -- Open reduction of fracture with internal fixation, femur"
20345,12035,6756700bcbc6eb32bc01d6c4,Fraktur terbuka Tibia fibula dx 1/3 distal.,fraktur,"S82.31--Fracture of lower end of tibia , open","79.36--Open reduction of fracture with internal fixation, tibia and fibula"
19606,11087,67369e6e57a8291b0f0cfa11,fraktur maxilla et mandibula,fraktur,S02--Fracture of skull and facial bones,"39.98--Control Of Hemorrhage, Not Otherwise Specified"
13252,2722,65fe3bc504d7b62db7087c56,Fraktur Terbuka Impresi Os Frontal,fraktur,"S02.01--Fracture of vault of skull, open",86.59--Suture of skin and subcutaneous tissue of other sites
18634,9816,67060e31edbb7d75e8018604,Fraktur Terbuka Femur Sinistra 1/3 distal Gr 1,fraktur,"S72.91 -- Fracture of femur, part unspecified , open","79.35 -- Open reduction of fracture with internal fixation, femur"
20571,12317,675fc49cb13e14bab60db7ff,fraktur os pubis ramus inferior,fraktur,"S32.50--Fracture of pubis, closed",87.29--Other x-ray of spine
13688,3288,6612050726dc79f1850414b2,fraktur dentoalveolar 12-22,fraktur,"S02.40 -- Fracture of malar and maxillary bones, closed",93.55 -- Dental wiring
11743,542,65b08fe10209f06fcb014036,fraktur condyle,fraktur,S02.7--Multiple fractures involving skull and facial bones,76.74--Open reduction of maxillary fracture
18578,9736,6704a58ee74783278d04f171,Fraktur os nasal terbuka,fraktur,"S02.21 -- Fracture of nasal bones, open",87.17--Other x-ray of skull
14127,3858,6629ccdf9cec7c76ce0a7c77,open depressed fracture,fraktur,"S02.91--Fracture of skull and facial bones, part unspecified, open",99.04--Transfusion of packed cells
14136,3869,6629f7c5872cfbb39503caeb,closed fracture iliac wing dex,fraktur,"S32.30--Fracture of ilium, closed","79.09--Closed reduction of fracture without internal fixation, other specified bone"
12834,2130,65ea93ce858a4508120d6d3e,fraktur tibia dextra 1/3 distal,fraktur,"S82.10--Fracture of upper end of tibia, closed","79.36--Open reduction of fracture with internal fixation, tibia and fibula"
14137,3870,6629f8cbb7324bcd430aa895,non union fraktur tibia sin,fraktur,"S82.20--Fracture of shaft of tibia, closed",78.07--Bone graft of tibia and fibula
12832,2128,65ea915f9dac2645c0013aa0,union fr. metatarsal IV-V pedis (D),fraktur,Z47.0--Follow-up care involving removal of fracture plate and other internal fixation device,78.68--Removal of implanted device from tarsal and metatarsals
18379,9485,66fb7fddc05a3df32200c16d,Fraktur pada proksimal os. tibia kiri,fraktur,S82.1 -- Fracture of upper end of tibia,
18343,9436,66fa02a264277e2c380ac6f5,closed fracture radius ulna dex,fraktur,"S52.70 -- Multiple fractures of forearm , closed","79.02--Closed reduction of fracture without internal fixation, radius and ulna"
18314,9400,66f62aceefffbfff4f02b257,closed fracture tibia dex,fraktur,"S82.20 -- Fracture of shaft of tibia, closed","79.36--Open reduction of fracture with internal fixation, tibia and fibula"
13181,2624,65fb9c2364d33504a209cbf5,fracture patella,fraktur,"S82.00--Fracture of patella, closed","79.39--Open reduction of fracture with internal fixation, other specified bone"
11655,384,65a9ca04111505eb4c0e7ab2,gagal napas,gagal napas,P28.5--Respiratory failure of newborn,96.71 -- Continuous invasive mechanical ventilation for less than 96 consecutive hours
14727,4660,6644506b770adc62030cdca6,gagal napas,gagal napas,P28.5 -- Respiratory failure of newborn,96.71 -- Continuous invasive mechanical ventilation for less than 96 consecutive hours
17887,8843,66e26dc30118f3b91b0b0d4f,Gagal nafas,gagal napas,,96.71--Continuous invasive mechanical ventilation for less than 96 consecutive hours
13490,3025,660a1e16c2658c4e5f0b6452,Gagal nafas,gagal napas,"J96.9 -- Respiratory failure, unspecified",96.71 -- Continuous invasive mechanical ventilation for less than 96 consecutive hours
11879,733,65b7389b561150f6320a6d16,gagal napas,gagal napas,J96.0--Acute respiratory failure,96.71 -- Continuous invasive mechanical ventilation for less than 96 consecutive hours
12767,2049,65e8082324e3492bf6019063,Gagal nafas,gagal napas,"J96.9--Respiratory failure, unspecified",96.71--Continuous invasive mechanical ventilation for less than 96 consecutive hours
11961,857,65bb41d614c74198860e087f,gagal napas,gagal napas,J96.0 -- Acute respiratory failure,96.71 -- Continuous invasive mechanical ventilation for less than 96 consecutive hours
13380,2882,6603ad7bfdd21fcc7d0eb354,Gagal nafas,gagal napas,"J96--Respiratory failure, not elsewhere classified",96.71--Continuous invasive mechanical ventilation for less than 96 consecutive hours
18996,10268,671711dc6df898267e0e5bbe,gastritis kronis,gastritis,"K29.5 -- Chronic gastritis, unspecified",99.04 -- Transfusion of packed cells
11600,278,65a489bb936ee69bcd07ac25,gastritis,gastritis,"K29.7--Gastritis, unspecified",44.13--Other gastroscopy
13654,3243,660fbc4beec2cde80a0bae2f,gastritis cronis,gastritis,"K29.5--Chronic gastritis, unspecified",44.13 -- Other gastroscopy
12164,1149,65cace010cc898d1ed0e04bd,Gastritis erosif berdarah,gastritis,"K92.2--Gastrointestinal haemorrhage, unspecified",99.04--Transfusion of packed cells
18194,9247,66f245727bab07bcd604a939,hematemesis ec susp gastritis erosiva,gastritis,K92.0 -- Haematemesis,"90.59 -- Microscopic examination of blood, Other microscopic examination"
20603,12355,6760ec3093f83e5d760be9b6,gastritis kronis,gastritis,K29.4--Chronic atrophic gastritis,44.13--Other gastroscopy
15228,5325,665d24df99cc91343601c660,gastritis,gastritis,"K29.7 -- Gastritis, unspecified",45.13 -- Other endoscopy of small intestine
12323,1396,65d2f3d2534dfe65740646ba,bile gastritis,gastritis,K29.6--Other gastritis,45.13--Other endoscopy of small intestine
16380,6875,6695d125c8a89dfd400c6192,gastrititis kronis,gastritis,"K25.9 -- Gastric ulcer, unspecified as acute or chronic, without haemorrhage or perforation",44.13 -- Other gastroscopy
19200,10540,67218a13796496327c037761,gastritis erosif regio pilorus,gastritis,K29.1--Other acute gastritis,44.14--Closed biopsy of stomach (endoscopic)
21159,13089,677cf594d139f689390520cf,Tuberculosis meningeal,gastroenteritis,A17.0--Tuberculous meningitis,87.03--Computerized axial tomography of head
11468,47,659797377977a61c3a02e2a2,GEA,gastroenteritis,A09.9--Gastroenteritis and colitis of unspecified origin,"90.59--Microscopic examination of blood, Other microscopic examination"
13171,2607,65faac4b65ad0d080a02f8a7,GEA infeksius,gastroenteritis,"A04.9--Bacterial intestinal infection, unspecified","90.59 -- Microscopic examination of blood, Other microscopic examination"
15483,5677,6667dd5fc96706812a01361e,GEA,gastroenteritis,A09.0--Other and unspecified gastroenteritis and colitis of infectious origin,"90.59--Microscopic examination of blood, Other microscopic examination"
18256,9328,66f4c9032f57ec36c40a557c,GEA,gastroenteritis,A09.0 -- Other and unspecified gastroenteritis and colitis of infectious origin,---Belum di Isi
11886,746,65b87252e701f45a71066ba4,GEA,gastroenteritis,A09.9 -- Gastroenteritis and colitis of unspecified origin,"90.59 -- Microscopic examination of blood, Other microscopic examination"
17848,8798,66e0c50e84673c392504bcc3,gea infeksi,gastroenteritis,"A04.9 -- Bacterial intestinal infection, unspecified","90.59--Microscopic examination of blood, Other microscopic examination"
20947,12822,6771fbffc64dec604c05fd8b,GEA,gastroenteritis,"A08.4--Viral intestinal infection, unspecified","90.52--Microscopic examination of blood, Culture"
15761,6053,66764a1c83208d9bc500f726,Coxygeal gia sinistra ec curiga trauma,gastroenteritis,"M53.3--Sacrococcygeal disorders, not elsewhere classified",93.39--Other physical therapy
18872,10118,6711cc50f798da1f4f0d647b,glaukoma akut sudut tertutup,glaukoma,H40.2 -- Primary angle-closure glaucoma,12.64--Trabeculectomy ab externo
16283,6749,6690a94b61fe4975df001860,glaucoma acute OD,glaukoma,H40.2--Primary angle-closure glaucoma,
17303,8080,66c53ccadaf97bfb4e08319b,glaucoma acut os,glaukoma,"H40.9--Glaucoma, unspecified",35.35--Operations on trabeculae carneae cordis
15124,5189,6656ca7d07866a267a0d9af6,Glaucoma Sekunder OD,glaukoma,H40.5--Glaucoma secondary to other eye disorders,12.64--Trabeculectomy ab externo
18042,9058,66eb84a5d76d84d9630f5e85,gout arthritis,gout arthritis,"M10.97 -- Gout, unspecified, ankle and foot","90.59 -- Microscopic examination of blood, Other microscopic examination"
18717,9928,6709de131cea958b9e055bab,artritis gout,gout arthritis,"M10.07 -- Idiopathic gout, ankle and foot","90.59 -- Microscopic examination of blood, Other microscopic examination"
19989,11574,6747fa4cfcd18cb68e01587d,Joint pain ec GOUT Arthritis,gout arthritis,"M10.98--Gout, unspecified, other sites","87.44--Routine chest x-ray, so described"
17894,8851,66e27dc457122d91470961e0,gout arhtritis,gout arthritis,M10 -- Gout,93.11--Assisting exercise
16795,7436,66ab169fc71bfff0140e75b0,arthritis gout,gout arthritis,"M10.9 -- Gout, unspecified","90.59 -- Microscopic examination of blood, Other microscopic examination"
12064,1022,65c30a54b7b9a26b27004ef7,gout arthitis,gout arthritis,"M10.9--Gout, unspecified","90.59 -- Microscopic examination of blood, Other microscopic examination"
14599,4491,6641770b3c3381b4a80215b3,gout arthritis,gout arthritis,"M10.00 -- Idiopathic gout, multiple sites","90.59 -- Microscopic examination of blood, Other microscopic examination"
20150,11772,674d54f085b28eaa6b0ed79e,gout arthritis,gout arthritis,M10--Gout,"87.44--Routine chest x-ray, so described"
18473,9615,66ff802ec83e864bc50d1c4c,hemangioma,hemangioma,"D18.0 -- Haemangioma, any site",86.4 -- Radical excision of skin lesion
19468,10896,6730c9251b118a4b650b8a48,susp hemangioma a/r gluteus,hemangioma,Z03.8--Observation for other suspected diseases and conditions,86.09--Other incision of skin and subcutaneous tissue
11506,121,659cc1e1830f65f94e0bab3b,hemangioma a/r punggung kanan,hemangioma,"D18.0--Haemangioma, any site",99.21--Injection of antibiotic
13175,2613,65fb8627b0f7a1d1580a1f1b,hematemesis ec NVB,hematemesis,"K92.2--Gastrointestinal haemorrhage, unspecified",88.76--Diagnostic ultrasound of abdomen and retroperitoneum
19058,10353,6719c4f0b9faab19c1084165,hematemesis susp. PSCA,hematemesis,,
11514,133,659ccccb5129afd88f098c89,hematemesis,hematemesis,K92.0--Haematemesis,"90.59 -- Microscopic examination of blood, Other microscopic examination"
20949,12825,677204494e6613743d01138c,Hematemesis ec Peptic Ulcer,hematemesis,"K27.0--Peptic ulcer, acute with haemorrhage",44.14 -- Closed biopsy of stomach (endoscopic)
18605,9775,67053a26d4a5558009010804,hematosezia,hematoskezia,K62.5 -- Haemorrhage of anus and rectum,"87.44--Routine chest x-ray, so described"
20014,11608,674862d5c8490e70da0485a7,hematoskezia ec haermorhoid,hematoskezia,I84.1--Internal haemorrhoids with other complications,99.04--Transfusion of packed cells
16745,7373,66a9a203775dbeb853052481,Hematokezia ec Susp Malignancy Anorecti,hematoskezia,C20--Malignant neoplasm of rectum,48.25 -- Open biopsy of rectum
18147,9187,66f0d58758bdedefc806caf6,Hematokezia ec Malignancy Sigmoid Distal.,hematoskezia,K92.1 -- Melaena,45.23--Colonoscopy
21143,13068,677b3fd519882c26300f178c,hematokezia (perdarahan SCBA),hematoskezia,"K62.9--Disease of anus and rectum, unspecified",
11686,431,65aa2faf8c9541c85b0470cf,hematosezia,hematoskezia,K62.5--Haemorrhage of anus and rectum,99.04 -- Transfusion of packed cells
14012,3702,6625ca53376b8e7a3a0a830b,Hematokezia ec Diverticel Sigmoid,hematoskezia,,
18452,9588,66ff43bff077614d0e0a7b9b,Hematokezia ec Malignancy Rectosigmoid.,hematoskezia,C19 -- Malignant neoplasm of rectosigmoid junction,45.25--Closed (endoscopic) biopsy of large intestine
15612,5846,666d2093660d3cd7500795f1,hematoskezia,hematoskezia,K92.1--Melaena,99.04--Transfusion of packed cells
14100,3819,66287568adb87584eb0c8a85,Hematokezia ec Susp. Malignancy Sigmoid.,hematoskezia,D37.4--Neoplasm of uncertain or unknown behavior of colon,45.25 -- Closed (endoscopic) biopsy of large intestine
17380,8170,66c7e36510309824950a46a0,Hematokezia ec Susp Malignancy Colon,hematoskezia,Z03.1--Observation for suspected malignant neoplasm,45.23--Colonoscopy
18385,9496,66fba586ab2255f8fb0de21d,hematuria,hematuria,R31 -- Unspecified haematuria,87.03--Computerized axial tomography of head
15535,5745,666a8feece035f98bd0b2e0d,hematuria,hematuria,"N02.9--Recurrent and persistent haematuria, unspecified",96.48 -- Irrigation of other indwelling urinary catheter
12757,2038,65e7f57d0424abdd280ef9ee,hematuria,hematuria,R31--Unspecified haematuria,
12795,2085,65e943095e68a84ddb0c72b0,Internal haemorrhoids gr IV,hemoroid,I84.2 -- Internal haemorrhoids without complication,49.46 -- Excision of hemorrhoids
12324,1399,65d2f666eaac242f5a0665b8,haemorrhoid grade IV,hemoroid,I84.1 -- Internal haemorrhoids with other complications,49.46 -- Excision of hemorrhoids
14182,3927,662c3dc2355583d63c02824a,hemoroid  grade IV,hemoroid,I84.3--External thrombosed haemorrhoids,49.46--Excision of hemorrhoids
18143,9183,66f0ce42d705bdb0ea05b627,hemoroid externa,hemoroid,I84.4--External haemorrhoids with other complications,---Belum di Isi
17924,8886,66e3bd0ed5e3f10af5090db4,Hemoroid grade 4,hemoroid,I84.5 -- External haemorrhoids without complication,49.46--Excision of hemorrhoids
11905,771,65b8980353ba4cc0980ce8c2,haemorrhoid grade IV,hemoroid,I84.1--Internal haemorrhoids with other complications,49.46--Excision of hemorrhoids
17532,8376,66d118847f1c2ed0f20b3c72,Hematokezia ec Hemoroid Interna,hemoroid,K62.5 -- Haemorrhage of anus and rectum,45.23 -- Colonoscopy
18797,10026,670f4457e6d9aa0953040ac8,anemia ec hematoskezia ec hemoroid interna gr 2,hemoroid,"D64.9 -- Anaemia, unspecified","87.44--Routine chest x-ray, so described"
12901,2227,65f13bd83ec47737740dbb27,hemoroid grade IV,hemoroid,I84.5--External haemorrhoids without complication,49.46 -- Excision of hemorrhoids
17110,7830,66baca6e393e9812d30e81fa,"Hematokezia ec Hemoroid Interna,",hemoroid,,
14013,3703,6625cb579a81f4e4d80c18e9,Haemorrhoid grade 3,hemoroid,I84.0 -- Internal thrombosed haemorrhoids,49.46 -- Excision of hemorrhoids
19146,10470,671f053f000e9146200a9040,"Hematokezia ec Hemoroid Interna,",hemoroid,K92.1--Melaena,45.23--Colonoscopy
14499,4362,663affb54734c3674f0970ea,hemoroid grade III,hemoroid,I84.2--Internal haemorrhoids without complication,49.46 -- Excision of hemorrhoids
17020,7726,66b6bce3cf18195bad045785,chronic hepatitis,hepatitis,"K73.9 -- Chronic hepatitis, unspecified","90.59 -- Microscopic examination of blood, Other microscopic examination"
20701,12486,676512e098a4fd236e0c85d7,Hepatitis drug induced OAT/ DILI,hepatitis,"K71.9--Toxic liver disease, unspecified",
12335,1420,65d414df5ec6506bf3083967,hepatitis,hepatitis,B17--Other acute viral hepatitis,"90.59--Microscopic examination of blood, Other microscopic examination"
16897,7565,66b184cbb470e3f17007083b,HCC ec hepatitis B,hepatitis,C22.0--Liver cell carcinoma,
11736,529,65b06a3b64e2b6c7c30b6cd1,DILI dgn hepatitis,hepatitis,"K71.6--Toxic liver disease with hepatitis, not elsewhere classified","90.59--Microscopic examination of blood, Other microscopic examination"
20845,12683,676a5d7893484f4e0a081b7c,hepatitis,hepatitis,"K76.9--Liver disease, unspecified",88.72--Diagnostic ultrasound of heart
18592,9757,6704c9c744771e62ad0718b9,hepatitis dengue,hepatitis,A90 -- Dengue fever [classical dengue],"90.59 -- Microscopic examination of blood, Other microscopic examination"
12083,1045,65c321bd22f9a9330d0116aa,bayi dari ibu hepatitis B,hepatitis,P00.2--Fetus and newborn affected by maternal infectious and parasitic diseases,"90.59--Microscopic examination of blood, Other microscopic examination"
16442,6961,669894e97fe1526ee7024aa7,Hepatitis b,hepatitis,B16 -- Acute hepatitis B,54.91--Percutaneous abdominal drainage
18026,9038,66eaf7efa48f58b67b010521,hepatitis B akut,hepatitis,B16.9 -- Acute hepatitis B without delta-agent and without hepatic coma,"87.44--Routine chest x-ray, so described"
18438,9570,66fe2d92a77828b1db099f26,hepatitis akut,hepatitis,"K76.9 -- Liver disease, unspecified","90.59 -- Microscopic examination of blood, Other microscopic examination"
11446,5,6594bb06b54ce00b380615d8,Hepatitis B,hepatitis,B16.9--Acute hepatitis B without delta-agent and without hepatic coma,51.23--Laparoscopic cholecystectomy
12359,1460,65d5562ba268f5de150ee912,hepatitis akut,hepatitis,"K72.9--Hepatic failure, unspecified",99.05 -- Transfusion of platelets
18274,9350,66f4e58c0a8cbde808048246,hepatitis B,hepatitis,B19.9 -- Unspecified viral hepatitis without hepatic coma,"87.44--Routine chest x-ray, so described"
13560,3116,660cda0cbdc85314c200f418,hepatitis B kronis,hepatitis,B18.1--Chronic viral hepatitis B without delta-agent,"90.59--Microscopic examination of blood, Other microscopic examination"
12544,1744,65dea97d63a1e70e5c0928d7,hepatitis B,hepatitis,B19.9--Unspecified viral hepatitis without hepatic coma,88.76--Diagnostic ultrasound of abdomen and retroperitoneum
15043,5081,6653de9719ee4513d20e9acb,hepatitis bakterial,hepatitis,"K75.9--Inflammatory liver disease, unspecified",
14782,4741,6646ccdc40c892a47101ca3e,Hepatitis B,hepatitis,B16--Acute hepatitis B,"90.59 -- Microscopic examination of blood, Other microscopic examination"
11992,903,65bd9e7f89d7caca2308fb5f,hil dx,hernia,"K40.9 -- Unilateral or unspecified inguinal hernia, without obstruction or gangrene","53.05 -- Repair of inguinal hernia with graft or prosthesis, not otherwise specified"
17291,8065,66c412ace6ed0231370e0624,hernia umbilikal inkarserata,hernia,"K42.0--Umbilical hernia with obstruction, without gangrene",
20179,11809,674e6919368fc0f499023ce1,HNP cervical traumatik,hernia,S13.1--Dislocation of cervical vertebra,80.51--Excision of intervertebral disc
17229,7984,66bec5a28d34d334b809a9b2,hernia diafragma,hernia,Q79.0--Congenital diaphragmatic hernia,96.04--Insertion of endotracheal tube
13118,2524,65f9003c61d460540c09d410,hernia umbilikus,hernia,K42.9 -- Umbilical hernia without obstruction or gangrene,53.41 -- Other and open repair of umbilical hernia with graft or prosthesis
12072,1030,65c316fa1ffc0541ce0131a2,HIL bilateral,hernia,"K40.2--Bilateral inguinal hernia, without obstruction or gangrene",53.02--Other and open repair of indirect inguinal hernia
17048,7760,66b70a1a17a8b7843f0452f3,Hernia diafragma,hernia,K44.9--Diaphragmatic hernia without obstruction or gangrene,53.9--Other hernia repair
17011,7715,66b5a5e64bc86bcf2a02c2c8,abdominal pain susp peritonitis ec susp hernia inguinalis sinistra,hernia,R10.4--Other and unspecified abdominal pain,54.11--Exploratory laparotomy
16904,7580,66b195764eb4b8c6de01d2bf,multiple cervical HNP,hernia,M50.1 -- Cervical disc disorder with radiculopathy,93.01--Functional evaluation
15281,5399,665e8b2deaf31f8a8d0b1b87,HNP L3-L4,hernia,"M51.9--Intervertebral disc disorder, unspecified",03.09--Other exploration and decompression of spinal canal
16829,7480,66ac4d4f73b9570f1b0a2d7d,HNP cervical,hernia,M50.1--Cervical disc disorder with radiculopathy,93.13--Resistive exercise
16684,7287,66a47a62789e0ea6240270a2,Hernia ventralis,hernia,K43.9--Ventral hernia without obstruction or gangrene,
12139,1119,65c99909bd0eced9a606515b,hil dx incaserata,hernia,"K40.3 -- Unilateral or unspecified inguinal hernia, with obstruction, without gangrene","53.00 -- Unilateral repair of inguinal hernia, not otherwise specified"
15946,6295,667f6fcbee7e0560570bacaf,HNP cervical,hernia,M50.0--Cervical disc disorder with myelopathy,"81.08 -- Lumbar and lumbosacral fusion, posterior technique"
20772,12580,6768db33a7b9d371a90f4867,Hernia skrotalis irreponible,hernia,Q79.5--Other congenital malformations of abdominal wall,96.72--Continuous invasive mechanical ventilation for 96 consecutive hours or more
14934,4943,664d692353661816e9030c80,rupture achilles tendon dex,hernia,S86.0--Injury of Achilles tendon,83.73--Reattachment of tendon
15556,5772,666bc86ecc9c77ebff0abcbb,HNP C4-5,hernia,M51.2--Other specified intervertebral disc displacement,80.51--Excision of intervertebral disc
12425,1557,65d6ecf88614f971c200e05c,Multiple HNP lumbar,hernia,,
20064,11668,674a817dbd63fe8a5c0d987a,hiatal hernia esofagus ( sliding hernia ),hernia,"K44.0--Diaphragmatic hernia with obstruction, without gangrene",54.59--Other lysis of peritoneal adhesions
17294,8068,66c418504813281c8f0c7c62,HIL dextra inkarserata,hernia,K40--Inguinal hernia,"53.05--Repair of inguinal hernia with graft or prosthesis, not otherwise specified"
17780,8717,66de562e4d1efccddc087282,"Hernia Incisional Incarserata Irreponibilis,",hernia,"K43.0 -- Ventral hernia with obstruction, without gangrene",53.61--Other open incisional hernia repair with graft or prosthesis
11902,768,65b896453b0877491b0e1a7d,hernia femoralis dx irep,hernia,"K41.9--Unilateral or unspecified femoral hernia, without obstruction or gangrene",53.21 -- Unilateral repair of femoral hernia with graft or prosthesis
12916,2246,65f14b5d100ed0584209dcab,hernia epigastric irrepondible,hernia,K46.9--Unspecified abdominal hernia without obstruction or gangrene,54.21 -- Laparoscopy
14327,4127,66332fbf9c442c7dea06bfbc,phimosis,hernia,"N47--Redundant prepuce, phimosis and paraphimosis",
11872,723,65b7283db26c506eba0b4f88,hernia umbilical,hernia,K42.9--Umbilical hernia without obstruction or gangrene,
18141,9180,66f0c6431d4fe8d9400ebf60,HNP L5S1,hernia,M51.2 -- Other specified intervertebral disc displacement,03.09--Other exploration and decompression of spinal canal
15141,5209,6657df5a8db6bb3e92044883,HNP,hernia,M51.3--Other specified intervertebral disc degeneration,99.18--Injection or infusion of electrolytes
13973,3650,6623386fadcbb23d3e03ab16,HNP lumbal,hernia,M51.0--Lumbar and other intervertebral disc disorders with myelopathy,88.97--Magnetic resonance imaging of other and unspecified sites
13814,3450,661f4498efa888084d0f7411,Hernia Inkaserata Inguinalis Sinistra,hernia,"K40.0--Bilateral inguinal hernia, with obstruction, without gangrene","53.05--Repair of inguinal hernia with graft or prosthesis, not otherwise specified"
18352,9445,66fa1a96760930d65c0f877f,ventral hernia,hernia,K43 -- Ventral hernia,54.72--Other repair of abdominal wall
11678,420,65a9feadaf0bdab9780ef32a,hernia inguinal dx reponible,hernia,"K40.9--Unilateral or unspecified inguinal hernia, without obstruction or gangrene","53.05--Repair of inguinal hernia with graft or prosthesis, not otherwise specified"
11620,314,65a5e8ab934228c15c0c36b1,hernia inguinal sn  premagna rekuren + adhesi intestinal gr II-III,hernia,"K40.3--Unilateral or unspecified inguinal hernia, with obstruction, without gangrene","53.05--Repair of inguinal hernia with graft or prosthesis, not otherwise specified"
14408,4236,663847c67462cd91600efcc1,HIL bilateral,hernia,"K40.0 -- Bilateral inguinal hernia, with obstruction, without gangrene","53.05 -- Repair of inguinal hernia with graft or prosthesis, not otherwise specified"
18709,9920,6709cf32199a2bdec10e9b9d,Hernia ventral residif dinding abdomen,hernia,K43.9 -- Ventral hernia without obstruction or gangrene,53.69--Other open repair of other hernia of anterior abdominal wall with graft or prosthesis
11709,480,65adc861ccc1aca7030439cf,Hernia inguinal dx inkaserata,hernia,"K40.4--Unilateral or unspecified inguinal hernia, with gangrene","53.05--Repair of inguinal hernia with graft or prosthesis, not otherwise specified"
15949,6299,667f728839429096ca03cef7,hidrocele dextra,hidrokel,N43.2--Other hydrocele,61.2--Excision of hydrocele (of tunica vaginalis)
18490,9636,67008dca82304333d808e2e9,Hidrokel,hidrokel,N43.1 -- Infected hydrocele,61.2--Excision of hydrocele (of tunica vaginalis)
14634,4536,664198c9586b4553f00488c6,hidrocele,hidrokel,"N43.3 -- Hydrocele, unspecified",61.2 -- Excision of hydrocele (of tunica vaginalis)
17460,8275,66cd2d71706baca6bf034409,hidrocele,hidrokel,N43.2 -- Other hydrocele,61.2 -- Excision of hydrocele (of tunica vaginalis)
15097,5154,66555f658c4e272163069e39,hidrocele sinistra,hidrokel,"N43.3--Hydrocele, unspecified",63.1--Excision of varicocele and hydrocele of spermatic cord
19322,10696,6726ea2b08d8e9e01e053302,Hidronefrosis dextra,hidronefrosis,"N13.1--Hydronephrosis with ureteral stricture, not elsewhere classified",56.0 -- Transurethral removal of obstruction from ureter and renal pelvis
19383,10782,672ab7feef7b463c99089d69,"Hidronefrosis bilateral ec Retensi kronis ec suspek BPH volume TAUS 70 cc + Multipel batu buli ukuran terbesar 10x8,terkecil 8x6 mm",hidronefrosis,N40--Hyperplasia of prostate,60.29--Other transurethral prostatectomy
13835,3476,661f66f51ceeed94ac0da6e1,pyohidronefrosis dextra,hidronefrosis,N13.2--Hydronephrosis with renal and ureteral calculous obstruction,55.02--Nephrostomy
13540,3092,660bae6572d6d6e88c016ca5,Pyohidronefrosis dx,hidronefrosis,N13.6--Pyonephrosis,55.4--Partial nephrectomy
19043,10329,6719924b9673676564097f17,Hidronefrosis dextra,hidronefrosis,N13.0--Hydronephrosis with ureteropelvic junction obstruction,56.31 -- Ureteroscopy
17524,8366,66d01538993ae4f01d009c3e,hidronefrosis sinistra ec Batu UPJ sinistra,hidronefrosis,N13.0 -- Hydronephrosis with ureteropelvic junction obstruction,56.31 -- Ureteroscopy
15023,5051,665167e6b888fd64790f64e1,hidronefrosis dx,hidronefrosis,N13.3--Other and unspecified hydronephrosis,55.01--Nephrotomy
15091,5145,665553a7df0bc5fbf60c009b,hidronefrosis dx ec ureterolitiasis,hidronefrosis,N13.3 -- Other and unspecified hydronephrosis,88.76 -- Diagnostic ultrasound of abdomen and retroperitoneum
15637,5876,66715f3c52bd4d4ff1079bc4,hidrosefalus kongenital,hidrosefalus,Q03--Congenital hydrocephalus,87.03--Computerized axial tomography of head
14274,4055,6630743faed6db5d29091a0f,hidrosefalus congenital,hidrosefalus,"Q03.9--Congenital hydrocephalus, unspecified",99.05--Transfusion of platelets
14746,4689,6645779dba4cf31a5d0a7d70,hidrosefalus,hidrosefalus,"G91.9--Hydrocephalus, unspecified",99.07--Transfusion of other serum
12259,1286,65cefe0304368313d10cc875,Hidrosefalus obstruktif,hidrosefalus,,
18406,9525,66fccaead3e02320c30248c7,Acut communicans hidrocephalus,hidrosefalus,G91.0 -- Communicating hydrocephalus,02.34--Ventricular shunt to abdominal cavity and organs
16659,7255,66a33117cd81283973024825,akut obstruksi hidrocephalus,hidrosefalus,G91.1--Obstructive hydrocephalus,02.34 -- Ventricular shunt to abdominal cavity and organs
18715,9926,6709dc77da64a435fd0c0fba,hidrocephalus,hidrosefalus,"G91.9 -- Hydrocephalus, unspecified",02.43--Removal of ventricular shunt
18550,9704,6703c736168d1dc9050192c6,Acut Obstruksi Hidrocephalus,hidrosefalus,G91.1 -- Obstructive hydrocephalus,02.34--Ventricular shunt to abdominal cavity and organs
20099,11707,674c41d7511384f6c1090253,hiperglikemia susp KAD,hiperglikemia,"R73.9--Hyperglycaemia, unspecified","87.44--Routine chest x-ray, so described"
21033,12929,6773c140b37a0d313a0109f2,Hiperglikemia DD/ DM tipe 2,hiperglikemia,E10.9--Insulin-dependent diabetes mellitus without complications,"90.59--Microscopic examination of blood, Other microscopic examination"
19943,11516,67455d7a8b498e1e61015cf0,dm tipe 2 uncontroled hiperglikemia,hiperglikemia,E11.4--Non-insulin-dependent diabetes mellitus with neurological complications,89.52--Electrocardiogram
21164,13095,677def60edb9c3bf19008e75,hiperglikemia DM,hiperglikemia,E11.9--Non-insulin-dependent diabetes mellitus without complications,"87.44--Routine chest x-ray, so described"
18427,9553,66fe0433ac6adffd6b0c9a74,Krisis Hiperglikemia,hiperglikemia,E11.1 -- Non-insulin-dependent diabetes mellitus with ketoacidosis,89.52--Electrocardiogram
20144,11761,674d2f365f739382500a1274,hiperglikemia ec KAD,hiperglikemia,E11.1--Non-insulin-dependent diabetes mellitus with ketoacidosis,"87.44--Routine chest x-ray, so described"
11963,859,65bb479bbcfcbd2b810943a3,Hiperkalemia,hiperkalemia,E87.5--Hyperkalaemia,96.71--Continuous invasive mechanical ventilation for less than 96 consecutive hours
11846,682,65b4920a139cdcdeb20c120c,Hiperkalemia,hiperkalemia,E87.5 -- Hyperkalaemia,
12372,1475,65d567b5b10dadfed909caaf,hiperkoagulasi,hiperkoagulasi,"D68.9--Coagulation defect, unspecified",99.16--Injection of antidote
17583,8448,66d50eae5315e3edef0af684,batu buli + bph,hiperplasia,,
11901,767,65b89266e63e9c5605064cd8,bph,hiperplasia,N40--Hyperplasia of prostate,60.29--Other transurethral prostatectomy
14161,3898,662b26a9175dd5f78d0ec99d,BPH,hiperplasia,D29.1--Benign neoplasm of prostate,"38.93--Venous catheterization, not elsewhere classified"
13108,2511,65f7dc3a0de0ff6098048622,BPH,hiperplasia,N40 -- Hyperplasia of prostate,57.32 -- Other cystoscopy
15832,6143,667a3138f9b7fe9cdb0cd617,HHD,hipertensi,I11.9 -- Hypertensive heart disease without (congestive) heart failure,"90.59 -- Microscopic examination of blood, Other microscopic examination"
11791,609,65b316315d7804dd310b9c53,HHD,hipertensi,I11.0--Hypertensive heart disease with (congestive) heart failure,88.75 -- Diagnostic ultrasound of urinary system
18487,9633,66ffacd9e1f0b726bc00ac54,ADHF + HHD,hipertensi,I11.0 -- Hypertensive heart disease with (congestive) heart failure,37.28--Intracardial echocardiography
19396,10798,672af00b0fda46bc1307f8e6,HHD,hipertensi,I12.9--Hypertensive renal disease without renal failure,93.96--Other oxygen enrichment
11768,573,65b1cb4919dfeab46b01e565,Hipertensi,hipertensi,I10--Essential (primary) hypertension,"90.59 -- Microscopic examination of blood, Other microscopic examination"
11789,605,65b3122f74ee6c6f44032a54,"cerebral infark, Hipertensi",hipertensi,"I63.9--Cerebral infarction, unspecified",87.03 -- Computerized axial tomography of head
11606,286,65a4942e3851d8c4180e63d1,"CKD on HD, hipertensi , HHD",hipertensi,I12.0--Hypertensive renal disease with renal failure,39.95--Hemodialysis
11462,38,6596690ea0f77a450b052454,hhd,hipertensi,I11--Hypertensive heart disease,89.52--Electrocardiogram
17726,8646,66dab72e58d93532b207c16d,hipertensi,hipertensi,I12.9 -- Hypertensive renal disease without renal failure,"90.59 -- Microscopic examination of blood, Other microscopic examination"
20243,11894,67511c2f0d4dc3670806f5d5,pulmonary hipertension,hipertensi,I27.0--Primary pulmonary hypertension,88.72 -- Diagnostic ultrasound of heart
16054,6442,6684c050d93647caf50399a2,Hipertensi urgensi,hipertensi,I10 -- Essential (primary) hypertension,"90.59 -- Microscopic examination of blood, Other microscopic examination"
20573,12320,675fce7f48951a09b806316c,ASHD hipertensi,hipertensi,I25.1--Atherosclerotic heart disease,89.52--Electrocardiogram
14752,4696,66457d1060f33636cf0bd37e,HHD,hipertensi,I11 -- Hypertensive heart disease,89.52 -- Electrocardiogram
12413,1541,65d6cc8bcf65d4f075083c6f,HHD,hipertensi,I11.9--Hypertensive heart disease without (congestive) heart failure,
12297,1364,65d2c0c591a61e044101763c,Hipertensi portal,hipertensi,K76.6--Portal hypertension,99.04--Transfusion of packed cells
11646,361,65a8ab4a611e5d33d104c46a,Hipertensi,hipertensi,,
12574,1786,65dffd69404c83f5d80c4026,hypertrophy tonsil,hipertrofi,J35.1--Hypertrophy of tonsils,28.2--Tonsillectomy without adenoidectomy
16870,7531,66adbf36e5b8f57d0d0a5fde,hypertropic scar,hipertrofi,"L91.9--Hypertrophic disorder of skin, unspecified","90.59--Microscopic examination of blood, Other microscopic examination"
13987,3669,66234a1a7eabd5fa6f01c2c0,hypertrophic pyloric stenosis,hipertrofi,Q40.0--Congenital hypertrophic pyloric stenosis,99.04--Transfusion of packed cells
15066,5109,6653fdec2e8ea4ac620af144,hipertrofi tonsil,hipertrofi,J35.1 -- Hypertrophy of tonsils,28.2 -- Tonsillectomy without adenoidectomy
15982,6347,66820fd664a7540d900e5b07,hypertrofi nasal turbinate,hipertrofi,J34.3--Hypertrophy of nasal turbinates,22.63--Ethmoidectomy
11460,30,65964d5aa56b9ed121096c71,hipoalbumin,hipoalbumin,"E88.0--Disorders of plasma-protein metabolism, not elsewhere classified","90.59--Microscopic examination of blood, Other microscopic examination"
14871,4857,664acb8b854fc3fe4e0ac75b,Hipoalbumin,hipoalbumin,"E88.0 -- Disorders of plasma-protein metabolism, not elsewhere classified","90.59 -- Microscopic examination of blood, Other microscopic examination"
19529,10977,6732dccbc4ca0fbe930d8913,hiponatremia et hipokalemia,hiponatremi,"E87.8--Other disorders of electrolyte and fluid balance, not elsewhere classified","87.44--Routine chest x-ray, so described"
11607,290,65a49cd9147e2635e80260c2,Hiponatremia,hiponatremi,E87.1--Hypo-osmolality and hyponatraemia,"90.59--Microscopic examination of blood, Other microscopic examination"
12079,1039,65c31c27042045d3d90cfb37,hiponatremia,hiponatremi,P74.2--Disturbances of sodium balance of newborn,99.83--Other phototherapy
12911,2239,65f145a74d187c26d6027b0d,Hiponatremi,hiponatremi,E87.1 -- Hypo-osmolality and hyponatraemia,"90.59 -- Microscopic examination of blood, Other microscopic examination"
14190,3938,662c7a4ceca200b3c106a058,hipospadia tipe skrotalis,hipospadia,"Q54.9--Hypospadias, unspecified",58.45--Repair of hypospadias or epispadias
12389,1498,65d5792dfe1eeb89aa00d8e0,hipospadia,hipospadia,"Q54.2--Hypospadias, penoscrotal",58.49--Other repair of urethra
20679,12456,6764817563d143026a0e2852,hipospadia,hipospadia,"Q54.1--Hypospadias, penile",58.45--Repair of hypospadias or epispadias
20678,12455,67647cf33e75314c92032d85,hipospadia,hipospadia,"Q54.0--Hypospadias, balanic",58.45--Repair of hypospadias or epispadias
13493,3028,660a1fe0ae6f7a824209e63d,hipospadia tipe midshaft + chordee,hipospadia,"Q54.9 -- Hypospadias, unspecified",58.49 -- Other repair of urethra
17908,8867,66e37f4c3f1173090b08b747,hipospadia,hipospadia,Q54 -- Hypospadias,58.45 -- Repair of hypospadias or epispadias
11452,16,65961cf10bb4be10930bcef2,hipospadia,hipospadia,Q54.8--Other hypospadias,58.45--Repair of hypospadias or epispadias
14396,4221,6638315eea3b37cb6409ea53,hipospadia tipe scrotal,hipospadia,"Q54.2 -- Hypospadias, penoscrotal",58.45 -- Repair of hypospadias or epispadias
13488,3022,660a1b9ea685c5ca6a0cb5e9,hirscprung disease,hirschsprung disease,Q43.1 -- Hirschsprung's disease,54.11 -- Exploratory laparotomy
14990,5013,66511695bfec4a311d0f8f92,hirscprung disease,hirschsprung disease,Q43.3--Congenital malformations of intestinal fixation,48.49--Other pull-through resection of rectum
18241,9308,66f395d16ec1adec4c0307e1,hirscprung disease,hirschsprung disease,Z53.0 -- Procedure not carried out because of contraindication,
11732,518,65af4d10460ae7b045049d84,HIrscprung disease,hirschsprung disease,Q43.1--Hirschsprung's disease,48.61--Transsacral rectosigmoidectomy
15198,5281,66593d9e5a38ef5e1b090cb7,B20,human immunodeficiency virus,B20.0 -- HIV disease resulting in mycobacterial infection,"87.44 -- Routine chest x-ray, so described"
16608,7177,66a07af322f0529142071766,bayi dengan HIV (BIHA),human immunodeficiency virus,,"90.59 -- Microscopic examination of blood, Other microscopic examination"
12225,1235,65cda42363b1c19012081c88,B20,human immunodeficiency virus,B20.7--HIV disease resulting in multiple infections,88.91--Magnetic resonance imaging of brain and brain stem
14318,4115,66330c0020beb075f4014b61,B20 st III,human immunodeficiency virus,B20.7 -- HIV disease resulting in multiple infections,99.04 -- Transfusion of packed cells
12809,2102,65e967915bd6f7aa3b0c590a,b20 on arv,human immunodeficiency virus,B20.9--HIV disease resulting in unspecified infectious or parasitic disease,"90.59--Microscopic examination of blood, Other microscopic examination"
17974,8969,66e8fa5ee9c31e87d70c13b4,HIV,human immunodeficiency virus,B24 -- Unspecified human immunodeficiency virus [HIV] disease,"87.44--Routine chest x-ray, so described"
13233,2694,65fcf8ad669cd54636010be8,B20,human immunodeficiency virus,B20.0--HIV disease resulting in mycobacterial infection,96.72--Continuous invasive mechanical ventilation for 96 consecutive hours or more
16272,6736,66908c3b1bf80a37a90ac882,B20,human immunodeficiency virus,B22.7--HIV disease resulting in multiple diseases classified elsewhere,99.04--Transfusion of packed cells
16450,6973,66989e4d032718e0ba004b45,HIV st III,human immunodeficiency virus,B20.4--HIV disease resulting in candidiasis,99.18 -- Injection or infusion of electrolytes
17444,8253,66cbf899e1742ade880fd5c5,b20,human immunodeficiency virus,B20.8--HIV disease resulting in other infectious and parasitic diseases,99.15--Parenteral infusion of concentrated nutritional substances
11807,630,65b33023809293f298061e2b,B20,human immunodeficiency virus,B20--Human immunodeficiency virus [HIV] disease resulting in infectious and parasitic diseases,"90.59 -- Microscopic examination of blood, Other microscopic examination"
13048,2430,65f520522b99e2b12b0afbea,HIV stadium IV,human immunodeficiency virus,B24--Unspecified human immunodeficiency virus [HIV] disease,99.07 -- Transfusion of other serum
15021,5048,6651655cab0f0c779b00cf27,B20,human immunodeficiency virus,B20 -- Human immunodeficiency virus [HIV] disease resulting in infectious and parasitic diseases,
13008,2376,65f3cba34aee673a0f06caad,B20,human immunodeficiency virus,B20.1--HIV disease resulting in other bacterial infections,"87.44--Routine chest x-ray, so described"
12068,1026,65c312e875245b2e9608701a,hydrocele sinistra,hydrocele,"N43.3--Hydrocele, unspecified",61.2--Excision of hydrocele (of tunica vaginalis)
18936,10195,6715af41e4bb6c04030b0ec0,hydrocele,hydrocele,"N43.3 -- Hydrocele, unspecified",61.2 -- Excision of hydrocele (of tunica vaginalis)
19062,10358,6719daa55d3e94067e040d67,HYDRONEFROSIS DEXTRA,hydronefrosis,N13.3--Other and unspecified hydronephrosis,88.01--Computerized axial tomography of abdomen
17007,7710,66b5a0203320a0f8f70bf4a7,hydronefrosis grade IV ec stenosis PUJ sinistra,hydronefrosis,"N13.1--Hydronephrosis with ureteral stricture, not elsewhere classified",
15523,5730,6669b8fd737dd4a9760e0ff3,Pyohydronefrosis kanan,hydronefrosis,N13.6--Pyonephrosis,55.4--Partial nephrectomy
19189,10528,672174fe51da74661b05f8dc,nefroltihiasis dextra + hydronefrosis dextra,hydronefrosis,N13.2--Hydronephrosis with renal and ureteral calculous obstruction,55.04--Percutaneous nephrostomy with fragmentation
19465,10893,6730354be79d466095062983,Hydronefrosis sinistra,hydronefrosis,N13.0--Hydronephrosis with ureteropelvic junction obstruction,57.32--Other cystoscopy
17372,8162,66c6d84cb62affab1a00e797,DM tipe 2 dengan komplikasi hipoglikemia,hypoglycemia,E16.0--Drug-induced hypoglycaemia without coma,
11873,724,65b728daf69d889ba108de12,hipoglikemia,hypoglycemia,P70.4 -- Other neonatal hypoglycaemia,
17740,8664,66dafbb51f9dc8ef9f00c5f9,hipoglikemia,hypoglycemia,"E16.2 -- Hypoglycaemia, unspecified",88.19--Other x-ray of abdomen
11482,71,6598eaab66bb8b99f80f2118,hipoglikemi pada pasien DM,hypoglycemia,E11.6--Non-insulin-dependent diabetes mellitus with other specified complications,87.03--Computerized axial tomography of head
11976,879,65bc5850bbaad708a8033b86,"DM , koma hipoglikemi",hypoglycemia,E11.0 -- Non-insulin-dependent diabetes mellitus with coma,"90.59 -- Microscopic examination of blood, Other microscopic examination"
13396,2905,6604e72dba65df7fd60ec6cf,hypoglikemia,hypoglycemia,"E16.2--Hypoglycaemia, unspecified","90.59--Microscopic examination of blood, Other microscopic examination"
11459,29,659636ed2aec1d18900e088c,hypoglicaemia,hypoglycemia,P70.4--Other neonatal hypoglycaemia,"90.59--Microscopic examination of blood, Other microscopic examination"
11542,181,659f6aa44c15a523bc07a7a8,Hypocalcemia,hypokalemia,E83.5--Disorders of calcium metabolism,99.18--Injection or infusion of electrolytes
13014,2387,65f3d8193fca8fb597000fa7,Hypocalcemia,hypokalemia,"E87.8 -- Other disorders of electrolyte and fluid balance, not elsewhere classified","90.59 -- Microscopic examination of blood, Other microscopic examination"
13424,2943,6605138b6ad2915d4b094212,Hypocalcemia,hypokalemia,"E87.8--Other disorders of electrolyte and fluid balance, not elsewhere classified","90.59--Microscopic examination of blood, Other microscopic examination"
12651,1883,65e2b8e1038c5470f60df864,Hypokalemia,hypokalemia,E87.6 -- Hypokalaemia,99.18 -- Injection or infusion of electrolytes
14245,4018,662fdfca5f156e1d91026852,Hypocalcemia,hypokalemia,E83.5 -- Disorders of calcium metabolism,"90.59 -- Microscopic examination of blood, Other microscopic examination"
11504,118,659cc124f5ead264d80c24f6,Hypokalemia,hypokalemia,E87.6--Hypokalaemia,99.18--Injection or infusion of electrolytes
13542,3096,660cb269bdc85314c200f32e,hypospadia peno scrotal,hypospadia,"Q54.2--Hypospadias, penoscrotal",58.45 -- Repair of hypospadias or epispadias
16995,7693,66b57535fd8205f7460f6967,hypospadia tipe pre scrotal,hypospadia,"Q54.9 -- Hypospadias, unspecified",58.45 -- Repair of hypospadias or epispadias
16235,6692,668f40dae1d79cf9b70fd67a,hypospadia tipe phenyl,hypospadia,"Q54.1 -- Hypospadias, penile",58.45 -- Repair of hypospadias or epispadias
17237,7993,66bedc6e54a8fcaba300fce4,hypospadia,hypospadia,Q54.8--Other hypospadias,58.45 -- Repair of hypospadias or epispadias
11761,565,65b1bfeaecc61d69f8012bc0,hypospadia type distal shaft,hypospadia,"Q54.9--Hypospadias, unspecified",58.99 -- Other operations on urethra and periurethral tissue
12729,1999,65e6a9c85a55b4046d038786,Ileus Obstruksi ec Adhesi Intestinal grd IV,ileus obstruksi,K66.0--Peritoneal adhesions,54.59 -- Other lysis of peritoneal adhesions
20152,11775,674d57b14dfe3c40080e42ae,"Ileus Obstruksi ec Malignancy Colon Ascenden (C) T4N1M1 (Metastese Hepar),",ileus obstruksi,C18.2--Malignant neoplasm of ascending colon,45.73--Open and other Right hemicolectomy
14527,4398,663db205d1f017990c060f72,"Ileus Obstruksi Partial membaik,",ileus obstruksi,K56.6 -- Other and unspecified intestinal obstruction,99.07 -- Transfusion of other serum
13485,3019,660a167bf893af422d0670a5,"Ileus Obstruksi ec Adhesi Intestinal grd IV  ec. Susp TB Intestinal,",ileus obstruksi,,
16698,7304,66a6fa44aead167f4b0cbdb2,"Ileus Obstruksi ec Malignancy Sigmoid (C)T4N1M0,",ileus obstruksi,C18.7--Malignant neoplasm of sigmoid colon,54.11 -- Exploratory laparotomy
21172,13104,677f21e41076f1fa7f0d8f08,ileus obstruksi,ileus obstruksi,K56--Paralytic ileus and intestinal obstruction without hernia,"46.10--Colostomy, not otherwise specified"
13594,3161,660e5ecabd8d6f666c068c30,ileus obstruksi parsial,ileus obstruksi,K56.6--Other and unspecified intestinal obstruction,96.71--Continuous invasive mechanical ventilation for less than 96 consecutive hours
17062,7776,66b97122793d070ec3080413,ileus obstruksi parsial,ileus obstruksi,"K56.7--Ileus, unspecified",
19159,10486,671f272556d74caefb0e2168,"Ileus Obstruksi ec Malignancy Rectum Unresectable (C)T4BN1M0 (Invasi Cavum Pelvis),",ileus obstruksi,C20--Malignant neoplasm of rectum,"46.10--Colostomy, not otherwise specified"
12325,1402,65d2fb015a7e6024fa03a05e,"Ileus Obstruksi ec Adhesi Intestinal grd IV,",ileus obstruksi,K56.5--Intestinal adhesions [bands] with obstruction,54.11--Exploratory laparotomy
17576,8440,66d3e388a50a3e6d720f5575,Ileus Obstruktif letak rendah ec susp Hirrcsprung disease,ileus obstruksi,Q43.1--Hirschsprung's disease,46.11--Temporary colostomy
19548,11001,6733fd2effe5cef1bf033906,ileus obstruksi parsial dd paralitik,ileus obstruksi,K56.0--Paralytic ileus,87.64--Lower GI series
13478,3011,6609663e8557eaa9d809b212,Abses ar submandibula dextra ec impaksi 48,impaksi,K12.2--Cellulitis and abscess of mouth,86.04 -- Other incision with drainage of skin and subcutaneous tissue
13032,2408,65f500b7f592ff1c0e0b4c18,"Impaksi 28,38",impaksi,K01--Embedded and impacted teeth,99.21--Injection of antibiotic
11533,166,659f2284901d8cfab60837d5,"Impaksi 18, 48",impaksi,K01.1--Impacted teeth,23.19--Other surgical extraction of tooth
13481,3014,660971452df4a9c63c062c72,"impaksi 38,48",impaksi,K01.1 -- Impacted teeth,23.19 -- Other surgical extraction of tooth
18729,9941,6709fe0610484250e601503a,"Impaksi 18 ( C SA), 48 ( III A)",impaksi,K01.0 -- Embedded teeth,23.19--Other surgical extraction of tooth
18906,10161,671365a72361213c490d5c9f,Bakterial infeksi,infeksi bakteri,,"90.59--Microscopic examination of blood, Other microscopic examination"
17970,8960,66e8e27c7677cd97a700e73f,Infeksi bakterial,infeksi bakteri,"A04.9 -- Bacterial intestinal infection, unspecified",88.19--Other x-ray of abdomen
11895,758,65b8850ace993ff9d60bac14,Infeksi bakterial,infeksi bakteri,"A04.9--Bacterial intestinal infection, unspecified","90.59--Microscopic examination of blood, Other microscopic examination"
19282,10644,672443c5c04d0eb8c805249c,Bacterial infection,infeksi bakteri,A09.9--Gastroenteritis and colitis of unspecified origin,"90.59--Microscopic examination of blood, Other microscopic examination"
20785,12599,676906eecb7ab71a1407b61c,bacterial infection,infeksi bakteri,"P39.9--Infection specific to the perinatal period, unspecified",96.07--Insertion of other (naso-)gastric tube
19010,10290,67173e4d47f795266a005236,bacterial infection,infeksi bakteri,"R50.9--Fever, unspecified","90.59--Microscopic examination of blood, Other microscopic examination"
17209,7958,66bd9193253604a55a03e0ca,bacterial infection,infeksi bakteri,"P39.9 -- Infection specific to the perinatal period, unspecified",
11466,43,65976bae24a2718259067da3,bacterial infection,infeksi bakteri,"A49.9--Bacterial infection, unspecified","90.59 -- Microscopic examination of blood, Other microscopic examination"
12380,1486,65d57284bcfc43aefb026340,bacterial infection,infeksi bakteri,A49--Bacterial infection of unspecified site,
20335,12023,67565e8f2dc39e125b041901,Bacterial Infcetion,infeksi bakteri,"B34.9--Viral infection, unspecified",99.18--Injection or infusion of electrolytes
12462,1614,65d86acaadb67c23430bbc02,Infeksi bakteri/virus,infeksi bakteri,B99--Other and unspecified infectious diseases,"90.59--Microscopic examination of blood, Other microscopic examination"
11769,574,65b1d45129efb9189e02620e,bacterial infection,infeksi bakteri,"A49.9 -- Bacterial infection, unspecified","90.59 -- Microscopic examination of blood, Other microscopic examination"
17979,8975,66e90fb15a4fba72ed084f22,fr maxilofacial,infeksi luka operasi,"S02.41 -- Fracture of malar and maxillary bones, open",---Belum di Isi
14780,4739,6646cccc6dd934467206585b,Gastric Outlet Obstruction ec. Maligancy Gaster (Antrum-Pilorus)  (C) T3N1M0,infeksi luka operasi,C16.3--Malignant neoplasm of pyloric antrum,54.11 -- Exploratory laparotomy
18743,9961,670c80c68e09bce76205dab9,Spndilolisthesis Lumbal L35,infeksi luka operasi,"M43.16 -- Spondylolisthesis, lumbar region",03.4--Excision or destruction of lesion of spinal cord or spinal meninges
17692,8596,66d93bf04eae62191005af99,ILO,infeksi luka operasi,"T81.3 -- Disruption of operation wound, not elsewhere classified","90.59--Microscopic examination of blood, Other microscopic examination"
20654,12424,6763994f469b48fa7a04a978,Tonsilofaringitis,infeksi luka operasi,J35.0--Chronic tonsillitis,28.2--Tonsillectomy without adenoidectomy
17873,8829,66e1450a9d57c342360e2986,giant kondiloma akuminata,infeksi luka operasi,A63.0 -- Anogenital (venereal) warts,83.49--Other excision of soft tissue
13282,2762,6600d91ab9dd8232460b42fe,Multiple papiloma,infeksi luka operasi,D36.9--Benign neoplasm of unspecified site,"86.70--Pedicle or flap graft, not otherwise specified"
16798,7439,66ab18b5bebb5bca4d0c6db3,kondiloma akuminata,infeksi luka operasi,A63.0--Anogenital (venereal) warts,86.3--Other local excision or destruction of lesion or tissue of skin and subcutaneous tissue
14319,4116,66330f20721d3382470bef56,ILO,infeksi luka operasi,"T81.3--Disruption of operation wound, not elsewhere classified","90.59--Microscopic examination of blood, Other microscopic examination"
16338,6824,66947c94951c59deb4052fcb,striktur pilorus gaster,infeksi luka operasi,K31.1--Adult hypertrophic pyloric stenosis,44.14 -- Closed biopsy of stomach (endoscopic)
13642,3229,660f94c3fb55234df40ccbdb,ILO,infeksi luka operasi,"T81.4--Infection following a procedure, not elsewhere classified",
20250,11906,6751336d73f813fae50df882,ISK,infeksi saluran kemih,"P39.9--Infection specific to the perinatal period, unspecified","90.59--Microscopic examination of blood, Other microscopic examination"
11513,131,659ccb002c743b4e980bb2e9,iskemic kardiomiopati,infeksi saluran kemih,I25.5--Ischaemic cardiomyopathy,89.52--Electrocardiogram
11474,57,6598b2bed8d96ee1ca036864,ISK,infeksi saluran kemih,"N39.0--Urinary tract infection, site not specified","90.59--Microscopic examination of blood, Other microscopic examination"
12218,1228,65cd8eb6a100ea57be013e95,ISK,infeksi saluran kemih,"N39.9--Disorder of urinary system, unspecified","90.59--Microscopic examination of blood, Other microscopic examination"
19634,11120,6736d42eeacab9ce770842c3,Ca Recti T2N0M0 St. 1 Haight Risk,infeksi saluran kemih,Z51.5--Palliative care,89.52--Electrocardiogram
11896,759,65b886f14dfac4251f05de9d,Stroke iskemik,infeksi saluran kemih,"I63.9--Cerebral infarction, unspecified",38.95--Venous catheterization for renal dialysis
19163,10490,671f28a9f8f722bc42082c0b,ISK,infeksi saluran kemih,N49.9--Inflammatory disorder of unspecified male genital organ,"90.59--Microscopic examination of blood, Other microscopic examination"
12913,2241,65f14763143e17fe0c09c463,ISK,infeksi saluran kemih,"N39.0 -- Urinary tract infection, site not specified","90.59 -- Microscopic examination of blood, Other microscopic examination"
17893,8849,66e27b710904c563af081c78,ISK,infeksi saluran kemih,,"90.59--Microscopic examination of blood, Other microscopic examination"
11508,124,659cc43a754f6cea4703d6e1,ISPA,infeksi saluran pernapasan,"J06.9--Acute upper respiratory infection, unspecified",99.21--Injection of antibiotic
11975,878,65bc56dde8988d1b390ed9e9,ISPA,infeksi saluran pernapasan,J00--Acute nasopharyngitis [common cold],"90.59--Microscopic examination of blood, Other microscopic examination"
18596,9764,670518c927d37eb0b10201c6,ISPB,infeksi saluran pernapasan,J22--Unspecified acute lower respiratory infection,"87.44--Routine chest x-ray, so described"
13044,2425,65f517e7b9331840300c6ff4,ISPA,infeksi saluran pernapasan,"J06.9 -- Acute upper respiratory infection, unspecified",
18465,9603,66ff6a05e1f0b726bc00ac0d,ISPB,infeksi saluran pernapasan,J22 -- Unspecified acute lower respiratory infection,"87.44 -- Routine chest x-ray, so described"
17585,8450,66d5150afc4f476e3e0e41d5,Viral pharyngoconjunctivitis,infeksi virus,B30.2--Viral pharyngoconjunctivitis,22.19 -- Other diagnostic procedures on nasal sinuses
14975,4995,66501db7d9175ef5ea081b33,Infeksi viral dd bakteri,infeksi virus,B99--Other and unspecified infectious diseases,"90.59--Microscopic examination of blood, Other microscopic examination"
18643,9828,67062c5c5c3e3116ac0882e1,Infeksi virus,infeksi virus,"B34.9 -- Viral infection, unspecified","90.59--Microscopic examination of blood, Other microscopic examination"
15847,6162,667a6279dbfecc00ca0c5068,infeksi virus,infeksi virus,A91--Dengue haemorrhagic fever,"90.59--Microscopic examination of blood, Other microscopic examination"
11984,891,65bc6f39b810e52aa10236dd,Viral inefction,infeksi virus,"B34.9--Viral infection, unspecified","90.59--Microscopic examination of blood, Other microscopic examination"
12963,2311,65f280ac6b998d310b006fd4,insufisensi renal,insufisiensi renal,N19--Unspecified renal failure,"90.59--Microscopic examination of blood, Other microscopic examination"
16999,7698,66b57f10869196eb7b054449,DM tipe 2 dengan insufisiensi renal,insufisiensi renal,E10.2 -- Insulin-dependent diabetes mellitus with renal complications,99.18 -- Injection or infusion of electrolytes
15908,6244,667cfbc36075a33d230bad0f,insufisiensi renal,insufisiensi renal,N19 -- Unspecified renal failure,"90.59 -- Microscopic examination of blood, Other microscopic examination"
11969,866,65bb64bf6f28e4f6760e3c13,ICH IVH Spontan,intracerebral hemorrhage,"I61.6--Intracerebral haemorrhage, multiple localized",
16506,7046,669b293950a545a41e08c2d2,ICH pons,intracerebral hemorrhage,I61.3 -- Intracerebral haemorrhage in brain stem,87.03 -- Computerized axial tomography of head
18689,9890,67088c9ea08ae907110539ca,ICH,intracerebral hemorrhage,"I61.2 -- Intracerebral haemorrhage in hemisphere, unspecified",87.03--Computerized axial tomography of head
14891,4891,664c0bf98aaa289ead030ec9,ich,intracerebral hemorrhage,"S06.30--Focal brain injury, without open intracranial wound",87.03--Computerized axial tomography of head
12258,1285,65cefcd5ab42a947ee0d5d24,ICH,intracerebral hemorrhage,"I61.9--Intracerebral haemorrhage, unspecified",87.03--Computerized axial tomography of head
11467,44,65977a16c2c7879f1a05377d,ich,intracerebral hemorrhage,"I61.9 -- Intracerebral haemorrhage, unspecified",87.03 -- Computerized axial tomography of head
18568,9724,67048816291e299f320c3599,ICH +IVH,intracerebral hemorrhage,"I61.5 -- Intracerebral haemorrhage, intraventricular",87.03--Computerized axial tomography of head
12430,1566,65d6f9e46aa778f30b0d1b7b,desmoplastik trichilemoma a/r coli anterior,intracerebral hemorrhage,C44.4--Malignant neoplasm of skin of scalp and neck,"90.59--Microscopic examination of blood, Other microscopic examination"
16316,6789,6691e9e6c3f358a2a60572a5,Stroke PIS (ICH IVH),intracerebral hemorrhage,,
17875,8831,66e187d793b66b3bf10ac503,ICH,intracerebral hemorrhage,"I62.9 -- Intracranial haemorrhage (nontraumatic), unspecified",87.03--Computerized axial tomography of head
19776,11299,673d6a1103010fbd67038c62,ICH,intracerebral hemorrhage,"I62.9--Intracranial haemorrhage (nontraumatic), unspecified","93.19--Exercise, not elsewhere classified"
20203,11839,674edcf2c0f95f0b8400dbdf,ICH,intracerebral hemorrhage,"I61.2--Intracerebral haemorrhage in hemisphere, unspecified",87.03--Computerized axial tomography of head
11952,839,65bb2d2cfcf7d888030dcaf1,ICH (brainstem hemorrhage),intracerebral hemorrhage,I61.3--Intracerebral haemorrhage in brain stem,87.03--Computerized axial tomography of head
15750,6033,66762d0a39f209da2b0a0b25,ICH traumatic frontal S,intracerebral hemorrhage,S06.8--Other intracranial injuries,96.72--Continuous invasive mechanical ventilation for 96 consecutive hours or more
17992,8994,66ea2563317a238eda0b8d4e,karsinoma sel skuamosa ar thoraks dekstra,karsinoma,C44.5 -- Malignant neoplasm of skin of trunk,83.49--Other excision of soft tissue
13524,3070,660b80da833957ef93040a8e,karsinoma sel skuamosa a/r trigonum retromolar dengan susp metastasis KGB coli S,karsinoma,"C44.9--Malignant neoplasm of skin, unspecified",86.3--Other local excision or destruction of lesion or tissue of skin and subcutaneous tissue
20112,11722,674d03613535a0eecc0667dd,Karsinoma sel skuamosa ar occipital dengan residif massa,karsinoma,,
18342,9435,66f9fc79f72c901cce076f59,karsinoma sel skuamosa ar trigonum retromolar sinistra,karsinoma,C41.1 -- Malignant neoplasm of mandible,99.15--Parenteral infusion of concentrated nutritional substances
12009,930,65c02eccf41fec9e7b0fdb64,karsinoma sel skuamosa ar bibir sinistra,karsinoma,C44.0--Malignant neoplasm of skin of lip,86.4--Radical excision of skin lesion
16172,6609,668cc2b5ea8d19c7880dd7a8,karsinoma nasofaring,karsinoma,"C11.9--Malignant neoplasm of nasopharynx, unspecified",99.18 -- Injection or infusion of electrolytes
12268,1305,65d00a406ede8ada3507bf22,Karsinoma Hepatoselular,karsinoma,C22.0--Liver cell carcinoma,"90.59--Microscopic examination of blood, Other microscopic examination"
17210,7959,66bd937ab33d475ec90657f7,Karsinoma sel skuamosa a.r rongga mulut,karsinoma,"C06.9--Malignant neoplasm of mouth, unspecified",99.04--Transfusion of packed cells
11571,224,65a0bf672fc0cd7f5104f68f,KDS,kejang demam,R56.0--Febrile convulsions,89.14--Electroencephalogram
17838,8786,66dff915c346ba1f54027da2,KDS,kejang demam,R56.0 -- Febrile convulsions,"90.59 -- Microscopic examination of blood, Other microscopic examination"
12954,2298,65f2786b6213862eb7087207,KAD,ketoasidosis diabetik,E11.1--Non-insulin-dependent diabetes mellitus with ketoacidosis,"90.59--Microscopic examination of blood, Other microscopic examination"
19051,10343,6719abcb8c9a7bcd2d05e9cc,KAD,ketoasidosis diabetik,E10.1--Insulin-dependent diabetes mellitus with ketoacidosis,99.18--Injection or infusion of electrolytes
18285,9362,66f4f622c867cf97350d8aa3,Kista Dentigerous ar supernumerary tooth ar 21,kista,K09.0 -- Developmental odontogenic cysts,23.09--Extraction of other tooth
20751,12547,6767f56871eaf83fe20329fa,kista dentugerous a.r mandibula sinistra,kista,K09.0--Developmental odontogenic cysts,23.01--Extraction of deciduous tooth
14869,4854,664ac8b8706cbe2e9e0692b6,kista ginjal,kista,"N28.1 -- Cyst of kidney, acquired",88.75 -- Diagnostic ultrasound of urinary system
17457,8271,66cd22ef1455f22e7a0fc4f6,kista epididimis,kista,"N50.9 -- Disorder of male genital organs, unspecified",63.3 -- Excision of other lesion or tissue of spermatic cord and epididymis
19198,10537,67218630a2ceccb63a083f95,Kista Hepar,kista,K76.8--Other specified diseases of liver,"87.44--Routine chest x-ray, so described"
11645,360,65a8a2ba9cf13fae30063f77,kista tail pankreas ganas,kista,K86.2--Cyst of pancreas,52.01 -- Drainage of pancreatic cyst by catheter
16784,7421,66aafc62e4380243a70a8cee,Kista radikular ar gigi 34-35,kista,K04.8--Radicular cyst,99.21--Injection of antibiotic
18087,9119,66ed09c88e43c4132103d7ee,kista ventrikel lateral kiri,kista,,---Belum di Isi
13791,3414,661eeb8b75c02f9ea30e33a3,kista brachial sinistra,kista,"Q18.0--Sinus, fistula and cyst of branchial cleft",29.2--Excision of branchial cleft cyst or vestige
19734,11246,673bfeaca1eeaa0fc603d8a6,Kista Radikular ar maksila dextra,kista,D10.3--Benign neoplasm of other and unspecified parts of mouth,23.09--Extraction of other tooth
18909,10165,6713c5e6149dcb8d5b0babdf,Kista Baker,kista,"M71.26 -- Synovial cyst of popliteal space [Baker], lower leg",86.3 -- Other local excision or destruction of lesion or tissue of skin and subcutaneous tissue
20354,12046,675690729b6fef6b170456b9,kista epidermoid,kista,L72.0--Epidermal cyst,86.3--Other local excision or destruction of lesion or tissue of skin and subcutaneous tissue
13980,3660,66234560aeb74507d90f4399,kista ginjal bilateral,kista,"N28.1--Cyst of kidney, acquired",
17730,8651,66dac117af4133e6e40fece0,kista hepar suspek amoebic,kista,K76.8 -- Other specified diseases of liver,"90.59 -- Microscopic examination of blood, Other microscopic examination"
12512,1692,65dd36fd3a7ab4b6e008026d,kista ductus tyroglossus,kista,Q89.2--Congenital malformations of other endocrine glands,06.7--Excision of thyroglossal duct or tract
17927,8892,66e3c42cacc501a9fa0d1c8b,Kista hepar,kista,Q44.6 -- Cystic disease of liver,"87.44--Routine chest x-ray, so described"
11488,81,659b51c8594eb875cb064477,Kolelitiasis,kolelitiasis,K80.2--Calculus of gallbladder without cholecystitis,51.23 -- Laparoscopic cholecystectomy
11629,332,65a731ed135bc32df20ebb4a,Kolelitiasis + Kolesistitis,kolelitiasis,K80.0--Calculus of gallbladder with acute cholecystitis,51.23 -- Laparoscopic cholecystectomy
15053,5095,6653ef1e44359bb060071010,Kolelitiasis + Kolesistitis,kolelitiasis,K80.1--Calculus of gallbladder with other cholecystitis,51.23 -- Laparoscopic cholecystectomy
15392,5556,666277df98d9c6e9140c6745,Kolelitiasis + Kolesistitis,kolelitiasis,K80.0 -- Calculus of gallbladder with acute cholecystitis,51.23 -- Laparoscopic cholecystectomy
17263,8027,66c2e85b5cfcc7f0fc04a8d0,Kolelitiasis + Kolesistitis,kolelitiasis,K80.1 -- Calculus of gallbladder with other cholecystitis,51.23 -- Laparoscopic cholecystectomy
19756,11275,673d3d0e28997c4f53070ac4,"Kolelitiasis,",kolelitiasis,K80.5--Calculus of bile duct without cholangitis or cholecystitis,51.23--Laparoscopic cholecystectomy
17115,7837,66bacd2ff681fdf9980b1c2b,Kolelitiasis,kolelitiasis,K80--Cholelithiasis,51.23 -- Laparoscopic cholecystectomy
14213,3971,662f02f16deb00b37405b720,Kolelitiasis,kolelitiasis,K80.2 -- Calculus of gallbladder without cholecystitis,51.23 -- Laparoscopic cholecystectomy
11657,387,65a9dbb6019176bf6b0dff29,Kolelitiasis,kolelitiasis,,
20552,12294,675f85097f18bf992504a332,kolik abd ec ileus lokal,kolik,"K56.7--Ileus, unspecified",
17295,8069,66c4189fc37a764fdf057085,kolik abdomen,kolik,R10 -- Abdominal and pelvic pain,"90.59 -- Microscopic examination of blood, Other microscopic examination"
15102,5159,665570522b507cc54c0dd3fa,kolik abdomen,kolik,R10.4--Other and unspecified abdominal pain,88.76--Diagnostic ultrasound of abdomen and retroperitoneum
12154,1138,65cac2c01f37b5c66c00cdf2,kolik abdomen,kolik,R10--Abdominal and pelvic pain,"90.59--Microscopic examination of blood, Other microscopic examination"
20757,12557,6768c2ebf71dbd45b00b9fa2,kolik abd ec cholestasis,kolik,K71.0--Toxic liver disease with cholestasis,"87.44--Routine chest x-ray, so described"
18777,10003,670efe42e47be00ac50e4783,kolik ureter dextra ec batu ureter,kolik,N23 -- Unspecified renal colic,
20767,12570,6768cf9f6f10b339ca01805a,kolik abdomen dengan hidronefrosis dextra,kolik,"N13.1--Hydronephrosis with ureteral stricture, not elsewhere classified",99.04--Transfusion of packed cells
11516,137,659cd24741fae7000406e828,kolitis non spesifik,kolitis,"K51.9 -- Ulcerative colitis, unspecified","90.59 -- Microscopic examination of blood, Other microscopic examination"
17794,8733,66de7d7b87b60c7d790589b9,kolitis,kolitis,K51.0 -- Ulcerative (chronic) enterocolitis,99.04 -- Transfusion of packed cells
18111,9148,66ee4be7261c56797207d628,kolitis,kolitis,A09.9 -- Gastroenteritis and colitis of unspecified origin,45.23--Colonoscopy
11660,390,65a9e03e16ddcfe0370756ff,kolitis ulseratif,kolitis,"K51.9--Ulcerative colitis, unspecified",99.04--Transfusion of packed cells
17976,8971,66e9010cbb5d2775090ffa0b,Labiognatoplatoschizis bilateral complete,labiognatopalatoschizis,Q37.0 -- Cleft hard palate with bilateral cleft lip,27.59--Other plastic repair of mouth
16437,6953,6698820e6645699f3800abc0,labiognatopalatoschizis unilateral completer sinistra,labiognatopalatoschizis,Q35.1--Cleft hard palate,27.59--Other plastic repair of mouth
12174,1163,65caeca87dd819f919042823,labiopalatoskizis,labiognatopalatoschizis,"Q36.9--Cleft lip, unilateral",27.54--Repair of cleft lip
18442,9574,66fe3770da418211e2097da3,labiogantopalatoschizis,labiognatopalatoschizis,"Q36.9 -- Cleft lip, unilateral",27.59--Other plastic repair of mouth
11907,774,65b8a1fece993ff9d60bac41,Labiognatospalatochizis bilateral complete,labiognatopalatoschizis,"Q36.0--Cleft lip, bilateral",27.54--Repair of cleft lip
18217,9273,66f27944061432cebd022e92,Labiognatopalatoschizis unilateral complete sinistra,labiognatopalatoschizis,Q36 -- Cleft lip,27.54--Repair of cleft lip
18053,9074,66eb9fd7e0b8f821c6093e4c,Labioschizis bilateral incomplete,labiognatopalatoschizis,"Q36.0 -- Cleft lip, bilateral",27.59--Other plastic repair of mouth
15113,5171,665697fec4e0ef24f607f1e8,Labio palato gnato schizis complit unilateral dextra.,labiognatopalatoschizis,Q35--Cleft palate,
12081,1043,65c320816d5b5d354d0c2f14,CML,leukemia,C92.1--Chronic myeloid leukaemia,99.79--Other therapeutic apheresis
16391,6891,6695eab89be00082aa06f0db,CML,leukemia,C92.1 -- Chronic myeloid leukaemia,99.18 -- Injection or infusion of electrolytes
18493,9639,6700b0c2bf48b7bbb608e56a,Limfadenopati ar supraklavikula dekstra ec metastasis carcinoma,limfadenopati,"L04.0 -- Acute lymphadenitis of face, head and neck",40.11--Biopsy of lymphatic structure
14207,3962,662eef443b6e803c7e0c29af,Limfadenopati ar coli sinistra,limfadenopati,,
16029,6411,668383237de437fdbf08a494,Limfadenopati inguinal,limfadenopati,"L04.9--Acute lymphadenitis, unspecified",40.29--Simple excision of other lymphatic structure
16675,7278,66a4539cbf1f6594ef0ba40a,limfadenopati colli dextra,limfadenopati,"L04.0--Acute lymphadenitis of face, head and neck","86.22--Excisional debridement of wound, infection, or burn"
19077,10379,671aecbbb17e213055059f04,Limfadenopati colli sinistra,limfadenopati,D36.0--Benign neoplasm of lymph nodes,40.21--Excision of deep cervical lymph node
15744,6025,66752e45ac828c93d90cc157,limfadenopati colli ec susp metastase carcinoma dd lyimphoma maligna,limfadenopati,"D21.0--Other benign neoplasm of connective and other soft tissue of head, face and neck","90.59--Microscopic examination of blood, Other microscopic examination"
15564,5782,666be1dd3521b7a32509e3a0,multiple limfadenopati inguinal dextra,limfadenopati,L04.3--Acute lymphadenitis of lower limb,
16926,7607,66b2d9f994c4f005a80d8101,luka bakar listrik,luka bakar,,84.15--Other amputation below knee
15501,5700,666919e1e269e8bc960ad282,combustio,luka bakar,"T30.0--Burn of unspecified body region, unspecified degree","86.22--Excisional debridement of wound, infection, or burn"
12327,1404,65d3002104d5153b6009e869,combustio,luka bakar,"T30.2--Burn of second degree, body region unspecified",93.57--Application of other wound dressing
17096,7815,66bab44ff6292be52e00427e,combustio gr 2,luka bakar,T31.1--Burns involving 10-19% of body surface,"86.22--Excisional debridement of wound, infection, or burn"
18411,9531,66fce21b85da5c27410d7398,combusio grade 2A,luka bakar,"T30.2 -- Burn of second degree, body region unspecified","90.59--Microscopic examination of blood, Other microscopic examination"
18485,9629,66ff99375be7d7b22209fcb3,Combusio grade 3 Ed kausa elektrik injury,luka bakar,"T30.3 -- Burn of third degree, body region unspecified",86.69--Other skin graft to other sites
17412,8211,66c9456d7fcd35c163029088,combustio,luka bakar,"M61.37--Calcification and ossification of muscles assco with burns, ankle and foot","86.22--Excisional debridement of wound, infection, or burn"
17505,8333,66cebb895582e099f005c236,combustio listrik,luka bakar,T75.4--Effects of electric current,99.07--Transfusion of other serum
17666,8558,66d7ba805cac8f2372033902,luka bakar,luka bakar,"T30.0 -- Burn of unspecified body region, unspecified degree",
19669,11164,67381ecad6151cae95080db5,limphadenitis abdomen dd limfoma,lymphoma,"L04.9--Acute lymphadenitis, unspecified",99.21--Injection of antibiotic
17735,8659,66daf59d17409edc32066ea2,diffuse large B cell lymphoma,lymphoma,C83.3 -- Large cell (diffuse) non-Hodgkin's lymphoma,99.18--Injection or infusion of electrolytes
12966,2317,65f283c15a029da6f001e48d,Large cell (diffuse) non-Hodgkin's lymphoma,lymphoma,C83.3--Large cell (diffuse) non-Hodgkin's lymphoma,99.25--Injection or infusion of cancer chemotherapeutic substance
18570,9726,67048a84291e299f320c35ce,limfoma maligna,lymphoma,C77.3 -- Secondary and unspecified malignant neoplasm of axillary and upper limb lymph nodes,05.11--Biopsy of sympathetic nerve or ganglion
12850,2147,65ebca23d8201b064c075761,lymphoma T cell cavum nasi,lymphoma,"C86.0--Extranodal NK/T-cell lymphoma, nasal type",
17754,8681,66dbb506f94840d2ee0bd7e0,Limfadenopati ar coli dekstra ec susp limfoma maligna dd metastasis keganasan,lymphoma,"C96.9 -- Malignant neoplasm of lymphoid, haematopoietic and related tissue, unspecified",40.0--Incision of lymphatic structures
11653,382,65a8c80546d9682dc8097f08,T cell Lymphoma cavum nasi,lymphoma,C84.5--Other and unspecified T-cell lymphomas,99.25--Injection or infusion of cancer chemotherapeutic substance
13058,2447,65f7900c2c229983ac0a9de3,"Malignancy Pankreas, Susp, Lymphoma Maligna,",lymphoma,,
12254,1280,65cef84c04368313d10cc86c,limfoma maligna non hodgin bilateral,lymphoma,"C85.9--Non-Hodgkin's lymphoma, unspecified type","40.42--Radical neck dissection, bilateral"
20493,12223,675c16945f2879dcf204c5bc,Limfadenitis TB DD/ limfoma maligna,lymphoma,"L04.0 -- Acute lymphadenitis of face, head and neck","90.59--Microscopic examination of blood, Other microscopic examination"
12587,1802,65e01221a1753fa4f30491ab,lymphoma B cell,lymphoma,"C85.1--B-cell lymphoma, unspecified",
15979,6341,66820ab0ec3e7fc1e606138d,Small cell lymphoma KGB coli,lymphoma,"D21.0--Other benign neoplasm of connective and other soft tissue of head, face and neck","90.59--Microscopic examination of blood, Other microscopic examination"
12438,1583,65d7fad6c6f7da5f2c014966,"Gastric Outlet Obstruction ec susp Lymphoma Maligna Colon Ascenden (Unresectable) Invasi Duodenum(C)T4bN1M0,",lymphoma,C17.8--Malignant neoplasm overlapping small intestine site,54.11--Exploratory laparotomy
15626,5861,666d3387a659a8dd4d081cd2,hematemesis melena ec Non variceal bleeding dd variceal bleeding,melena,,"90.59 -- Microscopic examination of blood, Other microscopic examination"
18848,10090,6710a7504c1b6a28680a3d99,melena ec volvulus ec malrotasi,melena,Q43.3--Congenital malformations of intestinal fixation,54.95--Incision of peritoneum
20287,11955,6752a7122b45f85e490fe983,Hematemesis melena ec SH,melena,K74.6--Other and unspecified cirrhosis of liver,"87.44--Routine chest x-ray, so described"
12847,2144,65eab87569e00e112b0c8826,melena ec ulkus peptikum,melena,K92.1--Melaena,99.04 -- Transfusion of packed cells
19986,11570,6747e3169dcf643a28064d78,Obs hematemesis + melena ec PSCBA,melena,K92.0--Haematemesis,88.76 -- Diagnostic ultrasound of abdomen and retroperitoneum
14822,4792,664837e627711c76ed0c44c4,Melena ec ulcus pepticum,melena,"K27.9--Peptic ulcer, unspecified as acute or chronic, without haemorrhage or perforation",99.04--Transfusion of packed cells
17957,8943,66e7f9a04dc82e51ea02c365,melena,melena,K92.1 -- Melaena,89.52--Electrocardiogram
17317,8094,66c5576c8e8c54462a0bfc3b,Susp Meningitis Virus,meningitis,Z03.4--Observation for suspected myocardial infarction,88.79--Other diagnostic ultrasound
12385,1492,65d5769e1ea9fbc12b0f0697,sequele meningitis TB,meningitis,A17.0--Tuberculous meningitis,87.03--Computerized axial tomography of head
16444,6965,669897cb460cca879d0405e3,meningitis cryptococcus,meningitis,"G03.9 -- Meningitis, unspecified",03.31 -- Spinal tap
12328,1405,65d301400133c1b6360ecd5f,meningitis,meningitis,"G03.9--Meningitis, unspecified",87.03--Computerized axial tomography of head
14595,4487,66416eff0fe9a07f17071a71,meningitis viral,meningitis,"A87.9--Viral meningitis, unspecified",87.03 -- Computerized axial tomography of head
13950,3620,662211fcd0048ee2a50486ec,meningitis,meningitis,,87.03 -- Computerized axial tomography of head
12197,1197,65cd6db0e00ef2546e02e0fc,Meningitis bacterial,meningitis,"G00.9--Bacterial meningitis, unspecified","87.44--Routine chest x-ray, so described"
11615,305,65a4b6c93851d8c4180e64b2,meningoenchepalokel,meningoencephalitis,"Q01.9--Encephalocele, unspecified",01.51--Excision of lesion or tissue of cerebral meninges
18809,10039,670f67a312f50dc75b02dbae,Meningoencephalitis,meningoencephalitis,"G04.2 -- Bacterial meningoencephalitis and meningomyelitis, not elsewhere classified",87.03--Computerized axial tomography of head
12594,1810,65e024d2b0045eb6d70008f8,meningoensefalitis,meningoencephalitis,"G04.2--Bacterial meningoencephalitis and meningomyelitis, not elsewhere classified",87.03--Computerized axial tomography of head
13663,3257,6610ca613a562ced75036f7f,Meningoencephalitis,meningoencephalitis,"G04.9--Encephalitis, myelitis and encephalomyelitis, unspecified","90.59--Microscopic examination of blood, Other microscopic examination"
15283,5404,665e8d9cd3cf19b482007830,MHI,mental health inventory,S06.0 -- Concussion,
16031,6413,6683841cfcca2c023a027328,MHI,mental health inventory,S09.9--Unspecified injury of head,
12082,1044,65c321bb0bfeeebbb7017506,MHI,mental health inventory,S06.0--Concussion,99.04--Transfusion of packed cells
12745,2021,65e7dea6b6fa4d0565083df5,MHI,mental health inventory,"S06.00--Concussion, without open intracranial wound","79.39--Open reduction of fracture with internal fixation, other specified bone"
13573,3132,660cec74eb7e5e654b00e1eb,MHI,mental health inventory,"S06.00 -- Concussion, without open intracranial wound",
14900,4903,664c35767d447d120901854f,MPN,myeloproliferative neoplasms,D47.1 -- Chronic myeloproliferative disease,
14846,4826,664aa36f5c835c68f604936f,MPN,myeloproliferative neoplasms,D47.1--Chronic myeloproliferative disease,"90.59--Microscopic examination of blood, Other microscopic examination"
13210,2667,65fbd48f1bd09fa5630fd147,MPN,myeloproliferative neoplasms,"C94.6--Myelodysplastic and myeloproliferative disease, not elsewhere classified",
12636,1862,65e19277f8271e0a57038c12,necrotic gangrene a/r digiti 5 manus dx,necrotic,"R02--Gangrene, not elsewhere classified",84.01--Amputation and disarticulation of finger
20790,12604,67690fc4c68cc3cedb01937d,Necrotic Wound,necrotic,T14.1--Open wound of unspecified body region,"86.22--Excisional debridement of wound, infection, or burn"
15749,6032,66762bf28cfc41c5bc06db8a,necrotik gangrene digiti V pedis sn dengan DM tipe II,necrotic,E11.5--Non-insulin-dependent diabetes mellitus with peripheral circulatory complications,"86.22--Excisional debridement of wound, infection, or burn"
15574,5799,666c1dfaf773de291e065be3,necrotizing fasciitis ar submandibula sinistra et bukkal sinistra,necrotic,"M72.68--Necrotizing fasciitis, other","86.22 -- Excisional debridement of wound, infection, or burn"
14654,4562,6641b915d888a6e774090765,necrotic digiti 3 pedis,necrotic,"R02 -- Gangrene, not elsewhere classified",84.11 -- Amputation of toe
15704,5970,6673ab0709919c41b80c8f00,ulcus necrotican cruris sn terinfeksi phlegmon,necrotic,"L97 -- Ulcer of lower limb, not elsewhere classified","86.22 -- Excisional debridement of wound, infection, or burn"
16143,6569,668b3c28e21bc6d03005121b,fascitisis necroticas manus dextra terinfeksi,necrotic,"M72.64--Necrotizing fasciitis, hand",83.14--Fasciotomy
12054,1001,65c1c3fe330d8ea63e002a07,necrotizing fascitis + abses buccal,necrotic,M72.6--Necrotizing fasciitis,
15069,5112,6653ffd167fb6c0b1a0fe038,fascitis necrotikan dengan ulcus pedis et cruris dx terinfeksi,necrotic,"M72.66--Necrotizing fasciitis, lower leg",83.14--Fasciotomy
17136,7863,66bb0e1aa89e246be40470bc,nefrolithiasis,nefrolithiasis,"N20.9 -- Urinary calculus, unspecified",
13095,2494,65f7d1e0355ba613230a5c8b,nefrolitiasis,nefrolithiasis,N20.0--Calculus of kidney,"90.59--Microscopic examination of blood, Other microscopic examination"
20267,11931,675177ac4b6faf69cd01214f,abdominal pain ec nefrolitiasis dx,nefrolithiasis,N20.0 -- Calculus of kidney,88.76 -- Diagnostic ultrasound of abdomen and retroperitoneum
15524,5731,6669bc71f8daaad1c508e332,hydronefrosis bilateral + multiple nefrolithiasis dextra dan sinistra,nefrolithiasis,N13.2--Hydronephrosis with renal and ureteral calculous obstruction,88.75--Diagnostic ultrasound of urinary system
19174,10506,672052b51f9d3dd1ab0f97ef,nefrolithiasis dextra,nefrolithiasis,N20--Calculus of kidney and ureter,"87.44--Routine chest x-ray, so described"
13295,2778,6600ff6fb96712341c0e0dd1,nefrolitiasis sin,nefrolithiasis,N13.6--Pyonephrosis,"90.59--Microscopic examination of blood, Other microscopic examination"
14017,3707,6625d471f5f95f714703c1be,"Lahir Sc, NCB, Neonatal infeksi",neonatal,P03.4--Fetus and newborn affected by caesarean delivery,"90.59--Microscopic examination of blood, Other microscopic examination"
17761,8694,66dbddc05033b2e260093be4,neonatal seizure,neonatal,P90 -- Convulsions of newborn,93.90--Non-invasive mechanical ventilation
17763,8696,66dbf5b879f6c7b5eb02d77c,sepsis neonatorum,neonatal,"P36.9 -- Bacterial sepsis of newborn, unspecified",99.04--Transfusion of packed cells
15937,6282,667e5be20338cf5e500c05dd,Neonatal lahir SC,neonatal,P03.4 -- Fetus and newborn affected by caesarean delivery,"90.59 -- Microscopic examination of blood, Other microscopic examination"
19731,11242,673bfbce96c36cc3f505c7e8,Neonatal infection,neonatal,"P39.9--Infection specific to the perinatal period, unspecified",99.21 -- Injection of antibiotic
11496,95,659b70f515f626befa0adec7,neonatal infection,neonatal,P39.8--Other specified infections specific to the perinatal period,"90.59 -- Microscopic examination of blood, Other microscopic examination"
15012,5038,665161b456c004ec820ae39d,ikterik neonatroum,neonatal,"P59.9 -- Neonatal jaundice, unspecified",99.83 -- Other phototherapy
12206,1213,65cd7b8763b1c19012081b45,neonatal infection,neonatal,P39.8 -- Other specified infections specific to the perinatal period,"90.59 -- Microscopic examination of blood, Other microscopic examination"
11608,292,65a49db164238c9115093622,asfiksia neonatorum,neonatal,P21.1--Mild and moderate birth asphyxia,93.90 -- Non-invasive mechanical ventilation
11590,266,65a228bfeb6ec3e367061b76,ikterik neonatorum,neonatal,"P59.9--Neonatal jaundice, unspecified",99.83--Other phototherapy
19429,10846,672d94c22b0fab6b6e0b7cc1,NCB SMK SC a/i Myopia,neonatus cukup bulan,"P03.1--Fetus and newborn affected by other malpresentation, malposition and disproportion during labour and delivery","90.59--Microscopic examination of blood, Other microscopic examination"
13438,2959,66076f8faa8540b9d90bf7f3,NCB SMK spontan dengan BBLR,neonatus cukup bulan,P07.1 -- Other low birth weight,"90.59 -- Microscopic examination of blood, Other microscopic examination"
15638,5877,6671636a280e27d2bc01a825,NCB SMK lahis dengan vacum ekstraksi,neonatus cukup bulan,,"90.59 -- Microscopic examination of blood, Other microscopic examination"
11497,98,659b783d2c757c7d52084f86,NCB SMK lahir spontan,neonatus cukup bulan,"Z38.0--Singleton, born in hospital",
16756,7388,66a9c2ace87fe77da80da74e,NCB SMK lahir SC a/i plasenta letak rendah dan ibu HIV,neonatus cukup bulan,P00.2--Fetus and newborn affected by maternal infectious and parasitic diseases,"90.59 -- Microscopic examination of blood, Other microscopic examination"
12667,1926,65e53559fafded066d0f430f,NCB SMK SC a/i PEB,neonatus cukup bulan,P03.4 -- Fetus and newborn affected by caesarean delivery,"90.59 -- Microscopic examination of blood, Other microscopic examination"
15580,5809,666cfccd74389364a70243b8,NCB SMK spontan,neonatus cukup bulan,"Z38.0 -- Singleton, born in hospital",
16155,6585,668b896e691f80c9360d44a1,NCB SMK lahir SC a/i bekas SC dan ibu sifilis dalam pengobatan,neonatus cukup bulan,P00.2 -- Fetus and newborn affected by maternal infectious and parasitic diseases,"90.59 -- Microscopic examination of blood, Other microscopic examination"
11539,175,659f58b0ee3665343e0a4f85,NCB SMK lahir SC a/i bayi besar,neonatus cukup bulan,P03.4--Fetus and newborn affected by caesarean delivery,"90.59 -- Microscopic examination of blood, Other microscopic examination"
18751,9971,670cae8d26d78ffdd8005cc2,open wound auricula,open wound,S01.3 -- Open wound of ear,18.4--Suture of laceration of external ear
15171,5245,66580f41f0b9396e4004f998,open degloving /open wound,open wound,"S61.9--Open wound of wrist and hand part, part unspecified","86.70--Pedicle or flap graft, not otherwise specified"
16951,7637,66b3884bbaeb3db35c042572,"vulnus , open wound fascialis",open wound,"S01.9--Open wound of head, part unspecified",
17725,8645,66dab4e5fbbb7102c60e0225,Open wound of lip and oral cavity,open wound,S01.5 -- Open wound of lip and oral cavity,"39.98--Control Of Hemorrhage, Not Otherwise Specified"
13158,2585,65fa682a4516e8bfd3033778,open wound,open wound,S71.1--Open wound of thigh,93.57 -- Application of other wound dressing
18753,9973,670caf8112f81c929304dbbd,open wound nasal,open wound,S01.2 -- Open wound of nose,"86.22 -- Excisional debridement of wound, infection, or burn"
13842,3486,66203f59f8cc171bb209ca43,open wound a/r nasal,open wound,S01.2--Open wound of nose,21.81--Suture of laceration of nose
14848,4828,664aa7a8b9bebbb1cb0875f0,open wound a/r anal,open wound,S31.8--Open wound of other and unspecified parts of abdomen,"86.70--Pedicle or flap graft, not otherwise specified"
16329,6804,669209f19a61e939650aaa47,open wound ar pedis,open wound,S91.3--Open wound of other parts of foot,86.63--Full-thickness skin graft to other sites
16000,6370,6682324f9154a71ea9082a38,open wound thorax dx,open wound,S21 -- Open wound of thorax,
12458,1609,65d840ddbccb04c31f09b311,bone exposed + open wound cranium,open wound,S01.0--Open wound of scalp,"86.70--Pedicle or flap graft, not otherwise specified"
11742,535,65b07c7b9346836aa20d27db,orchitis bilateral,orchitis,"N45.9--Orchitis, epididymitis and epididymo-orchitis without abscess",88.79--Other diagnostic ultrasound
18617,9792,6705ca5a77667cb5be0f6949,epididimoorchitis bilateral,orchitis,N45 -- Orchitis and epididymitis,99.21--Injection of antibiotic
20456,12177,675b7b1be4c4a86654072cfb,epididimoorchitis,orchitis,B26.0--Mumps orchitis,88.77 -- Diagnostic ultrasound of peripheral vascular system
14705,4624,6642e6b3a8fea38b720587a4,orchitis,orchitis,"N45.9 -- Orchitis, epididymitis and epididymo-orchitis without abscess",88.79 -- Other diagnostic ultrasound
20847,12686,676a60a78024e746fb07f144,"Torsio testis dd Orchitis ,Hernia Skrotalis",orchitis,N44--Torsion of testis,"90.59--Microscopic examination of blood, Other microscopic examination"
19428,10844,672d8d71705e9048af0b0d6d,epididimorchitis kanan,orchitis,"N45.0--Orchitis, epididymitis and epididymo-orchitis with abscess",88.75 -- Diagnostic ultrasound of urinary system
17933,8904,66e4cfaf5ec34b6520049819,epididimoorchitis,orchitis,,88.75 -- Diagnostic ultrasound of urinary system
16415,6925,66974c6406e8a579ce033318,orchitis,orchitis,N45--Orchitis and epididymitis,88.79 -- Other diagnostic ultrasound
20715,12504,676620b3fad4dc862e08cc23,pancreatitis akut,pancreatitis,K85--Acute pancreatitis,54.11--Exploratory laparotomy
13676,3273,6610dd7cf58762bcca07b249,pankreatitis,pancreatitis,"K85.9--Acute pancreatitis, unspecified",38.95--Venous catheterization for renal dialysis
17910,8869,66e38da77e071ed9510b0aab,akut pancreatitis,pancreatitis,K85.3 -- Drug-induced acute pancreatitis,"90.59--Microscopic examination of blood, Other microscopic examination"
14545,4422,663ed439389b29af990fa995,Pancreatitis,pancreatitis,"K85.9 -- Acute pancreatitis, unspecified","90.59 -- Microscopic examination of blood, Other microscopic examination"
17948,8929,66e594d7f5dc6d107c01506d,penkes ec syok hipovolemi,penurunan kesadaran,R57.1 -- Hypovolaemic shock,"99.60 -- Cardiopulmonary resuscitation, not otherwise specified"
13743,3356,661bf27578b4e9afa7083842,Penurunan kesadaran ec electrolyte imbalance,penurunan kesadaran,"E87.8--Other disorders of electrolyte and fluid balance, not elsewhere classified",99.18--Injection or infusion of electrolytes
16938,7623,66b333426797ff8f7907c4c0,penkes et causa susp acute convulsional state,penurunan kesadaran,,"90.59--Microscopic examination of blood, Other microscopic examination"
13320,2809,66022fe2e480ef8b4e0bcba6,Penurunan kesadaran ec Metabolic encephalopathy,penurunan kesadaran,"G93.4--Encephalopathy, unspecified","87.44--Routine chest x-ray, so described"
20807,12628,676969b046642b89ea0c2040,Penkes e.c KAD,penurunan kesadaran,E10.1--Insulin-dependent diabetes mellitus with ketoacidosis,"90.59--Microscopic examination of blood, Other microscopic examination"
20097,11705,674c319f21a912dca30e5f34,Penkes ec cerebral infarc,penurunan kesadaran,"I63.9--Cerebral infarction, unspecified","90.59--Microscopic examination of blood, Other microscopic examination"
19380,10779,672aaa17e68748393109b811,-Penurunan kesadaran e.c syok sepsis dd Susp Metastase otak,penurunan kesadaran,R57.2--Septic shock,"90.52--Microscopic examination of blood, Culture"
19693,11195,6739ffed0d67edf5590749bb,Penkes,penurunan kesadaran,R55--Syncope and collapse,"87.44--Routine chest x-ray, so described"
21150,13078,677b7674b865b35d41032586,Penkes ec. meningitis DD viral/TB/Bacterial,penurunan kesadaran,"G03.9--Meningitis, unspecified",87.03--Computerized axial tomography of head
17843,8791,66e0333aee38b83dde077044,penkes ec encephalopathy uremicum,penurunan kesadaran,"G93.4 -- Encephalopathy, unspecified","99.60--Cardiopulmonary resuscitation, not otherwise specified"
20104,11714,674c5ee5f545bf2ce30aee36,penkes ec KAD,penurunan kesadaran,E11.1--Non-insulin-dependent diabetes mellitus with ketoacidosis,"87.44--Routine chest x-ray, so described"
11586,259,65a217763e94204751056570,penurunan kesadaran ec hipoglikemi,penurunan kesadaran,"E16.2--Hypoglycaemia, unspecified","87.44--Routine chest x-ray, so described"
20574,12321,675fd08c1f1c839ad00f2945,Obs dyspneu ec susp asma eksaserbasi dd PPOK,penyakit paru obstruktif kronis,"J45.9 -- Asthma, unspecified","87.44 -- Routine chest x-ray, so described"
20184,11816,674e7d95102c1df8de04837e,PPOK eksaserbasi,penyakit paru obstruktif kronis,"J20.9--Acute bronchitis, unspecified","87.44--Routine chest x-ray, so described"
11522,145,659df659697d801314059851,ppok,penyakit paru obstruktif kronis,J44--Other chronic obstructive pulmonary disease,"90.59 -- Microscopic examination of blood, Other microscopic examination"
11780,590,65b1f2ce4c1528261c0ed78e,PPOK eksaserbasi akut,penyakit paru obstruktif kronis,"J44.1 -- Chronic obstructive pulmonary disease with acute exacerbation, unspecified",
17643,8527,66d6a594091f07adcb042cc6,PPOK eksaserbasi akut,penyakit paru obstruktif kronis,"J44.9 -- Chronic obstructive pulmonary disease, unspecified",89.37--Vital capacity determination
16764,7396,66a9d90fdea3374e250c36cb,PPOK eksaserbasi akut dengan pneumonia,penyakit paru obstruktif kronis,J44.0 -- Chronic obstructive pulmonary disease with acute lower respiratory infection,89.37--Vital capacity determination
13446,2969,660781b829d7a55de40cbec7,PPOK eksaserbasi akut,penyakit paru obstruktif kronis,J44.0--Chronic obstructive pulmonary disease with acute lower respiratory infection,89.37--Vital capacity determination
21034,12931,6773c791b37a0d313a0109f7,Obs dyspneu ec Susp CAP dd PPOK,penyakit paru obstruktif kronis,Z03.8--Observation for other suspected diseases and conditions,"87.44--Routine chest x-ray, so described"
12234,1252,65ceb2a346d5ae65b10ca239,PPOK,penyakit paru obstruktif kronis,J44 -- Other chronic obstructive pulmonary disease,87.03 -- Computerized axial tomography of head
11642,355,65a88e12d1715106a402e686,PPOK eksaserbasi,penyakit paru obstruktif kronis,"J44.9--Chronic obstructive pulmonary disease, unspecified","90.59--Microscopic examination of blood, Other microscopic examination"
21100,13016,67776931d0ccfbf495017b76,Obs dypsnea ec CAP DD/ PPOK,penyakit paru obstruktif kronis,"J15.3--Pneumonia due to streptococcus, group B","87.44--Routine chest x-ray, so described"
12104,1074,65c470b24bd383aa340ee286,ppok eksaserbasi akut,penyakit paru obstruktif kronis,"J44.1--Chronic obstructive pulmonary disease with acute exacerbation, unspecified","90.59 -- Microscopic examination of blood, Other microscopic examination"
20334,12022,67565c833315adbe220465f2,PPOK,penyakit paru obstruktif kronis,J15.8--Other bacterial pneumonia,"87.44--Routine chest x-ray, so described"
19620,11102,6736c09ed6c331911702593e,PPOK eksaserbasi akut,penyakit paru obstruktif kronis,J22--Unspecified acute lower respiratory infection,"87.44--Routine chest x-ray, so described"
12271,1309,65d011f6166917e4d805d98f,periodik paralitik,periodik paralitis,G72.3 -- Periodic paralysis,"90.59 -- Microscopic examination of blood, Other microscopic examination"
12196,1196,65cd6c21120e222efb0c478f,periodik paralisis,periodik paralitis,G72.3--Periodic paralysis,"90.59--Microscopic examination of blood, Other microscopic examination"
13368,2868,66038cc0729b2dfdbe0e3118,Peritonitis difus e.c perforasi,peritonitis,K35.0--Acute appendicitis with generalized peritonitis,"86.22--Excisional debridement of wound, infection, or burn"
15971,6331,667fd548a9833658d00c1174,"Peritonitis Umum ec Perforasi Vesica Fellea,",peritonitis,K82.2--Perforation of gallbladder,
17198,7944,66bd77fbf8fd2387b50b077d,"Peritonitis Umum ec Perforasi Ileum (Leakage Anastomosis),",peritonitis,,
13883,3538,6620af56791bffeacd09425d,Peritonitis,peritonitis,K65.0--Acute peritonitis,"90.59--Microscopic examination of blood, Other microscopic examination"
18340,9432,66f96d8d2cb8bb8f170a5610,peritonitis ec perforasi caecum,peritonitis,K63.1 -- Perforation of intestine (nontraumatic),46.75--Suture of laceration of large intestine
16793,7434,66ab146fb0fab28a250f17d5,peritonitis ec app,peritonitis,K35.2--Acute appendicitis with generalized peritonitis,
15463,5650,6666809738a64e2d98080837,peritonitis diffuse,peritonitis,K65.0 -- Acute peritonitis,54.11 -- Exploratory laparotomy
18958,10221,6715db38b65fed243b03d92b,peritonitis ec trauma abdomen,peritonitis,"S39.9 -- Unspecified injury of abdomen, lower back and pelvis",---Belum di Isi
14540,4414,663e0cee3ba25fbc880593e4,Peritonitis ec perforasi ileus,peritonitis,K63.1--Perforation of intestine (nontraumatic),45.62--Other partial resection of small intestine
16205,6650,668df07cbb9d4ba372034787,peritonitis umum ec HIL dextra,peritonitis,K65.8--Other peritonitis,
20638,12399,676265f5893ace03ea03e440,"Peritonitis Umum ec. Leakage Anastomosis Gaster,",peritonitis,"K91.8--Other postprocedural disorders of digestive system, not elsewhere classified",44.69--Other repair of stomach
19834,11375,673ff2ea2ca5115eb10f004e,peritonitis generalisata ec perdarahan intraabdomen,peritonitis,K65--Peritonitis,52.01--Drainage of pancreatic cyst by catheter
12362,1463,65d558cc90ed8a27330d54dd,peritonitis,peritonitis,"K65.9--Peritonitis, unspecified",54.11--Exploratory laparotomy
11595,272,65a243a00229cc43f00021f7,pneumonia,pneumonia,"J18.9--Pneumonia, unspecified","87.44 -- Routine chest x-ray, so described"
14194,3942,662c82aa7c062f136d0a36a5,bronkopneumonia,pneumonia,"J44.1--Chronic obstructive pulmonary disease with acute exacerbation, unspecified","87.44 -- Routine chest x-ray, so described"
16049,6434,6684a92d4f89cb75120c5792,Pneumonia ec streptococus mitis/oralis,pneumonia,"J15.3--Pneumonia due to streptococcus, group B","90.59 -- Microscopic examination of blood, Other microscopic examination"
11552,201,65a097260bf35e3556037235,pneumonia,pneumonia,,"90.59--Microscopic examination of blood, Other microscopic examination"
15010,5036,6651609dcc15b9734404d3ff,pneumonia,pneumonia,"P23.9 -- Congenital pneumonia, unspecified",99.83 -- Other phototherapy
11881,735,65b742ea7e41e3627f082157,bronkopneumonia,pneumonia,"J18.9 -- Pneumonia, unspecified","90.59 -- Microscopic examination of blood, Other microscopic examination"
19671,11166,67381ff99b2447252302baf9,pneumonia ec Staphylococcus hominis ssp hominis,pneumonia,J15.2--Pneumonia due to staphylococcus,"87.44--Routine chest x-ray, so described"
19589,11067,6735856cae817ef71c07a5da,Pneumonia PSI score 92,pneumonia,J15.5--Pneumonia due to Escherichia coli,"87.44 -- Routine chest x-ray, so described"
19005,10284,67172c4de66b44363b00113d,pneumonia ec Klebsiella pneumonia,pneumonia,J15.0--Pneumonia due to Klebsiella pneumoniae,"87.44--Routine chest x-ray, so described"
12073,1031,65c3183e3c1eca9958058b1f,pneumonia ec Klebsiella pneumonia,pneumonia,P23.6--Congenital pneumonia due to other bacterial agents,93.90--Non-invasive mechanical ventilation
18019,9030,66ea74e5040ce3889107f530,Pneumonia pseudomonas,pneumonia,J15.1 -- Pneumonia due to Pseudomonas,---Belum di Isi
11604,283,65a4910e33b786b81304abf9,pleuropneumonia,pneumonia,"J18.8 -- Other pneumonia, organism unspecified","90.59 -- Microscopic examination of blood, Other microscopic examination"
12825,2121,65ea806088e7136a73027471,neonatal pneumonia,pneumonia,"P23.9--Congenital pneumonia, unspecified",93.90 -- Non-invasive mechanical ventilation
20973,12853,67723461df8cd341890ab1c9,Caput,pneumonia,P12.8--Other birth injuries to scalp,"90.59--Microscopic examination of blood, Other microscopic examination"
17232,7987,66becb77dec208f7c20f946b,pneumonia,pneumonia,P23.8 -- Congenital pneumonia due to other organisms,93.90--Non-invasive mechanical ventilation
17605,8473,66d53db65315e3edef0af79b,pneumina ec Klebsiella pneumonia,pneumonia,P23.6 -- Congenital pneumonia due to other bacterial agents,93.90 -- Non-invasive mechanical ventilation
13384,2887,6603bd10b09f95a3a308d172,Pneumonia,pneumonia,"J18--Pneumonia, organism unspecified",89.37--Vital capacity determination
12924,2256,65f151bf10aa9cf7a30a8181,pneumonia,pneumonia,J44.0 -- Chronic obstructive pulmonary disease with acute lower respiratory infection,"87.44 -- Routine chest x-ray, so described"
20798,12616,67695afd6e26a226780d2f88,Pneumonia,pneumonia,"J20.9--Acute bronchitis, unspecified",99.18--Injection or infusion of electrolytes
20262,11925,67514796e2a8657ed80abc0f,pneumonia ec Pseudomonas aeroginosa,pneumonia,P23.5--Congenital pneumonia due to Pseudomonas,96.04--Insertion of endotracheal tube
18843,10081,67109320891bcc256d0ea5a9,trauma capitis,pneumonia,"S06.00 -- Concussion, without open intracranial wound",87.03 -- Computerized axial tomography of head
17333,8115,66c69dbc51efc89ece0f750c,Pneumonia,pneumonia,J15.8--Other bacterial pneumonia,"90.59--Microscopic examination of blood, Other microscopic examination"
12671,1931,65e53dc9c7818e03c00c200b,Bronkopnemonia (Viral ),pneumonia,"J12.9--Viral pneumonia, unspecified",93.96--Other oxygen enrichment
16549,7094,669dcc23320fd075c80a91c3,pneumonia ec pseudomonas aeroginosa,pneumonia,J15.6 -- Pneumonia due to other aerobic Gram-negative bacteria,"87.44 -- Routine chest x-ray, so described"
13398,2907,6604eb2040a6cd0e9b0a005d,pneumonia ec pseudomonas aeruginosa,pneumonia,J15.1--Pneumonia due to Pseudomonas,89.37--Vital capacity determination
18695,9904,6708b676d14d53531f06d94f,pneumonia,pneumonia,J15.0 -- Pneumonia due to Klebsiella pneumoniae,
11450,11,6594e6ba4de499df3301a072,Bronkopneumonia,pneumonia,"J18.0--Bronchopneumonia, unspecified",93.94--Respiratory medication administered by nebulizer
11511,129,659cc8c97ad4033449063c4d,Bronkopneumonia,pneumonia,"J18.0 -- Bronchopneumonia, unspecified","90.59 -- Microscopic examination of blood, Other microscopic examination"
13511,3055,660a4c0a2f7cf516800ea559,Bronkopneumonia,pneumonia,"A15.2--Tuberculosis of lung, confirmed histologically","87.44--Routine chest x-ray, so described"
15534,5743,666a8666763882c5090e39cf,pneumonia ec streptococcus mitis,pneumonia,J15.4--Pneumonia due to other streptococci,
11461,31,65964e92cb369b07c90b48f7,CAP,pneumonia,"J18.8--Other pneumonia, organism unspecified","87.44 -- Routine chest x-ray, so described"
17123,7845,66bad7e8d5e6ac92a803f9b4,bronkopneumonia,pneumonia,P23.8--Congenital pneumonia due to other organisms,99.83--Other phototherapy
12070,1028,65c3142b011facd9ca07ccb5,pneumonia,pneumonia,C78.0--Secondary malignant neoplasm of lung,"90.59--Microscopic examination of blood, Other microscopic examination"
15740,6018,667510f282c690eef607380f,pneumonia ec streptococcus,pneumonia,"J15.3 -- Pneumonia due to streptococcus, group B","87.44 -- Routine chest x-ray, so described"
11805,627,65b32c743b7ee3f8150d2e55,CAp,pneumonia,J18.90--Community Acquired Pneumonia,"90.59--Microscopic examination of blood, Other microscopic examination"
14376,4190,6635e22cf22f49365c08e753,massa caput pankreas,pneumonia,D13.6--Benign neoplasm of pancreas,88.01--Computerized axial tomography of abdomen
12353,1453,65d54bc2619a40236d0943e7,Pneumonia,pneumonia,J44.0--Chronic obstructive pulmonary disease with acute lower respiratory infection,89.37 -- Vital capacity determination
18515,9665,670334a2350e5501df0084f3,Pneumothorax dx,pneumothorax,,34.04--Insertion of intercostal catheter for drainage
14717,4644,664420754009bfc4ae0b3a52,pneumothorax sinistra,pneumothorax,P25.1--Pneumothorax originating in the perinatal period,"87.44--Routine chest x-ray, so described"
17540,8386,66d135a673d0c2fa570a18e9,pneumotoraks,pneumothorax,J93.0--Spontaneous tension pneumothorax,97.41--Removal of thoracotomy tube or pleural cavity drain
12560,1767,65dfdee185db895c69037fdb,Hemato pneumothorax dx,pneumothorax,"S27.21--Traumatic haemopneumothorax, with open wound into thoracic cavity",34.02--Exploratory thoracotomy
12673,1933,65e5403d5bd43c28a80764b8,hematopneumothorax,pneumothorax,S27.2--Traumatic haemopneumothorax,99.21--Injection of antibiotic
14164,3902,662b2daceaae9368900de29f,hemato-pneumothorax sinistra,pneumothorax,"S27.20--Traumatic haemopneumothorax, without open wound into thoracic cavity",99.04--Transfusion of packed cells
18291,9370,66f50e966035b2a8b50cc77e,"TB, pneumothorak",pneumothorax,"A15.2 -- Tuberculosis of lung, confirmed histologically",---Belum di Isi
17671,8567,66d7c4dee05123d2730a8f39,Pneumothorax,pneumothorax,"J93.9 -- Pneumothorax, unspecified",97.41 -- Removal of thoracotomy tube or pleural cavity drain
11971,871,65bc4a3f98fd91981704250f,pneumothorax difusse,pneumothorax,"J93.9--Pneumothorax, unspecified",34.04--Insertion of intercostal catheter for drainage
11991,902,65bd9c2e8ac45645cd03fe52,prolaps bulbi os,prolaps,H44.8--Other disorders of globe,12.81--Suture of laceration of sclera
12672,1932,65e540105875f3217f0fcd4b,Rectal prolapse,prolaps,K62.3--Rectal prolapse,96.26--Manual reduction of rectal prolapse
13231,2691,65fcf5e7fdf120f7460d9b5a,prolaps isi bola mata os,prolaps,H43.0--Vitreous prolapse,16.39--Other evisceration of eyeball
11785,599,65b23020e5c28006a309ba02,prolaps bulbi,prolaps,S05.2--Ocular laceration and rupture with prolapse or loss of intraocular tissue,
13097,2496,65f7d3aaf274a9ac0009f792,radiculopati lumbal,radikulopati,"M54.16 -- Radiculopathy, lumbar region",87.24 -- Other x-ray of lumbosacral spine
11499,101,659b93c200885c95620b9534,radiculopati lumbal,radikulopati,"M54.16--Radiculopathy, lumbar region","90.59--Microscopic examination of blood, Other microscopic examination"
12691,1958,65e56b9790ad6af4b50026ac,radiculopaty cervical,radikulopati,"M54.12--Radiculopathy, cervical region",87.22 -- Other x-ray of cervical spine
12067,1025,65c310e8c4c3f26ef409f729,Radiculopathy cervical,radikulopati,"M54.12 -- Radiculopathy, cervical region",
20651,12421,67639141a6e7073f19031efc,radiculopathy lumbal,radikulopati,"M54.17--Radiculopathy, lumbosacral region",93.13--Resistive exercise
17749,8674,66db941987bf2df94f0e7a54,Radiculopati Lumbal,radikulopati,"M54.17 -- Radiculopathy, lumbosacral region",93.01--Functional evaluation
18972,10239,67165c58a87b3272dc08b647,redetachment os,redetachment OD,H33.0 -- Retinal detachment with retinal break,14.51 -- Repair of retinal detachment with diathermy
15800,6099,6678f3df84f2caf3a2010919,Redetachment OS,redetachment OD,"H44.7--Retained (old) intraocular foreign body, nonmagnetic",14.74--Other mechanical vitrectomy
11833,666,65b4698e4a5293c25d0582fd,Redetachment OD,redetachment OD,H33.0--Retinal detachment with retinal break,14.74--Other mechanical vitrectomy
16607,7176,66a07227e391a93d5d06e367,RDN,renal denervation,"P22.9 -- Respiratory distress of newborn, unspecified",93.90 -- Non-invasive mechanical ventilation
14794,4756,6646de24b928931c7f094a23,RDN,renal denervation,"P22.9--Respiratory distress of newborn, unspecified",93.90--Non-invasive mechanical ventilation
18348,9441,66fa1302205e511fca0bff90,RDS,respiratory distress syndrome,"P22.9 -- Respiratory distress of newborn, unspecified","90.59--Microscopic examination of blood, Other microscopic examination"
19703,11207,673aa09b607a2d9fda00fe84,ARDS,respiratory distress syndrome,J96.0--Acute respiratory failure,"87.44--Routine chest x-ray, so described"
19733,11245,673bfc86b139e7b74704e9f6,RDS ec HMD,respiratory distress syndrome,P22.0--Respiratory distress syndrome of newborn,"87.44--Routine chest x-ray, so described"
12243,1265,65ced1159574712d6a0ac837,ARDS,respiratory distress syndrome,J80--Adult respiratory distress syndrome,"87.44--Routine chest x-ray, so described"
17961,8950,66e82b47319a0b07ab0d8da5,ARDS,respiratory distress syndrome,J80 -- Adult respiratory distress syndrome,96.05--Other intubation of respiratory tract
19625,11108,6736c55792a50d84fe0700dd,Acute Respiratory Failure,respiratory failure,J96.0--Acute respiratory failure,"87.44--Routine chest x-ray, so described"
16988,7685,66b56b9a66b2675f650c2278,respiratory failure,respiratory failure,"J96 -- Respiratory failure, not elsewhere classified",96.71 -- Continuous invasive mechanical ventilation for less than 96 consecutive hours
12262,1297,65cf0beabc7c94516b0c7edf,Respiratory failure,respiratory failure,"J96.9 -- Respiratory failure, unspecified",96.71 -- Continuous invasive mechanical ventilation for less than 96 consecutive hours
18428,9556,66fe0830652eadbff207d945,Respiratory failure,respiratory failure,,
16985,7680,66b48389a4f19e151c08a762,respiratory failure,respiratory failure,"J96--Respiratory failure, not elsewhere classified",99.07 -- Transfusion of other serum
11551,200,65a091024605e51cc90e77ec,Respiratory failure,respiratory failure,"J96.9--Respiratory failure, unspecified","90.59 -- Microscopic examination of blood, Other microscopic examination"
20225,11871,674ff7a713367a37c00cfbc0,retardasi mental,retardasi mental,"F71.1--Moderate mental retardation, significant impairment of behaviour requiring attention or treatment",
20346,12037,67568805427c4dc6730f2ead,retardasi mental berat,retardasi mental,F72.9--Severe mental retardation without mention of impairment of behaviour,94.49--Other counselling
19302,10671,6725a7f0ace22db2cd053723,Retardasi mental,retardasi mental,"F70.1--Mild mental retardation, significant impairment of behaviour requiring attention or treatment","94.12--Routine psychiatric visit, not otherwise specified"
15157,5226,6657fa242130be710907155e,Retardasi Mental,retardasi mental,F70--Mild mental retardation,94.38--Supportive verbal psychotherapy
12932,2268,65f24bbae10808ee9605b38e,retardasi mental,retardasi mental,"F70.8--Mild mental retardation, other impairments of behaviour",94.38--Supportive verbal psychotherapy
14282,4065,66308944ff706877960290c0,retardasi mental,retardasi mental,F70.9--Mild mental retardation without mention of impairment of behaviour,94.38 -- Supportive verbal psychotherapy
17241,7998,66bfffcb2757c1302a02df22,Hiperetensi,retensi,I10--Essential (primary) hypertension,21.01--Control of epistaxis by anterior nasal packing
12888,2204,65f1205caf855a20870e2f16,retensio urin,retensi,R33--Retention of urine,64.0--Circumcision
19417,10829,672d56260c535d2059072640,RETENSIO URINE EC SUSP BPH,retensi,N40--Hyperplasia of prostate,60.29--Other transurethral prostatectomy
19545,10997,6733e947ea813158f10345df,Retensi urine ec BPH,retensi urine,N40--Hyperplasia of prostate,60.29--Other transurethral prostatectomy
18510,9659,67020eade75f77e37e0cdaa5,retensi urine ec blood clot,retensi urine,R33 -- Retention of urine,---Belum di Isi
12756,2036,65e7f377e2861d4abd09d59b,retensi urin,retensi urine,R33--Retention of urine,57.32--Other cystoscopy
13884,3539,6620b084e7408e89c6055d6b,retensi urin,retensi urine,,
12652,1884,65e2ba47e6ec52b4440aa215,selulitis,sellulitis,L03.1--Cellulitis of other parts of limb,"90.59--Microscopic examination of blood, Other microscopic examination"
16761,7393,66a9d42bece99d736b0d910a,Selulitis ar bukal dextra et labii superior,sellulitis,K12.2--Cellulitis and abscess of mouth,27.0 -- Drainage of face and floor of mouth
13554,3110,660cd4488765c3afe4075f33,selulitis Pedis,sellulitis,"L03.9--Cellulitis, unspecified","87.44--Routine chest x-ray, so described"
18468,9608,66ff73a2aefb373431003ace,selulitis pedis sin,sellulitis,"L03.9 -- Cellulitis, unspecified","86.22 -- Excisional debridement of wound, infection, or burn"
18268,9344,66f4dc979d4250ea5e0c4580,selulitis pedis dextra,sellulitis,L03.1 -- Cellulitis of other parts of limb,99.21 -- Injection of antibiotic
18251,9323,66f4c2e0c725181e3901e95f,sepsis,sepsis,"A41.9 -- Septicaemia, unspecified",---Belum di Isi
18263,9338,66f4d35f9e74f058b905a874,sepsis,sepsis,A41.8 -- Other specified septicaemia,"90.52--Microscopic examination of blood, Culture"
12179,1169,65caf6efde2897f84400f6f8,Sepsis,sepsis,,"87.44--Routine chest x-ray, so described"
18326,9416,66f6975e0f5f1623e804d782,Hip septic arthritis,sepsis,"M13.96 -- Arthritis, unspecified, lower leg","90.59--Microscopic examination of blood, Other microscopic examination"
19910,11470,67442f56622ac0212d046836,septic arhritis genu (D),sepsis,"M00.86--Arthritis and polyarthritis due other specified bacterial agents, lower leg","86.22--Excisional debridement of wound, infection, or burn"
11637,345,65a79b714741485a7d04d733,sepsis,sepsis,"A41.9--Septicaemia, unspecified",96.71--Continuous invasive mechanical ventilation for less than 96 consecutive hours
11796,614,65b31eb8472cec6bba0b829e,"Syok dd hipovolemik, sepsis, dss",sepsis,"R57.9--Shock, unspecified","90.59 -- Microscopic examination of blood, Other microscopic examination"
16606,7175,66a06f77909df5f7af06927f,sepsis,sepsis,"P36.9--Bacterial sepsis of newborn, unspecified",99.83 -- Other phototherapy
11628,331,65a72facb088675dda016d07,Sepsis (e.colli),sepsis,A41.5--Septicaemia due to other Gram-negative organisms,"99.60--Cardiopulmonary resuscitation, not otherwise specified"
16630,7213,66a1d2c97fa400d2910977c9,sepsis,sepsis,"R65.9--Systemic Inflammatory Response Syndrome, unspecified",57.32--Other cystoscopy
16972,7665,66b434c89d91705c8d08aefd,syok sepsis,sepsis,R65.1--Systemic Inflammatory Response Syndrome of infectious origin with organ failure,96.72 -- Continuous invasive mechanical ventilation for 96 consecutive hours or more
20261,11924,67514647f985388bf905a50c,sequalae stroke,sequele stroke,"I63.9--Cerebral infarction, unspecified",87.03--Computerized axial tomography of head
11799,618,65b321d80ba025c7940710fd,Sequele stroke,sequele stroke,I69.3--Sequelae of cerebral infarction,"90.59--Microscopic examination of blood, Other microscopic examination"
15271,5381,665e677956376e7d280bb495,sequele stroke,sequele stroke,"I69.4--Sequelae of stroke, not specified as haemorrhage or infarction","90.59--Microscopic examination of blood, Other microscopic examination"
16979,7673,66b465cdc703c96b490a27a1,severe sepsis ec ISK komplikata,severe septic,A41--Other sepsis,"90.52--Microscopic examination of blood, Culture"
19536,10986,6732f4d1162b18483403f890,severe sepsis + septic shock,severe septic,R57.2--Septic shock,87.03--Computerized axial tomography of head
18299,9378,66f55ebe1295c02d930d2195,severe septic + septic shock,severe septic,R57.2 -- Septic shock,"38.93--Venous catheterization, not elsewhere classified"
11962,858,65bb45b114c74198860e0885,Severe sepsis+septic shock,severe septic,"A41.9--Septicaemia, unspecified",96.71--Continuous invasive mechanical ventilation for less than 96 consecutive hours
18754,9975,670cd0aba19ce0558a0c58ee,SEVERE SEPSIS + SEPTIC SHOCK,severe septic,,"93.19--Exercise, not elsewhere classified"
19190,10529,6721765f82a2300e5607de45,So filled eye,silikon oil filled eye,"H43.9--Disorder of vitreous body, unspecified",13.19--Other intracapsular extraction of lens
11673,411,65a9f5e562463825c40f9b48,so filled eye os,silikon oil filled eye,"H44.7--Retained (old) intraocular foreign body, nonmagnetic",14.79--Other operations on vitreous
15274,5385,665e73c619b0281ea6055ad0,So filled eye OS,silikon oil filled eye,"H44.7 -- Retained (old) intraocular foreign body, nonmagnetic","14.00 -- Removal of foreign body from posterior segment of eye, not otherwise"
12786,2074,65e9344639ca7be16e024353,MDS,sindrom mielodisplastik,D46 -- Myelodysplastic syndromes,99.04 -- Transfusion of packed cells
12684,1950,65e55e20b21cf2c4ca03dd62,MDS,sindrom mielodisplastik,"D46.9--Myelodysplastic syndrome, unspecified","90.59--Microscopic examination of blood, Other microscopic examination"
17536,8381,66d12d1318f86246da02963c,MDS,sindrom mielodisplastik,"D46.9 -- Myelodysplastic syndrome, unspecified",41.31--Biopsy of bone marrow
13571,3128,660ce4d7879c7342c80f018d,sinusitis akut,sinusitis,"J01.9--Acute sinusitis, unspecified",99.04--Transfusion of packed cells
16905,7581,66b197d4c9b20a38db08a9d4,sinusistis kronik,sinusitis,"J32.9 -- Chronic sinusitis, unspecified",22.63 -- Ethmoidectomy
20256,11915,67514048755efc271209c5d2,Rhinosinusitis kronis,sinusitis,J32.0--Chronic maxillary sinusitis,22.63 -- Ethmoidectomy
11648,363,65a8ac8546d9682dc8097ec6,Rhinosinusitis kronis maxila kanan,sinusitis,"J32.9--Chronic sinusitis, unspecified","22.00 -- Aspiration and lavage of nasal sinus, not otherwise specified"
20433,12150,675a4d2aaa275024f706d463,sinusitis anterior,sinusitis,J01.1--Acute frontal sinusitis,21.69--Other turbinectomy
12612,1835,65e15282589bae8a3508663d,Rhinosinusitis kronsi maxila kiri,sinusitis,,
17111,7832,66bacabd7327d8d9ab0f59e9,sinusitis maxilla sin,sinusitis,J01.0--Acute maxillary sinusitis,22.63--Ethmoidectomy
11658,388,65a9dbceaf0bdab9780ef223,sirosis hepatis,sirosis hepatis,K74.6--Other and unspecified cirrhosis of liver,99.04--Transfusion of packed cells
17277,8045,66c30c6a815eb9accf09091d,Sirosis hepatis,sirosis hepatis,K74--Fibrosis and cirrhosis of liver,
15617,5852,666d2a95e39b1c030e0e1cd1,sirosis hepatis,sirosis hepatis,K74.6 -- Other and unspecified cirrhosis of liver,99.04 -- Transfusion of packed cells
17667,8560,66d7bde05f2f39f5ed0ee702,skin loss ec vulnus scissum,skin loss,T14.0 -- Superficial injury of unspecified body region,86.4--Radical excision of skin lesion
11953,840,65bb2d6a37ae259ed504fb13,skin loss ec finger tip injury,skin loss,S69.9--Unspecified injury of wrist and hand,86.61--Full-thickness skin graft to hand
11633,340,65a769ddcad93ec21b005f74,skin loss,skin loss,T14.1--Open wound of unspecified body region,"86.22--Excisional debridement of wound, infection, or burn"
18142,9182,66f0cd579978347bf00773fc,skin loss a.r pedis dx,skin loss,S91.3 -- Open wound of other parts of foot,86.69--Other skin graft to other sites
18015,9026,66ea66452e3c08f6970ff448,skinloss,skin loss,T14.1 -- Open wound of unspecified body region,86.69--Other skin graft to other sites
12818,2113,65ea6c13b0bff3282f0c150e,skin loss + open wound,skin loss,S81.0--Open wound of knee,"86.22 -- Excisional debridement of wound, infection, or burn"
16203,6647,668ded43862d4bf91509a532,skin loss/ open wound forearm,skin loss,"S61.9--Open wound of wrist and hand part, part unspecified",86.69--Other skin graft to other sites
15597,5830,666d10985000109075082d8d,skin loss,skin loss,S71.1 -- Open wound of thigh,86.69--Other skin graft to other sites
12013,939,65c046fca6184c9001039944,bone exposed tibia - skin loss/ open wound,skin loss,"T81.3--Disruption of operation wound, not elsewhere classified",86.74--Attachment of pedicle or flap graft to other sites
16788,7428,66ab0c277bc0d03c7900a633,Skin loss pedis chronic wound,skin loss,"L98.9--Disorder of skin and subcutaneous tissue, unspecified",86.63--Full-thickness skin graft to other sites
18947,10209,6715c0b6e4bb6c04030b0f54,skizofrenia,skizophrenia,F20.3 -- Undifferentiated schizophrenia,87.03--Computerized axial tomography of head
12026,958,65c07a5f66b75b819805f0c5,skizofrenia ytt,skizophrenia,"F20.9--Schizophrenia, unspecified",94.38--Supportive verbal psychotherapy
16869,7530,66adb4879a72ab8aa5073239,skizofrenia,skizophrenia,"F20.9 -- Schizophrenia, unspecified","94.12 -- Routine psychiatric visit, not otherwise specified"
14783,4742,6646cda668a03ec3c7042b73,skizofrenia paranoid,skizophrenia,F20.0 -- Paranoid schizophrenia,94.38 -- Supportive verbal psychotherapy
15074,5117,66540417f4a6e903c30a0c61,skizofrenia hebefrenik,skizophrenia,F20.1 -- Hebephrenic schizophrenia,94.38 -- Supportive verbal psychotherapy
18483,9625,66ff8dff904268a5860ebbb8,Skizofrenia,skizophrenia,F20 -- Schizophrenia,94.38 -- Supportive verbal psychotherapy
19711,11218,673ad03970893590560f163e,Skizofrenia,skizophrenia,F20.3--Undifferentiated schizophrenia,94.38 -- Supportive verbal psychotherapy
12025,957,65c078a10af6d74ef3038c91,Paranoid schizophrenia,skizophrenia,F20.0--Paranoid schizophrenia,94.38--Supportive verbal psychotherapy
14420,4251,6638544dc57e9285d7055105,gang. skizoafektif,skizophrenia,"F25.9--Schizoaffective disorder, unspecified",94.38--Supportive verbal psychotherapy
12542,1740,65dea4e855b6e42ae409f874,Gangguan Skizoafektif,skizophrenia,F25.8--Other schizoaffective disorders,94.38--Supportive verbal psychotherapy
12771,2054,65e812171697cdbe1f06fb07,gangguan skizoafektif,skizophrenia,"F25.0--Schizoaffective disorder, manic type","94.12--Routine psychiatric visit, not otherwise specified"
18082,9114,66ecf40de5f02d498600d4ea,SKIZOAFEKTIF TIPE MANIK,skizophrenia,"F25.0 -- Schizoaffective disorder, manic type",94.38 -- Supportive verbal psychotherapy
18991,10261,67170de6eb2aae5a6a0f1eee,gangguan psikotik polimorfik akut  dengan gejala skizofrenia,skizophrenia,F23.1--Acute polymorphic psychotic disorder with symptoms of schizophrenia,"94.12--Routine psychiatric visit, not otherwise specified"
11519,140,659cdaf5612af5d4d6048bf0,skizofrenia hebefrenik,skizophrenia,F20.1--Hebephrenic schizophrenia,94.38--Supportive verbal psychotherapy
12201,1203,65cd7148e00ef2546e02e12d,skizofrenia ytt,skizophrenia,F20.8--Other schizophrenia,94.38--Supportive verbal psychotherapy
13207,2660,65fbcc30ee7f2fd4b005f276,Gangguan skizoafektif,skizophrenia,"F25.9 -- Schizoaffective disorder, unspecified","90.59 -- Microscopic examination of blood, Other microscopic examination"
12200,1201,65cd70f8c7151506cb030d7d,Gangguan Skizoafektif,skizophrenia,F25--Schizoaffective disorders,94.38--Supportive verbal psychotherapy
12181,1173,65cb034bf0c0ec10ef06d635,Gangguan Skizoafektif tipe Depresif,skizophrenia,"F25.1--Schizoaffective disorder, depressive type",94.38--Supportive verbal psychotherapy
11463,39,6597621a684e67948a0d2c34,snake bite,snake bite,T63.0--Toxic effect of snake venom,"90.59 -- Microscopic examination of blood, Other microscopic examination"
12868,2179,65f106e304d6ba95340fbb12,snake bite,snake bite,T63.0 -- Toxic effect of snake venom,99.16 -- Injection of antidote
20719,12509,67662b6cf201a0044301de63,Snake Bite,snake bite,,
13193,2645,65fbb8ffac38485fbd070349,STT a.r tragus kiri,soft tissue tumor,D23.2--Other benign neoplasm of skin of ear and external auricular canal,86.3--Other local excision or destruction of lesion or tissue of skin and subcutaneous tissue
15478,5671,6667c02a3d715b032f0e1afa,STT a.r gingiva mandibula,soft tissue tumor,D16.5--Benign neoplasm of lower jaw bone,83.21 -- Biopsy of soft tissue
13163,2594,65fa76a397a36ad78c0fafa3,STT terinfeksi regio gluteal sn,soft tissue tumor,"D21.2--Other benign neoplasm of connective and other soft tissue of lower limb, including hip",86.3--Other local excision or destruction of lesion or tissue of skin and subcutaneous tissue
16947,7633,66b3819cd057bd499604b612,recurrent STT scalp,soft tissue tumor,"D48.9--Neoplasm of uncertain or unknown behaviour, unspecified",86.69--Other skin graft to other sites
19107,10420,671c6f3417ef5763410f547d,STT ar bukal sinistra susp. Benign dd/ Traumatik fibroma,soft tissue tumor,D10.3--Benign neoplasm of other and unspecified parts of mouth,24.4--Excision of dental lesion of jaw
17057,7771,66b96be6793d070ec308040b,STT a.r submandibula,soft tissue tumor,"D21.0--Other benign neoplasm of connective and other soft tissue of head, face and neck",86.3--Other local excision or destruction of lesion or tissue of skin and subcutaneous tissue
13046,2427,65f51964a167e471a705c00e,STT a/r inguinal sin,soft tissue tumor,"D21.9--Other benign neoplasm of connective and other soft tissue, unspecified",86.3--Other local excision or destruction of lesion or tissue of skin and subcutaneous tissue
12530,1719,65dd60770b829948e404e9ec,STT digiti I-V manus dx et sn,soft tissue tumor,"D21.1--Other benign neoplasm of connective and other soft tissue of upper limb, including shoulder",86.3--Other local excision or destruction of lesion or tissue of skin and subcutaneous tissue
15961,6321,667f9308fb15b1eb7a0c8d4f,STT axilla sinistra,soft tissue tumor,D21.3--Other benign neoplasm of connective and other soft tissue of thorax Axilla,83.39--Excision of lesion of other soft tissue
18355,9450,66fa27889cf05c9cb50f0a70,STT ar palatum sinistra susp. malignant,soft tissue tumor,C05 -- Malignant neoplasm of palate,"27.92--Incision of mouth, unspecified structure"
12830,2126,65ea8b3068bf8e590309887b,Multipel STT parotis bilateral,soft tissue tumor,D11.0--Benign neoplasm of parotid gland,86.09--Other incision of skin and subcutaneous tissue
11492,91,659b623c10cd2a49690e9e13,STT a/r femur,soft tissue tumor,"D21.2 -- Other benign neoplasm of connective and other soft tissue of lower limb, including hip",86.3 -- Other local excision or destruction of lesion or tissue of skin and subcutaneous tissue
12785,2073,65e9341374b2107a17021186,STT terinfeksi regio punggung,soft tissue tumor,"D21.6--Other benign neoplasm of connective and other soft tissue of trunk, unspecified",86.3--Other local excision or destruction of lesion or tissue of skin and subcutaneous tissue
14178,3921,662b6cf9d2f515f81307d5e8,STT ar glossus susp. malignan,soft tissue tumor,C01--Malignant neoplasm of base of tongue,"39.98--Control Of Hemorrhage, Not Otherwise Specified"
16153,6582,668b63c8811c5c54fa065210,STT Truncal,soft tissue tumor,"D21.6 -- Other benign neoplasm of connective and other soft tissue of trunk, unspecified",86.3 -- Other local excision or destruction of lesion or tissue of skin and subcutaneous tissue
13365,2864,660384d6fcde3505870a6800,STT a/r gluteus susp neurofibroma,soft tissue tumor,D21.5--Other benign neoplasm of connective and other soft tissue of pelvis,86.3--Other local excision or destruction of lesion or tissue of skin and subcutaneous tissue
16563,7114,669dde4d3bcbc4873205cf59,STT regio coli,soft tissue tumor,"D21.0 -- Other benign neoplasm of connective and other soft tissue of head, face and neck",86.11 -- Biopsy of skin and subcutaneous tissue
12330,1407,65d3042e534dfe65740646e3,stt abdomen,soft tissue tumor,D21.4--Other benign neoplasm of connective and other soft tissue of abdomen,86.4--Radical excision of skin lesion
16139,6563,668912dde1c2e4a6fb07c932,STT ar mandibula sinistra et submental,soft tissue tumor,"C06.9--Malignant neoplasm of mouth, unspecified",83.49--Other excision of soft tissue
16040,6423,66838c79202ce59f8a0071c7,STT ar RA+RB anterior,soft tissue tumor,D10--Benign neoplasm of mouth and pharynx,27.23--Biopsy of lip
19664,11159,67381c7c7269a4f0a800fe72,stt terinfeksi regio sacrum,soft tissue tumor,D48.1--Neoplasm of uncertain or unknown behavior of connective and other soft tissue,86.3--Other local excision or destruction of lesion or tissue of skin and subcutaneous tissue
18841,10079,6710927e6a5f85e8df00f347,SOL C6 susp schwanoma,space occupying lesion,D36.1--Benign neoplasm of peripheral nerves and autonomic nervous system,03.4--Excision or destruction of lesion of spinal cord or spinal meninges
14223,3986,662f2332f7b6df5c660e7598,SOl ekstradural T6-8,space occupying lesion,D33.4--Benign neoplasm of spinal cord,99.04--Transfusion of packed cells
12424,1555,65d6e6be71d8aa718a08d896,SOL,space occupying lesion,,
12131,1110,65c98ec331a50d284604f539,SOL,space occupying lesion,R90.0--Intracranial space-occupying lesion,87.03--Computerized axial tomography of head
12521,1707,65dd4e4bd1ae75459a0b61a6,sol intracranial,space occupying lesion,"D43.2--Neoplasm of uncertain or unknown behavior of brain, unspecified",38.7--Interruption of the vena cava
16841,7495,66ac6849080217a8850e9aed,defek nasolabial,space occupying lesion,M95.0--Acquired deformity of nose,86.72--Advancement of pedicle graft
15886,6208,667cbf3d9cd1a2e1e30fed0a,VP ar nasolabial,space occupying lesion,S01.5--Open wound of lip and oral cavity,"39.98--Control Of Hemorrhage, Not Otherwise Specified"
18049,9069,66eb9aadca77289574079487,SOL,space occupying lesion,R90.0 -- Intracranial space-occupying lesion,88.41--Arteriography of cerebral arteries
21071,12981,67760b0502da0972d202e3c3,myelopaty thoracal ec SOL ekstradural,space occupying lesion,M51.0--Lumbar and other intervertebral disc disorders with myelopathy,99.04--Transfusion of packed cells
18456,9592,66ff4983caa2c0bb610947ee,spondilosis lumbalis,spondilosis,"M47.87 -- Other spondylosis, lumbosacral region","93.19--Exercise, not elsewhere classified"
18238,9299,66f3834bbe49629e410a1f9a,Spondilolisthesis L4-5,spondilosis,"M43.16 -- Spondylolisthesis, lumbar region",03.09--Other exploration and decompression of spinal canal
19360,10753,67298363b416b5bf2104af7c,Spondilolisthesis L4-5,spondilosis,"M43.06--Spondylolysis, lumbar region",03.09--Other exploration and decompression of spinal canal
18095,9128,66ed5ce802ecc985fc02e806,Spondylolisthesis vertebra cervical 3 terhadap cervical 2,spondilosis,"M43.12 -- Spondylolisthesis, cervical region",---Belum di Isi
15276,5388,665e7a4558d13894f10719bb,spondilolithesis L4-l5,spondilosis,"M43.16--Spondylolisthesis, lumbar region","81.08--Lumbar and lumbosacral fusion, posterior technique"
16066,6462,6684dbd3c7ed0e2f50014e3e,spondilosis lumbalis,spondilosis,M47--Spondylosis,87.24--Other x-ray of lumbosacral spine
19688,11188,67395c0fb2d059675907f792,Spondilosis lumbalis,spondilosis,"M47.86--Other spondylosis, lumbar region",87.24--Other x-ray of lumbosacral spine
19927,11493,67452958ad9aefbbc200ccb4,Spondylosis thoracaolumbal,spondilosis,"M47.85--Other spondylosis, thoracolumbar region",
20826,12654,676a1b249b7c2ab095078020,Spondilolisthesis L4-5,spondilosis,M43.1--Spondylolisthesis,"86.22--Excisional debridement of wound, infection, or burn"
14346,4151,6634678e67509f009f0a844b,STEMI anterior,st-elevation myocardial infarction,I21.0 -- Acute transmural myocardial infarction of anterior wall,00.66 -- Parcutaneous transluminal coronary angioplasty (PTCA) or coronary atherectomy
17807,8747,66df9e5e523b2ca954026ed4,NSTEMI,st-elevation myocardial infarction,I21 -- Acute myocardial infarction,00.66--Parcutaneous transluminal coronary angioplasty (PTCA) or coronary atherectomy
17683,8584,66d9085dbb73abd5940d6e82,Nstemi,st-elevation myocardial infarction,"I24.9 -- Acute ischaemic heart disease, unspecified",89.52 -- Electrocardiogram
18831,10065,6710890f64a7c00ec0065f09,Nstemi,st-elevation myocardial infarction,,
11688,444,65ab186772054c54c203ac46,STEMI late onset,st-elevation myocardial infarction,I21.3--Acute transmural myocardial infarction of unspecified site,89.52--Electrocardiogram
17494,8318,66ce803856b997a3f302a140,Chest Pain ec ACS NSTEMI dd/ UAP,st-elevation myocardial infarction,"R07.4--Chest pain, unspecified",88.57--Other and unspecified coronary arteriography
12686,1952,65e56384a9c4a8807f07c4eb,STEMI,st-elevation myocardial infarction,I21.0--Acute transmural myocardial infarction of anterior wall,"90.59--Microscopic examination of blood, Other microscopic examination"
12351,1451,65d546d1db5972bcad04a41f,STEMI lateral wall,st-elevation myocardial infarction,I21.2--Acute transmural myocardial infarction of other sites,89.52--Electrocardiogram
11573,226,65a0c241e33b9e626a0f79b3,acute STEMI ext anterior wall,st-elevation myocardial infarction,I20.0--Unstable angina,89.52--Electrocardiogram
11527,154,659e0aba48f4ebf050072c93,CAD STEMI inferior,st-elevation myocardial infarction,I21.1--Acute transmural myocardial infarction of inferior wall,"87.44--Routine chest x-ray, so described"
14400,4227,6638356a0a65a1612302dfe2,STEMI inferior,st-elevation myocardial infarction,I21.1 -- Acute transmural myocardial infarction of inferior wall,99.10 -- Injection or infusion of thrombolytic agent
17774,8707,66dd6a4c0029063ff502e9a2,NSTEMI,st-elevation myocardial infarction,I21.4 -- Acute subendocardial myocardial infarction,"87.44--Routine chest x-ray, so described"
11790,607,65b31443ba8e37bef503d067,STEMI anterior (autolisis),st-elevation myocardial infarction,I20.1--Angina pectoris with documented spasm,89.52--Electrocardiogram
16314,6786,6691e68d6caccfaedb0fcb22,unidentified snake bite fase sistemik,st-elevation myocardial infarction,T63.0 -- Toxic effect of snake venom,99.16 -- Injection of antidote
11443,0,658a71d404138cfe68089b57,NSTEMI,st-elevation myocardial infarction,I21.4--Acute subendocardial myocardial infarction,"90.59--Microscopic examination of blood, Other microscopic examination"
18306,9388,66f615179420ed44ab06879a,STEMI,st-elevation myocardial infarction,I21.2 -- Acute transmural myocardial infarction of other sites,89.52 -- Electrocardiogram
17471,8292,66cd4ed26adedd369606b139,STEMI (stabil),st-elevation myocardial infarction,I21.3 -- Acute transmural myocardial infarction of unspecified site,89.52 -- Electrocardiogram
15511,5715,66693779bcdb122dfb0dae2d,unidentified snak bite a/r digiti 3 pedis dextra fase sistemik nekrosis,st-elevation myocardial infarction,T63.0--Toxic effect of snake venom,99.16 -- Injection of antidote
20945,12820,6771e5906d135e46e7070231,NSTEMI,st-elevation myocardial infarction,I21--Acute myocardial infarction,88.57--Other and unspecified coronary arteriography
19129,10446,671eda2573078d04b803a286,Recent STEMI,st-elevation myocardial infarction,I22.0--Subsequent myocardial infarction of anterior wall,"87.44--Routine chest x-ray, so described"
19574,11043,673537c73d91fcb9c3039da6,LUTS ec striktur urethra pars membranosa,striktur urethra,N35.0--Post-traumatic urethral stricture,58.5 -- Release of urethral stricture
16326,6801,6692050e53ddf8350f090c8d,striktur uretra,striktur urethra,"N35.9 -- Urethral stricture, unspecified",58.5--Release of urethral stricture
13509,3051,660a3f00997ab9555c0b3410,striktur uretra,striktur urethra,"N35.9--Urethral stricture, unspecified",57.17--Percutaneous cystostomy
15569,5793,666bf22ebb08265a040368a6,striktur uretra,striktur urethra,N35--Urethral stricture,58.0 -- Urethrotomy
18646,9832,6707159a4e55e942ac02a4ac,retensi urin ec strikture uretra pars pendulare,striktur urethra,N35.8 -- Other urethral stricture,58.5 -- Release of urethral stricture
17850,8800,66e0cadf5bc358700104ece9,Strikture uretra,striktur urethra,N35 -- Urethral stricture,58.31--Endoscopic excision or destruction of lesion or tissue of urethra
12100,1070,65c469dee4db62fe9a0be01c,SNH,stroke hemoragik,"I63.9--Cerebral infarction, unspecified","90.59--Microscopic examination of blood, Other microscopic examination"
17934,8905,66e4d25d3451487edf01f185,SNH,stroke hemoragik,"I63.9 -- Cerebral infarction, unspecified",88.41--Arteriography of cerebral arteries
20457,12178,675b86ae42abdeead705c68d,stroke haemoragik,stroke hemoragik,"I61.0--Intracerebral haemorrhage in hemisphere, subcortical",87.03--Computerized axial tomography of head
21157,13087,677cbee2117a81af700ae512,stroke haemoragik,stroke hemoragik,"I61.9--Intracerebral haemorrhage, unspecified",87.03--Computerized axial tomography of head
19508,10946,67321b67fb617949e909cc14,Stroke hemoragik,stroke hemoragik,"I61.2--Intracerebral haemorrhage in hemisphere, unspecified",87.03--Computerized axial tomography of head
11767,572,65b1ca27b1311e62c003059f,"stroke infark, Hipertensi",stroke infark,"I63.9 -- Cerebral infarction, unspecified",87.03 -- Computerized axial tomography of head
18867,10112,6711c8c929210f8214024650,stroke infark,stroke infark,,"90.59 -- Microscopic examination of blood, Other microscopic examination"
11475,59,6598b6218892c888f901d0e5,stroke infark,stroke infark,"I63.9--Cerebral infarction, unspecified",87.03 -- Computerized axial tomography of head
19474,10905,673161828f75537e7406fc62,stroke infark berulang,stroke infark,I69.8--Sequelae of other and unspecified cerebrovascular diseases,"90.59--Microscopic examination of blood, Other microscopic examination"
17459,8274,66cd2be967270630480660b2,Stroke infark,stroke infark,I63--Cerebral infarction,88.41--Arteriography of cerebral arteries
19354,10743,672973eda1a171cc23098d2a,stroke infark berulang,stroke infark,"I69.4--Sequelae of stroke, not specified as haemorrhage or infarction","87.44--Routine chest x-ray, so described"
12494,1668,65dc3476d780cdecef0f390c,Stroke infark,stroke infark,Z09.8--Follow-up examination after other treatment for other conditions,"90.59--Microscopic examination of blood, Other microscopic examination"
19513,10956,6732a37702ff6a08d80f87ef,stroke infark,stroke infark,I63.8--Other cerebral infarction,"37.78--Insertion, replacement, removal and revision of pacemaker device"
15966,6326,667fa0146ce9504f970828fa,sequele stroke infark,stroke infark,I69.3--Sequelae of cerebral infarction,"90.59--Microscopic examination of blood, Other microscopic examination"
12465,1626,65dbfdfb5ffc08f5cb09c850,sah,subarachnoid hemorrhage,"I60.9 -- Subarachnoid haemorrhage, unspecified",
20664,12437,6763c204ffebc1719a0ef021,SAH,subarachnoid hemorrhage,S06.6 -- Traumatic subarachnoid haemorrhage,
16933,7617,66b32820cd59f9aa6e02a4be,SAH (Subarachnoid hematome) regio temporalis dextra,subarachnoid hemorrhage,I60--Subarachnoid haemorrhage,87.03--Computerized axial tomography of head
19477,10909,67316939330f65440308fa7e,SAH,subarachnoid hemorrhage,S06.6--Traumatic subarachnoid haemorrhage,01.25--Other craniectomy
19359,10750,6729805200c4ef069c06a4aa,SAH,subarachnoid hemorrhage,"I60.7--Subarachnoid haemorrhage from intracranial artery, unspecified",87.03--Computerized axial tomography of head
16425,6937,66986dd83f4ed8d1fc067f00,SAH di regio frontoparietotemporalis sinistra,subarachnoid hemorrhage,"S06.60--Traumatic subarachnoid haemorrhage, without open intracranial wound",
18029,9041,66eb44b5a319d279990fcee2,SAH,subarachnoid hemorrhage,"I60.7 -- Subarachnoid haemorrhage from intracranial artery, unspecified",---Belum di Isi
14054,3752,6626fcc4a8fa081b3201ab58,SAH,subarachnoid hemorrhage,"I60.9--Subarachnoid haemorrhage, unspecified","90.59 -- Microscopic examination of blood, Other microscopic examination"
12419,1548,65d6d7456d10f2e9a7039d69,syok hipovolemik,syok hipovolemik,R57.1--Hypovolaemic shock,99.18--Injection or infusion of electrolytes
17804,8743,66df0003aad169bfff0f979f,syok hipovolemik dd sepsis,syok hipovolemik,R57.1 -- Hypovolaemic shock,"99.60 -- Cardiopulmonary resuscitation, not otherwise specified"
20745,12540,6767ab172c7d5ed7fb039956,Syok hipovolemik DD DSS,syok hipovolemik,A90--Dengue fever [classical dengue],88.19--Other x-ray of abdomen
11687,443,65ab04b7d51546fa090f2f52,Tetanus generalisata,tetanus,A35--Other tetanus,96.71--Continuous invasive mechanical ventilation for less than 96 consecutive hours
20570,12316,675fc4388b996ffb3b0119a4,tetanus,tetanus,A35--Other Tetanus,"87.44--Routine chest x-ray, so described"
17874,8830,66e1834eee11de7ebe0360d3,tetanus,tetanus,A35 -- Other tetanus,"90.59--Microscopic examination of blood, Other microscopic examination"
16851,7507,66ac781442b003490b096bc3,tongue tie (ankyloglossia ),tongue tie,Q38.1--Ankyloglossia,27.43 -- Other excision of lesion or tissue of lip
16589,7149,669f2609eef331179109292d,tongue tie,tongue tie,Q38.1 -- Ankyloglossia,27.43 -- Other excision of lesion or tissue of lip
19167,10497,67203b34a764521f4e07f0f6,tongue tie,tongue tie,"D38.1--Neoplasm of uncertain or unknown behavior of trachea, bronchus and lung",25.92 -- Lingual frenectomy
11982,888,65bc682d2fe0ccfae3096711,traumatic amputasi digiti 4-5 pedis sin,traumatic amputation,"S88.9--Traumatic amputation of lower leg, level unspecified",84.12--Amputation through foot
14180,3925,662c39a463717ec98a0b5e32,traumatic amputation dig 3 manus sin,traumatic amputation,S68.1--Traumatic amputation of other single finger (complete) (partial),"86.22 -- Excisional debridement of wound, infection, or burn"
11869,720,65b720c452cdeda5550eb876,"Traumatic amputation digiti 2,3 pedis dextra",traumatic amputation,,
12723,1992,65e696b0c828ffa5af009f83,"traumatic amputasi digiti 3,4 manus sin",traumatic amputation,S68.2--Traumatic amputation of two or more fingers alone (complete) (partial),86.05--Incision with removal of foreign body from skin and subcutaneous tissue
15482,5676,6667d5bd323d6ed063022c73,"Traumatic amputation metatarsal 4,5 pedis dextra",traumatic amputation,S98.2--Traumatic amputation of two or more toes,84.11--Amputation of toe
11781,592,65b1ff6f8400f625450649ff,Trombositopenia,trombositopenia,"D69.6--Thrombocytopenia, unspecified",99.05--Transfusion of platelets
14465,4313,6639a8f7761d0e2526041584,trombositopenia,trombositopenia,"D69.6 -- Thrombocytopenia, unspecified","90.59 -- Microscopic examination of blood, Other microscopic examination"
14372,4186,6635dcb295821e324708896a,trombositopenia,trombositopenia,D69.4--Other primary thrombocytopenia,99.05 -- Transfusion of platelets
16781,7418,66aaf43a9ee5eacf350ad498,uniditified snake bite fase sysmetmic trombositopenia,trombositopenia,T63.0--Toxic effect of snake venom,99.16 -- Injection of antidote
20883,12731,676e1e02df81758488030061,Obs Dyspnea e.c susp TB paru,tuberkulosis,"A15--Respiratory tuberculosis, bacteriologically and histologically confirmed",00.17--Infusion of vasopressor agent
11536,172,659f4e2af90d8f59820abc53,pleuritis TB,tuberkulosis,"A15.6--Tuberculous pleurisy, confirmed bacteriologically and histologically","87.44--Routine chest x-ray, so described"
19288,10655,6724ce38e75f28710f08b39f,TB paru klinis kasus baru,tuberkulosis,"A16.0--Tuberculosis of lung, bacteriologically and histologically negative","87.44 -- Routine chest x-ray, so described"
19929,11495,67452de4ac7dfc47ee0b96af,CKR TBI Multiple trauma,tuberkulosis,"S06.30--Focal brain injury, without open intracranial wound",87.03--Computerized axial tomography of head
13266,2739,65fe56ce8ec64f718f0c91dc,Meningoencephalitis TB,tuberkulosis,A17.8--Other tuberculosis of nervous system,89.14--Electroencephalogram
11458,26,65962e30d2176482c204bd5a,TB paru,tuberkulosis,"A15.2--Tuberculosis of lung, confirmed histologically",87.03--Computerized axial tomography of head
20233,11882,675100ae755efc271209c49d,BP dd/TB paru,tuberkulosis,"J18.0--Bronchopneumonia, unspecified","87.44--Routine chest x-ray, so described"
20957,12834,677210f0ad6e563b3707a3ed,Bekas TB paru,tuberkulosis,B90--Sequelae of tuberculosis,88.72--Diagnostic ultrasound of heart
11572,225,65a0c152d90f2691e50fe78c,TB paru MDR,tuberkulosis,"A15.1--Tuberculosis of lung, confirmed by culture only",99.04--Transfusion of packed cells
12965,2315,65f282ecc03b910b410b6b5b,TB paru klinis,tuberkulosis,"A15.3--Tuberculosis of lung, confirmed by unspecified means","90.53--Microscopic examination of blood, Culture and sensitivity"
11616,306,65a4dec75da5c1cb730bb94d,TB paru,tuberkulosis,"A15.2 -- Tuberculosis of lung, confirmed histologically",
13798,3426,661f2a577ef4d2a48c080794,Bekas TB dd Tb paru klinis,tuberkulosis,B90.9 -- Sequelae of respiratory and unspecified tuberculosis,"87.44 -- Routine chest x-ray, so described"
13928,3592,6621e48de65c66dfc608c970,TB paru MDR,tuberkulosis,"A15.1 -- Tuberculosis of lung, confirmed by culture only","87.44 -- Routine chest x-ray, so described"
20543,12284,675efe9c7bb4bc2312046bd2,procitis c tb infeksi,tuberkulosis,K51.2--Ulcerative (chronic) proctitis,45.25--Closed (endoscopic) biopsy of large intestine
19425,10841,672d79e7949ac80121066ce6,CAP dd TB relaps,tuberkulosis,J22--Unspecified acute lower respiratory infection,"90.59--Microscopic examination of blood, Other microscopic examination"
17448,8259,66cc20e0d94d79b5940b5b4d,spondiloartrotis TB,tuberkulosis,"M45.4 -- Ankylosing spondylitis, thoracic region",03.09 -- Other exploration and decompression of spinal canal
18363,9463,66fa91f1a26a4e820a0c5952,Pleuritis TB,tuberkulosis,"A16.5 -- Tuberculous pleurisy, without mention of bacteriological or histological confirmation",87.41 -- Computerized axial tomography of thorax
11852,690,65b4aa771d5a88843a0a17a5,B20 dengan TBC paru,tuberkulosis,B20.0--HIV disease resulting in mycobacterial infection,99.04--Transfusion of packed cells
18425,9550,66fe00bcccadff2fc1019fbc,TB paru disertai pneumonia,tuberkulosis,"A16.2 -- Tuberculosis of lung, without mention of bacteriological or histological confirmation","87.44--Routine chest x-ray, so described"
13319,2808,66022f0928fc27613906826d,arthritis TB wrist joint dex,tuberkulosis,A18.0--Tuberculosis of bones and joints,77.03 -- Sequestrectomy of radius and ulna
15850,6165,667a668ac0b110af6c02eef8,Pleuritis TB,tuberkulosis,"A15.6 -- Tuberculous pleurisy, confirmed bacteriologically and histologically",34.91 -- Thoracentesis
12711,1978,65e59449c1f19319f7078b9b,TB paru,tuberkulosis,"A15.8--Other respiratory tuberculosis, confirmed bacteriologically and histologically","90.59--Microscopic examination of blood, Other microscopic examination"
18673,9871,6707f1ac4bfe4264a202d4e2,TB paru putus obat,tuberkulosis,B90 -- Sequelae of tuberculosis,93.01--Functional evaluation
18058,9082,66ebae191f95ec44f400ba22,obs febris susp TB paru,tuberkulosis,"R50.9 -- Fever, unspecified","90.59 -- Microscopic examination of blood, Other microscopic examination"
16568,7120,669de34f320fd075c80a91f2,TB paru,tuberkulosis,B20.8--HIV disease resulting in other infectious and parasitic diseases,"90.59--Microscopic examination of blood, Other microscopic examination"
15453,5636,666662a590239706ba024568,TB paru klinis kasus baru,tuberkulosis,"A15.3 -- Tuberculosis of lung, confirmed by unspecified means","87.44 -- Routine chest x-ray, so described"
13162,2593,65fa73f64654d2b4720374e3,TB paru,tuberkulosis,"A16.2--Tuberculosis of lung, without mention of bacteriological or histological confirmation","87.44--Routine chest x-ray, so described"
16008,6382,66824be357087dc1d503948d,TB paru milier,tuberkulosis,"A19.9 -- Miliary tuberculosis, unspecified","87.44 -- Routine chest x-ray, so described"
17475,8297,66cd61eefac4278da7037f58,Electrical injury (TBSA +/- 27%) + VL a/r parietal,tuberkulosis,"T30.0--Burn of unspecified body region, unspecified degree","86.22--Excisional debridement of wound, infection, or burn"
15405,5575,6662a2180d6b3fbe9d080c02,chronic wound ec keganasan dd tb kelenjar,tuberkulosis,S21--Open wound of thorax,34.23--Biopsy of chest wall
17495,8319,66ce80d83bcb66338f0c5217,TB paru,tuberkulosis,"J90--Pleural effusion, not elsewhere classified",34.91--Thoracentesis
11700,468,65ab4e4526e40aeb3e045be5,Spondilitis TB,tuberkulosis,,
18168,9210,66f0fe4be50352fdbf09500e,spondilytis dd TB,tuberkulosis,"M45.9 -- Ankylosing spondylitis, site unspecified",88.93--Magnetic resonance imaging of spinal canal
17960,8949,66e82b10625b6a1688084b32,susp TB paru,tuberkulosis,"A15.0 -- Tuberculosis of lung, confirmed by sputum microscopy with or without culture","87.44--Routine chest x-ray, so described"
13935,3602,6621f19003ca8d1a080f6f64,tb paru,tuberkulosis,"A15.0--Tuberculosis of lung, confirmed by sputum microscopy with or without culture",
18830,10064,67108883ee748d947204b141,Bekas TB,tuberkulosis,B90.9--Sequelae of respiratory and unspecified tuberculosis,99.15--Parenteral infusion of concentrated nutritional substances
15241,5339,665d362ea33f36828305ab2a,Spondilitis TB,tuberkulosis,A18.0 -- Tuberculosis of bones and joints,
11823,649,65b444907730a3d8000f6492,TB Abdomen,tuberkulosis,"A18.3--Tuberculosis of intestines, peritoneum and mesenteric glands",88.01--Computerized axial tomography of abdomen
11676,414,65a9f811b1d26c26250d29fc,Meningits TB,tuberkulosis,A17.0--Tuberculous meningitis,87.03--Computerized axial tomography of head
18919,10177,6714abbd767294418209f301,"Burn injury gr 2A-2B TBSA 3,5% ar cruris dextra",tuberkulosis,"T30.2 -- Burn of second degree, body region unspecified",86.3 -- Other local excision or destruction of lesion or tissue of skin and subcutaneous tissue
17964,8953,66e84003f3119ce111059138,TB intestinal,tuberkulosis,"A18.3 -- Tuberculosis of intestines, peritoneum and mesenteric glands","90.49--Microscopic examination of specimen from trachea, bronchus, pleura,lung,and other thoracic specimen, and of sputum, Other microscopic examination"
15196,5278,66593c1d6ae47a41990fb426,pleuritis TB,tuberkulosis,"A16.5--Tuberculous pleurisy, without mention of bacteriological or histological confirmation",34.91 -- Thoracentesis
18327,9417,66f698a233b64656890ae825,TB paru klinis kasus kambuh,tuberkulosis,"A16.0 -- Tuberculosis of lung, bacteriologically and histologically negative","87.44--Routine chest x-ray, so described"
12087,1052,65c4384519e042131304fb9c,Soft tissue tumor ar buccal sinistra et submandibula sinistra susp malignan dd/SCC,tumor,D10--Benign neoplasm of mouth and pharynx,99.18--Injection or infusion of electrolytes
16657,7252,66a32923881bf463d00a111a,tumor buccal c ganas,tumor,"C06.9--Malignant neoplasm of mouth, unspecified","27.24--Biopsy of mouth, unspecified structure"
12147,1128,65c9b188bb6c528f550b3e7e,willms's tumor dd/ limfoma ren,tumor,"C64--Malignant neoplasm of kidney, except renal pelvis",
16594,7159,669f3b6029f177c8c0053db8,tumor testis dextra,tumor,D29.2--Benign neoplasm of testis,62.3--Unilateral orchiectomy
12638,1865,65e19799e2357a3d020ad4e3,tumor recto anal ganas,tumor,"C21.8--Malignant neoplasm overlapping rectum, anus and anal canal sites",48.24 -- Closed (endoscopic) biopsy of rectum
20519,12254,675d29c23e13bb741107646b,anaemia ec bleeding tumor,tumor,D63.0--Anaemia in neoplastic disease,"90.59--Microscopic examination of blood, Other microscopic examination"
12237,1257,65cec2a25b2883de230db87e,tumor punggung superior susp athroma,tumor,"D21.6--Other benign neoplasm of connective and other soft tissue of trunk, unspecified",86.3--Other local excision or destruction of lesion or tissue of skin and subcutaneous tissue
20504,12236,675cda7d3e13bb7411076340,Tumor intraabdomen suspek kista mesenterium tipe 4,tumor,K66.8--Other specified disorders of peritoneum,45.91--Small-to-small intestinal anastomosis
16282,6748,6690a877b84648e570071d81,tumor sinus maxilaris kiri,tumor,C31.0--Malignant neoplasm of maxillary sinus,22.61 -- Excision of lesion of maxillary sinus with Caldwell-Luc approach
11494,93,659b6ee06415019b780ca34e,Tumor Recti,tumor,D12.8--Benign neoplasm of rectum,87.64--Lower GI series
16285,6751,6690aa3eebc4305b2f0aef74,Tumor hipofaring,tumor,"C13.9--Malignant neoplasm of hypopharynx, unspecified",40.11--Biopsy of lymphatic structure
12224,1234,65cd9f9dca567edcfc04ade7,Tumor paru,tumor,D14.3--Benign neoplasm of bronchus and lung,
14656,4565,6641be62e239934c4b085a6c,tumor hepar c/ ganas,tumor,"C22.9 -- Malignant neoplasm of liver, unspecified",50.12 -- Open biopsy of liver
20450,12171,675a9ff55ff0150fa30096d3,liver fibrosis dd tumor cholangioca intrahepatal,tumor,K74.0--Hepatic fibrosis,88.01 -- Computerized axial tomography of abdomen
13673,3269,6610d74073503228880f63d0,tumor intra cranial ( tumor sinus sphenoid),tumor,"D48.9--Neoplasm of uncertain or unknown behaviour, unspecified",21.29--Other diagnostic procedures on nose
19078,10381,671af59fcc1ea8096c0a5f2e,tumor ileum c limforma,tumor,C17.2--Malignant neoplasm of ileum,45.72--Open and other Cecectomy
17122,7844,66bad3aac5d5e85f1c02cb0f,tumor inguinal sin KGB multipel,tumor,"D48.9 -- Neoplasm of uncertain or unknown behaviour, unspecified",40.24 -- Excision of inguinal lymph node
16779,7416,66aaf29e491f2c3d5c09de2d,brain tumor,tumor,"D33.2 -- Benign neoplasm of brain, unspecified","90.59 -- Microscopic examination of blood, Other microscopic examination"
17678,8576,66d7ed475807fa278008c212,"Tumor Intra Abdomen ec Susp Gastro Intestinal Tumor (GIST), DD: Lymphoma",tumor,D17.5 -- Benign lipomatous neoplasm of intra-abdominal organs,45.79--Other and unspecified partial excision of large intestine
13765,3382,661ddf9910b4e60d8f03df61,tumor colon desended suspek maligna,tumor,D37.4--Neoplasm of uncertain or unknown behavior of colon,45.75--Open and other Left hemicolectomy
11959,851,65bb3c4703d29e782007e645,tumor rectosigmoid ganas,tumor,C19--Malignant neoplasm of rectosigmoid junction,48.24 -- Closed (endoscopic) biopsy of rectum
17668,8561,66d7be758de40caca60e1551,tumor duodenal c ganas,tumor,C17.0 -- Malignant neoplasm of duodenum,"45.00 -- Incision of intestine, not otherwise specified"
12975,2328,65f28dcabab499912c0177e2,tumor rectosigmoid,tumor,D12.7--Benign neoplasm of rectosigmoid junction,
17663,8554,66d7b21d3d2deea67b00d029,Tumor buli,tumor,C67.0 -- Malignant neoplasm of trigone of bladder,57.0--Transurethral clearance of bladder
11526,153,659e05d348f4ebf050072c75,tumor colon dx ganas,tumor,C18.2--Malignant neoplasm of ascending colon,54.59--Other lysis of peritoneal adhesions
20063,11666,674a7774fcaeb5a0c3030815,Germ Cell Tumor Colon,tumor,Z51.5--Palliative care,"90.59--Microscopic examination of blood, Other microscopic examination"
13733,3344,661af3474dce2071580471a4,tumor hepar susp ganas,tumor,D13.4--Benign neoplasm of liver,54.91--Percutaneous abdominal drainage
17488,8311,66ce75ba6f226dcb6d0f1fb5,Tumor tiroid dekstra susp maligna dengan metastasis os kalvaria,tumor,C73 -- Malignant neoplasm of thyroid gland,06.4 -- Complete thyroidectomy
20278,11943,67526b1198e1cb15ad0e333b,Tumor a/r genue sinistra,tumor,D48.7--Neoplasm of uncertain or unknown behavior of other specified sites,86.3--Other local excision or destruction of lesion or tissue of skin and subcutaneous tissue
20101,11711,674c502d05af8dbb6e05a9f5,colic abdomen ec tumor buli,tumor,Z03.1--Observation for suspected malignant neoplasm,"87.44--Routine chest x-ray, so described"
17365,8154,66c6d1aeffbcab422f03dbd1,Tumor uretra,tumor,D30.4 -- Benign neoplasm of urethra,56.33 -- Closed endoscopic biopsy of ureter
14449,4294,663994bc342b2d64920b31f8,tumor hepar c ganas,tumor,"D37.6 -- Neoplasm of uncertain or unknown behavior of liver, gallbladder and bile ducts",54.19 -- Other laparotomy
14480,4336,663ac69e4790179442044b11,Tumor submandibula sinistra benigna dd susp maligna,tumor,D11.7 -- Benign neoplasm of other major salivary glands,26.31 -- Partial sialoadenectomy
13010,2378,65f3ce94efff19c9e60d75ad,tumor colon dx ganas T4N1Mx,tumor,C18.3--Malignant neoplasm of hepatic flexure,45.25--Closed (endoscopic) biopsy of large intestine
17162,7892,66bc2b55a062b47af507b6cd,tumor prosta,tumor,D29.1--Benign neoplasm of prostate,"90.59 -- Microscopic examination of blood, Other microscopic examination"
16221,6672,668e1f3e236dfdeef70d8bbf,tumor ganas cbd distal,tumor,"C24.9--Malignant neoplasm of biliary tract, unspecified",51.22--Cholecystectomy
17063,7777,66b9714c9b467934de0d588f,tumor gaster,tumor,D37.1--Neoplasm of uncertain or unknown behavior of stomach,44.14--Closed biopsy of stomach (endoscopic)
14530,4404,663dddcd5ceee6bf9a01a723,Tumor a/r colid dx,tumor,"D21.0 -- Other benign neoplasm of connective and other soft tissue of head, face and neck","40.41 -- Radical neck dissection, unilateral"
14555,4434,663ee1d9b7be9df72305fa08,tumor ginjal sinistra,tumor,D30.0 -- Benign neoplasm of kidney,55.51 -- Nephroureterectomy
16867,7526,66ac9da8bc5ab83d0f053cc6,giant cell tumor,tumor,"K10.1--Giant cell granuloma, central",34.91--Thoracentesis
14443,4283,66389fc33c4e42c3ab0e63e2,tumor ar mandibula sn,tumor,D16.4 -- Benign neoplasm of bones of skull and face,
16210,6656,668e032cf87ed9be4801dac1,Tumor testis kiri susp malignant,tumor,D40.1--Neoplasm of uncertain or unknown behavior of testis,62.2 -- Excision or destruction of testicular lesion
16055,6443,6684c0990b9b1a045b095642,tumor sigmoid ganas metastasis hepar,tumor,C18.7 -- Malignant neoplasm of sigmoid colon,99.07 -- Transfusion of other serum
16207,6652,668dfae8a85c80c83d09bb10,tumor buli,tumor,D30.3 -- Benign neoplasm of bladder,57.49 -- Other transurethral excision or destruction of lesion or tissue of bladder
12399,1512,65d5a8559e12e973020366e6,Tumor jaringan keras ar mandibula dekstra susp maligna,tumor,"D16.9--Benign neoplasm of bone and articular cartilage, unspecified",76.11 -- Biopsy of facial bone
15512,5716,66693818d08705defd0a1a0f,tumor caecum c ganas,tumor,C18.0 -- Malignant neoplasm of caecum,45.23 -- Colonoscopy
13075,2470,65f7bc08d18309cb8900fdd9,Peritonitis generalisata ec perforasi tumor colon dextra,tumor,"D12.6--Benign neoplasm of colon, unspecified",96.71--Continuous invasive mechanical ventilation for less than 96 consecutive hours
15458,5645,66667b0041a97d5faa0b17e2,tumor sublingual,tumor,C08.1 -- Malignant neoplasm of sublingual gland,25.1 -- Excision or destruction of lesion or tissue of tongue
15457,5643,6666772c9c9c7bb64d07fc2c,tumor colli ganas,tumor,"C49.0 -- Malignant neoplasm of connective and soft tissue of head, face and neck",86.3 -- Other local excision or destruction of lesion or tissue of skin and subcutaneous tissue
13577,3138,660de680d90d9182d00f6d33,"Tumor ar mandibula sinistra susp. odontogenic myxoma, osteoma terinfeksi",tumor,D16.5--Benign neoplasm of lower jaw bone,83.21 -- Biopsy of soft tissue
15442,5623,666637c752c07945010ed367,tumor calcaneus sinistra,tumor,"D21.2 -- Other benign neoplasm of connective and other soft tissue of lower limb, including hip",86.3 -- Other local excision or destruction of lesion or tissue of skin and subcutaneous tissue
11464,40,6597640372895ff72302d9ab,"Tumor Intra Abdomen ec Susp Lymphoma Maligna  (Unresctable), DD: GIST",tumor,"C85.9--Non-Hodgkin's lymphoma, unspecified type",54.11--Exploratory laparotomy
15440,5621,66662ff6439235c4710cc443,tumor lidah sp maligna dengan infiltrasi pangkal lidah dan faring,tumor,D36.9--Benign neoplasm of unspecified site,25.1--Excision or destruction of lesion or tissue of tongue
15409,5581,6662a6a3d4c2681b720145b4,tumor metastase temporal sn,tumor,C79.3--Secondary malignant neoplasm of brain and cerebral meninges,01.25--Other craniectomy
15389,5551,666275de6337e6e39b08199d,tumor laring glotis,tumor,D14.1--Benign neoplasm of larynx,
12426,1558,65d6ed21b9ec8aa6b506f6df,tumor coli,tumor,"D21.0--Other benign neoplasm of connective and other soft tissue of head, face and neck","40.41--Radical neck dissection, unilateral"
15332,5470,665fefa8d182cffe590d845d,Tumor Maxilla,tumor,D16.4--Benign neoplasm of bones of skull and face,"90.59--Microscopic examination of blood, Other microscopic examination"
15287,5409,665e95935dacb0de9a0d264a,tumor buli,tumor,D41.4--Neoplasm of uncertain or unknown behavior of bladder,57.33--Closed [transurethral] biopsy of bladder
15258,5360,665d5626e0337e34bb0fdbc9,tumor mediastimun,tumor,D15.2 -- Benign neoplasm of mediastinum,87.41 -- Computerized axial tomography of thorax
15233,5331,665d2ed9f2a9bae003095601,Tumor parotid dx,tumor,D11.0 -- Benign neoplasm of parotid gland,26.32 -- Complete sialoadenectomy
21146,13073,677b6b424b3cacc7210879dc,tumor hepar dd tumor metas hepar,tumor,"C22.9--Malignant neoplasm of liver, unspecified",45.13--Other endoscopy of small intestine
15009,5035,66515fa2e5a101d59807e4ef,tumor  gaster ganas,tumor,"C16.9--Malignant neoplasm of stomach, unspecified",44.15--Open biopsy of stomach
12511,1691,65dd3006af08a4207400a191,tumor ginjal,tumor,D30.0--Benign neoplasm of kidney,88.01 -- Computerized axial tomography of abdomen
12519,1703,65dd46057cfee4f3980deea9,tumor colon ddx ganas,tumor,"C18.9--Malignant neoplasm of colon, unspecified",54.59--Other lysis of peritoneal adhesions
12529,1717,65dd5f1639ad1092510ad893,tumor anus c/ ganas,tumor,"C21.0--Malignant neoplasm of anus, unspecified",49.23--Biopsy of anus
21176,13108,67847538ac48c71ce60b6de3,Peritonitis difuse ec perforasi tumor sekum,tumor,K65.0--Acute peritonitis,45.62--Other partial resection of small intestine
15109,5166,6656774e2aa2dc3b580deb85,Tumor jaringan lunak susp maligna ar retroperitoneal dd limfoma maligna,tumor,D48.3--Neoplasm of uncertain or unknown behavior of retroperitoneum,54.24--Closed [percutaneous] [needle] biopsy of intra-abdominal mass
15562,5779,666bd57ee555e16ee504b993,tumor dinding abdomen (clear cell ca),tumor,C78.8--Secondary malignant neoplasm of other and unspecified digestive organs,"90.59 -- Microscopic examination of blood, Other microscopic examination"
20841,12679,676a5a3b933ce21a8c0d79c4,tumor perianal,tumor,"D12--Benign neoplasm of colon, rectum, anus and anal canal",86.4--Radical excision of skin lesion
20833,12668,676a3ae49a1c4462530e0662,Tumor sinonasal kiri,tumor,"D14.0--Benign neoplasm of middle ear, nasal cavity and accessory sinuses",21.22 -- Biopsy of nose
12398,1511,65d59fffaa9ba15ec5082b1f,tumor duodenal jinak,tumor,D13.2--Benign neoplasm of duodenum,99.04 -- Transfusion of packed cells
20564,12310,675fb7a6ef49c08d9f021d20,Skull tumor pariertal dextra,tumor,C41.0--Malignant neoplasm of bones of skull and face,01.24--Other craniotomy
13447,2970,66078305f7c7065610027c06,tumor buli,tumor,D30.3--Benign neoplasm of bladder,96.71--Continuous invasive mechanical ventilation for less than 96 consecutive hours
12626,1849,65e16886d1ac087f870ace33,anemia ec tumor,tumor,D63--Anaemia in chronic diseases classified elsewhere,86.69--Other skin graft to other sites
16101,6509,668633a9661083163507be5f,Tumor kulit susp maligna ar anterior tragus sinistra,tumor,C43.2--Malignant melanoma of ear and external auricular canal,86.11 -- Biopsy of skin and subcutaneous tissue
11910,777,65b9993e334d880a8c0e31d4,Tumort tiroid bilateral dengan metastasis KGB coli sinistra,tumor,,
14813,4778,6647102f197067ba3e0d50da,tumor buli,tumor,D41.4 -- Neoplasm of uncertain or unknown behavior of bladder,57.32 -- Other cystoscopy
13645,3233,660f98168a19979a330b113c,dd/ tumor mediastinal susp mediastinal lymphoma,tumor,D15.2--Benign neoplasm of mediastinum,87.41 -- Computerized axial tomography of thorax
13154,2581,65fa641a7120be73d5081555,Limfadenopati ar submandibula dekstra ec susp limfoma maligna dd metastasis tumor jaringan keras,tumor,"C77.0--Secondary and unspecified malignant neoplasm of lymph nodes of head, face and neck",40.11--Biopsy of lymphatic structure
14818,4785,6648269d6e13bf0f5b0010e5,tumor pedis dextra,tumor,"D21.2--Other benign neoplasm of connective and other soft tissue of lower limb, including hip",86.3--Other local excision or destruction of lesion or tissue of skin and subcutaneous tissue
11478,63,6598c9e2bec725cf62040303,tumor duodenal ganas,tumor,"C17.9 -- Malignant neoplasm of small intestine, unspecified",99.15 -- Parenteral infusion of concentrated nutritional substances
15954,6309,667f7f72f8d8b2d91a04523f,tumor caput pancreas ( meta hepar),tumor,D13.6--Benign neoplasm of pancreas,52.12--Open biopsy of pancreas
11489,85,659b592530b9d3f8f300c488,tumor inguinal,tumor,"D47.9 -- Neoplasm of uncertain or unknown behaviour of lymphoid, haematopoietic and related tissue, unspecified",
15824,6131,667a1e6c257b305c480a469d,tumor lidah c/ ganas,tumor,"C02.9--Malignant neoplasm of tongue, unspecified",23.09--Extraction of other tooth
20732,12524,67665930cee1c2e7c3055e05,Tumor a/r infra auricula dextra,tumor,D23.2--Other benign neoplasm of skin of ear and external auricular canal,86.3 -- Other local excision or destruction of lesion or tissue of skin and subcutaneous tissue
15770,6064,66776ec96b0c9d28af091863,tumor adrenal,tumor,D35.0--Benign neoplasm of adrenal gland,99.04--Transfusion of packed cells
15764,6057,6676541c5ed9c1d0d10830c6,tumor hepar metastasis paru,tumor,C22.0 -- Liver cell carcinoma,96.71 -- Continuous invasive mechanical ventilation for less than 96 consecutive hours
15736,6014,667507d94a468589cf0e50ab,tumor tonsil kanan,tumor,D10.4--Benign neoplasm of tonsil,28.2--Tonsillectomy without adenoidectomy
15731,6007,6675015c13d07fb1f40db7b3,tumor hepar lobus sinistra ganas st. lanjut (,tumor,C22.0--Liver cell carcinoma,50.12--Open biopsy of liver
14915,4921,664d5348ca113c47df0e70ca,multiple tumor a/r abdomen,tumor,D21.4 -- Other benign neoplasm of connective and other soft tissue of abdomen,86.3 -- Other local excision or destruction of lesion or tissue of skin and subcutaneous tissue
15705,5973,6673acedcf76cabe8505156c,tumor adrenal,tumor,D35.0 -- Benign neoplasm of adrenal gland,
12371,1474,65d56574b5102dca5200af3b,tumor pankreas c/ ganas,tumor,"C25.9--Malignant neoplasm of pancreas, unspecified",99.04--Transfusion of packed cells
15651,5896,667247f06d0addaacc05fbdc,"Tumor Intra Abdomen ec Susp Lymphoma Maligna Susp Carcinomatosis Cavum Abdomen,",tumor,D37.7--Neoplasm of uncertain or unknown behavior of other digestive organs,54.11 -- Exploratory laparotomy
15596,5829,666d104354ba16bbdb07f6cb,tumor kulit pipi,tumor,D23.3--Other benign neoplasm of skin of other and unspecified parts of face,86.3--Other local excision or destruction of lesion or tissue of skin and subcutaneous tissue
15570,5794,666bf658bd16ad7699022469,tumor intra abdomen,tumor,D48.7 -- Neoplasm of uncertain or unknown behavior of other specified sites,"90.59 -- Microscopic examination of blood, Other microscopic examination"
15804,6104,6678f92e735ea2a0170e2f98,tumor hepar,tumor,D13.4 -- Benign neoplasm of liver,88.76 -- Diagnostic ultrasound of abdomen and retroperitoneum
17741,8665,66db042884f27ef9800b7547,hematuria ec susp tumor buli,tumor,Z03.1 -- Observation for suspected malignant neoplasm,99.04--Transfusion of packed cells
17570,8432,66d2a89af6d8c106b0026fd0,tumor ar mandibula anterior suspect benign dd/Ameloblastoma,tumor,D10.2--Benign neoplasm of floor of mouth,83.21--Biopsy of soft tissue
18338,9429,66f93b5058d259343a0fdac6,Tumor ar shoulder sinistra,tumor,"D21.1 -- Other benign neoplasm of connective and other soft tissue of upper limb, including shoulder",86.3 -- Other local excision or destruction of lesion or tissue of skin and subcutaneous tissue
18400,9518,66fcc063f975703566061c14,tumor laring,tumor,D38.0 -- Neoplasm of uncertain or unknown behavior of larynx,31.43--Closed (endoscopic) biopsy of larynx
19460,10887,67301aebe49e7dbeeb0ce38d,tumor corpus pankreas infiltrasi jejenum,tumor,C25.1--Malignant neoplasm of body of pancreas,45.15--Open biopsy of small intestine
14148,3882,662af27ed33c05052e0ebdd3,tumor ginjal dekstra T4N1 Mo,tumor,"C68.9--Malignant neoplasm of urinary organ, unspecified",55.24--Open biopsy of kidney
18347,9440,66fa12f7901b5019ee0532cf,tumor sigmoid c ganasn T4b buli N1Mx,tumor,"D12.6 -- Benign neoplasm of colon, unspecified",45.25--Closed (endoscopic) biopsy of large intestine
18344,9437,66fa07378b06fa958a081429,"Tumor Intra Abdomen ec Susp Lymphoma Maligna,",tumor,C76.2 -- Malignant neoplasm of abdomen,54.24--Closed [percutaneous] [needle] biopsy of intra-abdominal mass
19928,11494,67452d0f88407f0e98008026,Tumor Intracerebri parietal sinistra,tumor,C71.3--Malignant neoplasm of parietal lobe,01.24 -- Other craniotomy
14166,3907,662b47cf2e41bcf9c50811a9,Tumor mediastinum,tumor,D38.3--Neoplasm of uncertain or unknown behavior of mediastinum,87.41--Computerized axial tomography of thorax
18302,9382,66f6093b101c0b44d30c5f6a,tumor ileum ganas,tumor,C17.2 -- Malignant neoplasm of ileum,---Belum di Isi
19544,10995,67333a51c4ca0fbe930d89c0,tumor caecum,tumor,D12.0--Benign neoplasm of caecum,45.25--Closed (endoscopic) biopsy of large intestine
18266,9342,66f4d5c85dc9a2b3a5018a08,tumor humerus sinistra,tumor,D16.0 -- Benign neoplasm of scapula and long bones of upper limb,27.32 -- Wide excision or destruction of lesion or tissue of bony palate
19572,11040,6734b88151d849022f0557b5,Obs. Dispnea ec. efusi masif dd/ tumor paru,tumor,J91--Pleural effusion in conditions classified elsewhere,34.91--Thoracentesis
18248,9318,66f4b3af5413aa63010500f0,tumor thorax sin et axilla dextra,tumor,D21.3 -- Other benign neoplasm of connective and other soft tissue of thorax Axilla,86.4 -- Radical excision of skin lesion
12956,2302,65f27ac6bab499912c01775c,tumor intra abdomen,tumor,D21.4--Other benign neoplasm of connective and other soft tissue of abdomen,99.04--Transfusion of packed cells
13810,3442,661f3863a30bf09212088729,tumor abdomen flank dextra  susp. ganas,tumor,C76.2--Malignant neoplasm of abdomen,54.11--Exploratory laparotomy
11824,652,65b44931eebcce0a060808fb,Tumor ar mandibula sinistra susp. benign dd Ameloblastoma,tumor,D10.3--Benign neoplasm of other and unspecified parts of mouth,83.21--Biopsy of soft tissue
18196,9249,66f2491de65fa8e0b606c169,giant cell tumor of bone,tumor,D48.0 -- Neoplasm of uncertain or unknown behavior of bone and articular cartilage,
18186,9232,66f21b6d061432cebd022d62,Tumor extradura C3,tumor,D33.4 -- Benign neoplasm of spinal cord,03.4--Excision or destruction of lesion of spinal cord or spinal meninges
19441,10863,672ebdd14b7d14b5fb0febb1,tumor kulit maligna ar abdomen,tumor,C44.5--Malignant neoplasm of skin of trunk,86.11 -- Biopsy of skin and subcutaneous tissue
12837,2133,65ea98ae36cd915031060920,tumor parotis dextra,tumor,D11.0--Benign neoplasm of parotid gland,26.31--Partial sialoadenectomy
18475,9617,66ff8447de2a36a16d067ab6,tumor esofageal junction ganas,tumor,"C15.9 -- Malignant neoplasm of oesophagus, unspecified",42.25--Open biopsy of esophagus
18491,9637,670095a3b62d9206790ff367,Tumor rongga mulut sinistra susp maligna,tumor,"C06.9 -- Malignant neoplasm of mouth, unspecified","27.24 -- Biopsy of mouth, unspecified structure"
12908,2235,65f142e504d6ba95340fbcca,tumor rektum 1/3 distal  T4bM0Nx,tumor,C20--Malignant neoplasm of rectum,45.25--Closed (endoscopic) biopsy of large intestine
11663,393,65a9e6c1111505eb4c0e7bb3,Stenosis Common Bile Duct ec Susp Tumor Ampula Vaterii,tumor,K83.1--Obstruction of bile duct,54.11--Exploratory laparotomy
19165,10495,671f8ea3cb27f21b970550a2,tumor intrakranial,tumor,"D43.2--Neoplasm of uncertain or unknown behavior of brain, unspecified",87.03--Computerized axial tomography of head
13303,2787,66010800afd528bf8d0c5d7f,Bile duct tumor  ganas hilus T4N1 Mx,tumor,D13.5--Benign neoplasm of extrahepatic bile ducts,51.85--Endoscopic sphincterotomy and papillotomy
12895,2218,65f130a3aff1d5e12904d35d,tumor testis dextra,tumor,D29.2 -- Benign neoplasm of testis,62.2 -- Excision or destruction of testicular lesion
18710,9921,6709d44e67f9c25ae8092e4a,Tumor ginjal kananpT4N1M1(hepar),tumor,"C64 -- Malignant neoplasm of kidney, except renal pelvis","40.50--Radical excision of lymph nodes, not otherwise specified"
19264,10622,67231d82abfd5e3c2e04005c,multiple tumor a.r toraks anterior et antebrachii sinistra,tumor,D21.3--Other benign neoplasm of connective and other soft tissue of thorax Axilla,86.3--Other local excision or destruction of lesion or tissue of skin and subcutaneous tissue
11643,356,65a8932498bb150daa082863,tumor inguinal sn,tumor,D21.5--Other benign neoplasm of connective and other soft tissue of pelvis,86.4--Radical excision of skin lesion
18176,9222,66f11ab8cb832ede8207cd1b,tumor coli dextra,tumor,D36.7 -- Benign neoplasm of other specified sites,83.49--Other excision of soft tissue
19274,10634,67242c362664d36da104c92e,"multiple tumor a/r ekstremitas superior sinistra, truncal sinistra et thorax sinistra",tumor,"D21.9--Other benign neoplasm of connective and other soft tissue, unspecified",83.39 -- Excision of lesion of other soft tissue
18627,9805,6705ede0950d6b5b9d0d40b3,Soft tissue tumor ar labii inferior suspect benign,tumor,D10.0 -- Benign neoplasm of lip,"39.98--Control Of Hemorrhage, Not Otherwise Specified"
14083,3800,66285d3f784fef90680dbaed,Tumor hepar curiga Ganas,tumor,"D37.6--Neoplasm of uncertain or unknown behavior of liver, gallbladder and bile ducts","90.59--Microscopic examination of blood, Other microscopic examination"
12863,2165,65eef2b69dbceb860307d182,Tumor buli,tumor,C67--Malignant neoplasm of bladder,57.0--Transurethral clearance of bladder
18559,9715,6703dc1d4ab2e2406505f772,multipe tumor ar palpebra superior dextra,tumor,"D23.1 -- Other benign neoplasm of skin of eyelid, including canthus",86.3 -- Other local excision or destruction of lesion or tissue of skin and subcutaneous tissue
13273,2746,65fe60096501ca88910058ee,tumor cerebri parietooksipital,tumor,"D33.2--Benign neoplasm of brain, unspecified",
18533,9685,67035b6fc1b976774700e082,Skull tumor metastasis reg frontal,tumor,C79.5 -- Secondary malignant neoplasm of bone and bone marrow,01.25--Other craniectomy
18526,9676,670342760d7c339e5c0fc142,tumor caput pankreas,tumor,D13.6 -- Benign neoplasm of pancreas,"87.44--Routine chest x-ray, so described"
13305,2789,66010a3abdd72dd537004e32,Tumor colon,tumor,C18--Malignant neoplasm of colon,99.07--Transfusion of other serum
18693,9900,6708adb600c75f47640ffd60,tumor rectum ganas T4bN1Mx,tumor,C20 -- Malignant neoplasm of rectum,99.15--Parenteral infusion of concentrated nutritional substances
11840,675,65b4878a768176fcbd054017,tumor duodenal ganas,tumor,C17.0--Malignant neoplasm of duodenum,44.31--High gastric bypass
18009,9018,66ea525b128542b6ce0c5d00,Tumor colon sinistra c ganas,tumor,"C18.9 -- Malignant neoplasm of colon, unspecified",45.23--Colonoscopy
12811,2105,65e9697d321e6c6f1b0cd359,tumor e/r punggung,tumor,D36.7--Benign neoplasm of other specified sites,86.3--Other local excision or destruction of lesion or tissue of skin and subcutaneous tissue
17977,8973,66e9075068e7562de3038709,Tumor ar palatum susp. malignant,tumor,"C05.9 -- Malignant neoplasm of palate, unspecified",27.21--Biopsy of bony palate
18149,9189,66f0d746b2346341510178a1,tumor parotis,tumor,"D37.0 -- Neoplasm of uncertain or unknown behavior of lip, oral cavity and pharynx",31.42--Laryngoscopy and other tracheoscopy
18044,9060,66eb85c9852a203e5a02d60e,brain tumor,tumor,"D43.9 -- Neoplasm of uncertain or unknown behavior of central nervous system, unspecified",---Belum di Isi
11863,712,65b71917d6b56daa14027652,tumor peritoneal ganas c mesothelioma,tumor,"C48.2--Malignant neoplasm of peritoneum, unspecified",54.19--Other laparotomy
17870,8826,66e13390745c21be2808bd4e,gross hematuria ec Tumor buli + batu ginjal kanan + Hidronefrosis sinistra,tumor,R31 -- Unspecified haematuria,"90.59 -- Microscopic examination of blood, Other microscopic examination"
17852,8802,66e0e6e79c5dccf6190d0c41,Tumor buli,tumor,C67 -- Malignant neoplasm of bladder,99.04 -- Transfusion of packed cells
11534,168,659f494baececbe6cb002094,tumor paru,tumor,D14.3 -- Benign neoplasm of bronchus and lung,87.41 -- Computerized axial tomography of thorax
11580,248,65a1f9203108b197b00315ce,tumor a/r humerus dx,tumor,"D21.1--Other benign neoplasm of connective and other soft tissue of upper limb, including shoulder",86.3--Other local excision or destruction of lesion or tissue of skin and subcutaneous tissue
14256,4031,663055317068331471000673,Tumor paru kiri,tumor,"C34.9--Malignant neoplasm of bronchus or lung, unspecified",34.91 -- Thoracentesis
11858,705,65b70f50d6b56daa1402763c,tumor a/r ocipital,tumor,D48.1--Neoplasm of uncertain or unknown behavior of connective and other soft tissue,86.3--Other local excision or destruction of lesion or tissue of skin and subcutaneous tissue
13370,2872,6603952ff1ea2aba4d0441fd,tumor caecum c/ ganas T4N1 Mx,tumor,C18.0--Malignant neoplasm of caecum,45.25--Closed (endoscopic) biopsy of large intestine
11855,700,65b6f51eb1d308a4a30d383a,Tumor saubmandibula dekstra susp maligna,tumor,"C49.0--Malignant neoplasm of connective and soft tissue of head, face and neck",26.32 -- Complete sialoadenectomy
11583,253,65a205ed3e9420475105653b,tumor colon ganas,tumor,C18.4--Malignant neoplasm of transverse colon,45.25--Closed (endoscopic) biopsy of large intestine
17836,8783,66dfead827b76834610195aa,tumor colon sinistra flexura lienalis,tumor,C18.5 -- Malignant neoplasm of splenic flexure,45.23--Colonoscopy
18102,9138,66ee30b6fcf160d6f30e064d,Multiple tumor truncal et hand dextra,tumor,D36.9 -- Benign neoplasm of unspecified site,86.4 -- Radical excision of skin lesion
13237,2698,65fcfd25c0cd8752f6090ee1,benign bone tumor hand,tumor,D16.1--Benign neoplasm of short bones of upper limb,77.64 -- Local excision of lesion or tissue of carpals and metacarpals
18103,9139,66ee320e48a52d4e850cef27,tumor rektum,tumor,D37.5 -- Neoplasm of uncertain or unknown behavior of rectum,99.18 -- Injection or infusion of electrolytes
11849,686,65b49f4d30db7c0e0c056d36,Tumor tiroid,tumor,D34--Benign neoplasm of thyroid gland,
17784,8721,66de62732e97a448ee0af5ad,tumor colon dx,tumor,C18.2 -- Malignant neoplasm of ascending colon,45.73--Open and other Right hemicolectomy
18079,9111,66eceb9ef3624caa15048ed4,ulkus dm pedis dextra,ulkus diabetikum,E10.5 -- Insulin-dependent diabetes mellitus with peripheral circulatory complications,"90.59 -- Microscopic examination of blood, Other microscopic examination"
16317,6792,6691ef90f406f72cd30e5862,ulkus diabetic foot,ulkus diabetikum,E14.5 -- Unspecified diabetes mellitus with peripheral circulatory complications,"86.22 -- Excisional debridement of wound, infection, or burn"
11613,303,65a4b2fe1b6de9d7dd0e7ab6,DM dengan Ulkus Diabetika Pedis sinistra,ulkus diabetikum,E11.5--Non-insulin-dependent diabetes mellitus with peripheral circulatory complications,"86.22--Excisional debridement of wound, infection, or burn"
13317,2804,66021d8ea71ec002440ebd1c,ulkus DM a/r plantar pedis sinistra,ulkus diabetikum,E11.5 -- Non-insulin-dependent diabetes mellitus with peripheral circulatory complications,"86.22 -- Excisional debridement of wound, infection, or burn"
15317,5447,665fdb75fc4ff24c650232f4,Ulkus DM a/r pedis sinistra,ulkus diabetikum,E14.5--Unspecified diabetes mellitus with peripheral circulatory complications,"86.22 -- Excisional debridement of wound, infection, or burn"
12170,1158,65cae0f2b26b0843670b9f17,DM tipe 2 + ulkus diabetikum,ulkus diabetikum,E10.5--Insulin-dependent diabetes mellitus with peripheral circulatory complications,"86.22--Excisional debridement of wound, infection, or burn"
13848,3494,66207743d12c5eaea803b8bc,ulkus gangren a/r pedis,ulkus gangrene,"L02.4--Cutaneous abscess, furuncle and carbuncle of limb","86.22--Excisional debridement of wound, infection, or burn"
18644,9829,670636e469e2c7b34e076da4,ulkus gangren pedis sinistra terinfeksi,ulkus gangrene,"L97 -- Ulcer of lower limb, not elsewhere classified","86.22 -- Excisional debridement of wound, infection, or burn"
11774,580,65b1d94922b37c5083050cd7,ulcus ganrene diabetic pedis  dx + DM,ulkus gangrene,E14.5--Unspecified diabetes mellitus with peripheral circulatory complications,"86.22--Excisional debridement of wound, infection, or burn"
18624,9802,6705eae8c3798817700218d7,Ulkus gangren pedis dextra,ulkus gangrene,E14.5 -- Unspecified diabetes mellitus with peripheral circulatory complications,"86.22--Excisional debridement of wound, infection, or burn"
18544,9698,67037f450c1a8be30b0ce037,ulkus gangrene pedis sinistra,ulkus gangrene,E11.5 -- Non-insulin-dependent diabetes mellitus with peripheral circulatory complications,"86.22 -- Excisional debridement of wound, infection, or burn"
18882,10129,6711e0f36ec2fa39070cb243,ulkus gangrene pedis dextra terinfeksi,ulkus gangrene,"R02 -- Gangrene, not elsewhere classified","86.22 -- Excisional debridement of wound, infection, or burn"
14486,4345,663ae96964497a2e5305e052,ulcus gangrene pedis dx + DM,ulkus gangrene,E11.5--Non-insulin-dependent diabetes mellitus with peripheral circulatory complications,"86.22--Excisional debridement of wound, infection, or burn"
11708,479,65adc4e81a9da17aa504da43,ulcus gangrene a/r heel pedis sn,ulkus gangrene,"R02--Gangrene, not elsewhere classified","86.22--Excisional debridement of wound, infection, or burn"
19054,10346,6719ae8c1d431b8acc0da728,"ulkus nekrotik ekstremitas superior, inferior et  scrotum",ulkus nekrotik,"R02--Gangrene, not elsewhere classified","86.22--Excisional debridement of wound, infection, or burn"
20776,12585,6768e157f71dbd45b00ba04c,ulkus nekrotik cruris dx,ulkus nekrotik,"L02.9--Cutaneous abscess, furuncle and carbuncle, unspecified","86.22--Excisional debridement of wound, infection, or burn"
19103,10415,671c5df4ebdd9e686a0ee149,ulkus nekrotik gluteus bilateral terinfeksi,ulkus nekrotik,"L98.4--Chronic ulcer of skin, not elsewhere classified","86.22--Excisional debridement of wound, infection, or burn"
15881,6201,667b99fc01a9b6fcfa0abff2,ulkus nekrotik DM pedis bilateral terinfeksi phlegmon,ulkus nekrotik,E11.5--Non-insulin-dependent diabetes mellitus with peripheral circulatory complications,83.14--Fasciotomy
19053,10345,6719acf9592213aec207e28b,ulkus nekrotik pedis dextra terinfeksi,ulkus nekrotik,"L97--Ulcer of lower limb, not elsewhere classified","86.22--Excisional debridement of wound, infection, or burn"
20154,11777,674d5b955f739382500a12c8,ulkus nekrotik digiti I pedis dextra terinfeksi,ulkus nekrotik,"L02.4--Cutaneous abscess, furuncle and carbuncle of limb","86.22--Excisional debridement of wound, infection, or burn"
14759,4710,66459c1d99165958aa0c7fed,ulkus nekrotik DM pedis sinistra,ulkus nekrotik,E14.5--Unspecified diabetes mellitus with peripheral circulatory complications,"84.10--Lower limb amputation, not otherwise specified"
16318,6793,6691f66253ddf8350f090c86,Ulkus nekrotik  pedis dextra terinfeksi phlegmon,ulkus nekrotik,E11.5 -- Non-insulin-dependent diabetes mellitus with peripheral circulatory complications,83.14--Fasciotomy
12387,1494,65d57732a78c1da3c300a3b6,ulkus pedis sin,ulkus pedis,"L97--Ulcer of lower limb, not elsewhere classified","86.22--Excisional debridement of wound, infection, or burn"
11825,653,65b4496271b4c3b4d504370f,"ulkus pedis, DM tipe 2",ulkus pedis,E11.5--Non-insulin-dependent diabetes mellitus with peripheral circulatory complications,"86.22--Excisional debridement of wound, infection, or burn"
16750,7379,66a9ae8397bb0caf4c0e80b5,ulkus pedis sin,ulkus pedis,"L98.4--Chronic ulcer of skin, not elsewhere classified","86.22--Excisional debridement of wound, infection, or burn"
13099,2498,65f7d54c7b6df8f3c00faf67,Ulkus pedis,ulkus pedis,E14.5--Unspecified diabetes mellitus with peripheral circulatory complications,"86.22--Excisional debridement of wound, infection, or burn"
17799,8738,66de84ab3d642b309c00c500,ulkus pedis dm,ulkus pedis,E11.5 -- Non-insulin-dependent diabetes mellitus with peripheral circulatory complications,"86.22--Excisional debridement of wound, infection, or burn"
14715,4641,66431d56b8952a34100a811a,ulkus pedis bilateral terinfeksi,ulkus pedis,E14.5 -- Unspecified diabetes mellitus with peripheral circulatory complications,"86.22 -- Excisional debridement of wound, infection, or burn"
11666,397,65a9ec5fe8057bfa4f0cf8c4,UDT Biletral,undescended testis,"Q53.2--Undescended testicle, bilateral",
18857,10100,6711aaa3a1a059249901545f,UDT dextra,undescended testis,"Q53.1 -- Undescended testicle, unilateral",62.5 -- Orchiopexy
14016,3706,6625d2f8b999c8a3ec0c3ebc,UDT kiri,undescended testis,"Q53.1--Undescended testicle, unilateral",62.5--Orchiopexy
17939,8910,66e4ebcdfb0822d7da0b48b2,UDT sinistra,undescended testis,"Q53.9 -- Undescended testicle, unspecified",62.5 -- Orchiopexy
18301,9380,66f603c9c2373fb5ec0bd9e9,UDT bilateral,undescended testis,"Q53.2 -- Undescended testicle, bilateral",62.5 -- Orchiopexy
21041,12940,6774cba18bc0be0bca01afd6,UDT palpable sinistra,undescended testis,Q53--Undescended testicle,62.5--Orchiopexy
18356,9452,66fa3b6eae8be33a4802a05d,UDT sinistra,undescended testis,"N45.9 -- Orchitis, epididymitis and epididymo-orchitis without abscess",62.5 -- Orchiopexy
11997,909,65bdc24189d7caca2308fbd7,UDT dextra,undescended testis,"Q53.9--Undescended testicle, unspecified",62.5--Orchiopexy
15720,5991,6674c9fbbcf425c0cc0eca12,unidentified snake bite a/r pedis dextra,unidentified snake bite,T63.0 -- Toxic effect of snake venom,93.54 -- Application of splint
15782,6079,6678db1dfbb8db38870c2567,Unidentified snake bite a/r pedis sinistra,unidentified snake bite,T63.0--Toxic effect of snake venom,99.16--Injection of antidote
13283,2763,6600db07b9dd8232460b4310,varicocele bilateral,varicocle,I86.1 -- Scrotal varices,63.1 -- Excision of varicocele and hydrocele of spermatic cord
11476,61,6598bd7f838ba2dcc30263c4,varicocle bilateral,varicocle,I86.1--Scrotal varices,63.1--Excision of varicocele and hydrocele of spermatic cord
18522,9672,67033d0afa7dc7362107d883,VARIKOKEL BILATERAL,varicocle,I86.8 -- Varicose veins of other specified sites,"38.50--Ligation and stripping of varicose veins, unspecified site"
20461,12182,675b8c1db9f9e63fd30bde37,varikokel bilateral,varicocle,I86--Varicose veins of other sites,63.1--Excision of varicocele and hydrocele of spermatic cord
19857,11403,674159907cf458033606edb7,varises esofagus gr 3,varises,I85.9--Oesophageal varices without bleeding,42.91--Ligation of esophageal varices
12663,1922,65e52f1278849739840c0fa2,varices esofagus,varises,I85.0--Oesophageal varices with bleeding,42.23--Other esophagoscopy
17079,7794,66b9902bdb5b85d3450033a1,varises esofagus,varises,I85.9 -- Oesophageal varices without bleeding,89.52--Electrocardiogram
18396,9513,66fcb51d719251763e0eb525,varises truncal sin,varises,I86.8 -- Varicose veins of other specified sites,"38.59 -- Ligation and stripping of varicose veins ,lower limb varicose veins"
17748,8673,66db91a76c28662505060294,Vertigo,vertigo,H81.1 -- Benign paroxysmal vertigo,87.03 -- Computerized axial tomography of head
15232,5330,665d2d6c83b5f2ee6b0b65fa,vertigo sentral,vertigo,H81.4 -- Vertigo of central origin,
19577,11046,67354db1553f3e289403ca49,vertigo,vertigo,H81.3--Other peripheral vertigo,"87.44--Routine chest x-ray, so described"
12286,1335,65d2a6a922b5f64b9f06eb2a,vertigo,vertigo,H81.1--Benign paroxysmal vertigo,"90.59 -- Microscopic examination of blood, Other microscopic examination"
18099,9132,66ed7152fa92cdad6e0a6843,vertigo,vertigo,H81.3 -- Other peripheral vertigo,"87.44--Routine chest x-ray, so described"
18039,9055,66eb835ae0b8f821c6093dd2,cervicogenic vertigo,vertigo,"M53.09 -- Cervicocranial syndrome, site unspecified",---Belum di Isi
11829,660,65b461447cee3a12f9024231,vertigo central,vertigo,H81.4--Vertigo of central origin,"90.59 -- Microscopic examination of blood, Other microscopic examination"
11535,170,659f4c87d66352a40703a914,Viral infection,viral Infection,"B34.9 -- Viral infection, unspecified","90.59--Microscopic examination of blood, Other microscopic examination"
21167,13099,677e17100923e6139d0a9bb5,viral infection,viral Infection,B99--Other and unspecified infectious diseases,"90.59--Microscopic examination of blood, Other microscopic examination"
12467,1628,65dbfff57d1f45e07c0da3e1,viral infection,viral Infection,"A49.9 -- Bacterial infection, unspecified","90.59 -- Microscopic examination of blood, Other microscopic examination"
11451,12,6594e759c902567dc904d987,Viral infection,viral Infection,"B34.9--Viral infection, unspecified","90.59--Microscopic examination of blood, Other microscopic examination"
14960,4979,664df336c53a1db07e076052,Viral infection,viral Infection,A09.9--Gastroenteritis and colitis of unspecified origin,"90.59--Microscopic examination of blood, Other microscopic examination"
17202,7950,66bd8546fe9be30f6e0997c3,Viral infeksi,viral Infection,"A08.4--Viral intestinal infection, unspecified","90.59--Microscopic examination of blood, Other microscopic examination"
17985,8984,66e93b56400e79911e0e590d,Viral infeksi,viral Infection,"A08.4 -- Viral intestinal infection, unspecified","90.59--Microscopic examination of blood, Other microscopic examination"
11715,488,65adf13641e8720bc707703a,vomitus frequent,vomit,R11--Nausea and vomiting,"90.59--Microscopic examination of blood, Other microscopic examination"
17481,8304,66cda952a358a3c80e05dcb3,Obs Vomitus,vomit,R11 -- Nausea and vomiting,"90.59 -- Microscopic examination of blood, Other microscopic examination"
18870,10116,6711ca6170ead480380497b5,vulnus amputatum digiti III manus (S),vulnus,S68.1 -- Traumatic amputation of other single finger (complete) (partial),"86.22 -- Excisional debridement of wound, infection, or burn"
11828,656,65b459c32169535ccd04ae18,vulnus laceratum PI OD,vulnus,S01.1--Open wound of eyelid and periocular area,"08.70--Reconstruction of eyelid, not otherwise specified"
12151,1132,65c9b6a4fcb00319d8075519,vulnus appertum reg nasal,vulnus,S01.2--Open wound of nose,"86.22--Excisional debridement of wound, infection, or burn"
18234,9295,66f37097e369addff709498a,vulnus laseratum a.r plantar pedis sin,vulnus,S91.3 -- Open wound of other parts of foot,---Belum di Isi
18112,9149,66ee4e364b552f96fb0813c0,vulnus laceratum ar/ auricula sinistra,vulnus,S01.3 -- Open wound of ear,---Belum di Isi
14614,4507,6641849986e07e69be0bd782,vulnus laceratum a/r labii superior   + vestibulum,vulnus,S01.5 -- Open wound of lip and oral cavity,27.51 -- Suture of laceration of lip
11532,162,659e206d88e3f5c41f02c8b4,vulnus appertum a/r pedis,vulnus,S81.8--Open wound of other parts of lower leg,"86.22 -- Excisional debridement of wound, infection, or burn"
12676,1939,65e54912ffed70a1a50d3530,multiple vulnus appertum,vulnus,S71.1--Open wound of thigh,"86.22--Excisional debridement of wound, infection, or burn"
12865,2173,65f10099d06dad08dd0b3c39,Vulnus sklopetorum a/r kepala,vulnus,T00.8--Superficial injuries involving other combinations of body regions,86.05--Incision with removal of foreign body from skin and subcutaneous tissue
14188,3935,662c6de72b1570e11c00cc50,vulnus laseratum coli,vulnus,"S11.9--Open wound of neck, part unspecified","90.59--Microscopic examination of blood, Other microscopic examination"
18276,9352,66f4e763d7ff6b1501025eb7,"vulnus laceratum digiti 2, 3,",vulnus,"S61.9 -- Open wound of wrist and hand part, part unspecified",82.89--Other plastic operations on hand
15353,5498,66601399e58e173f0e02daf6,multiple vulnus appertum reg labialis,vulnus,T14.1--Open wound of unspecified body region,27.59--Other plastic repair of mouth
11814,639,65b351270ba025c794071175,vulnus appertum a/r auricula dextra,vulnus,S01.3--Open wound of ear,"86.22 -- Excisional debridement of wound, infection, or burn"
18324,9413,66f64bb80a879c027c0b4fca,vulnus appertum palpelbra inf,vulnus,S01.1 -- Open wound of eyelid and periocular area,"86.22 -- Excisional debridement of wound, infection, or burn"
20959,12837,6772172428871305ff05d02f,Vulnus amputatum digiti III manus D,vulnus,S68.1--Traumatic amputation of other single finger (complete) (partial),84.3--Revision of amputation stump
19455,10881,672ff835733271a974019872,vulnus punctum (paku) a/r hemithorax sinistra aspek lateral,vulnus,S21.1--Open wound of front wall of thorax,86.05--Incision with removal of foreign body from skin and subcutaneous tissue
14851,4832,664aad4c0959876ff00cec64,vulnus appertum digiti IV manus sn Open wound,vulnus,S61.1--Open wound of finger(s) with damage to nail,86.59--Suture of skin and subcutaneous tissue of other sites
13845,3490,66207012a2fc9147c40d8699,vulnus punctum (paku) a/r digiti II manus dextra,vulnus,"S61.9--Open wound of wrist and hand part, part unspecified",86.05--Incision with removal of foreign body from skin and subcutaneous tissue
13718,3324,6619cc0b4a739e1ae4038d05,Vulnus laceratum ar vestibulum gigi 61-63,vulnus,S01.5--Open wound of lip and oral cavity,27.51--Suture of laceration of lip
14909,4915,664d4ca82fd16fced4046772,vulnus punctum a/r plantar manus dx,vulnus,S61.8--Open wound of other parts of wrist and hand,96.59 -- Other irrigation of wound
11972,872,65bc4c8af85c2658af0e3eff,vulnus appertum pedis open wound,vulnus,S91.3--Open wound of other parts of foot,"86.22--Excisional debridement of wound, infection, or burn"
14014,3704,6625cd5661efe5a017063459,vulnus sclopetorum,vulnus,S36.9--Injury of unspecified intra-abdominal organ,
13885,3540,6620b1b96171ff70d50b313e,Vulnus laceratum OS,vulnus,S05.3--Ocular laceration without prolapse or loss of intraocular tissue,11.51 -- Suture of corneal laceration
